Sample in Buffer,Sample in Window,TRIGGER,kv_guard_bd_i/kv_lifecycle_guard_0_dbg_probe[195:0]
Radix - UNSIGNED,UNSIGNED,UNSIGNED,HEX
0,0,0,1000000000000000000000000000001002809140000010000
1,1,0,1000000000000000000000000000001002809140000010000
2,2,0,1000000000000000000000000000001002809140000010000
3,3,0,1000000000000000000000000000001002809140000010000
4,4,0,1000000000000000000000000000001002809140000010000
5,5,0,1000000000000000000000000000001002809140000010000
6,6,0,1000000000000000000000000000001002809140000010000
7,7,0,1000000000000000000000000000001002809140000010000
8,8,0,1000000000000000000000000000001002809140000010000
9,9,0,1000000000000000000000000000001002809140000010000
10,10,0,1000000000000000000000000000001002809140000010000
11,11,0,1000000000000000000000000000001002809140000010000
12,12,0,1000000000000000000000000000001002809140000010000
13,13,0,1000000000000000000000000000001002809140000010000
14,14,0,1000000000000000000000000000001002809140000010000
15,15,0,1000000000000000000000000000001002809140000010000
16,16,0,1000000000000000000000000000001002809140000010000
17,17,0,1000000000000000000000000000001002809140000010000
18,18,0,1000000000000000000000000000001002809140000010000
19,19,0,1000000000000000000000000000001002809140000010000
20,20,0,1000000000000000000000000000001002809140000010000
21,21,0,1000000000000000000000000000001002809140000010000
22,22,0,1000000000000000000000000000001002809140000010000
23,23,0,1000000000000000000000000000001002809140000010000
24,24,0,1000000000000000000000000000001002809140000010000
25,25,0,1000000000000000000000000000001002809140000010000
26,26,0,1000000000000000000000000000001002809140000010000
27,27,0,1000000000000000000000000000001002809140000010000
28,28,0,1000000000000000000000000000001002809140000010000
29,29,0,1000000000000000000000000000001002809140000010000
30,30,0,1000000000000000000000000000001002809140000010000
31,31,0,1000000000000000000000000000001002809140000010000
32,32,0,1000000000000000000000000000001002809140000010000
33,33,0,1000000000000000000000000000001002809140000010000
34,34,0,1000000000000000000000000000001002809140000010000
35,35,0,1000000000000000000000000000001002809140000010000
36,36,0,1000000000000000000000000000001002809140000010000
37,37,0,1000000000000000000000000000001002809140000010000
38,38,0,1000000000000000000000000000001002809140000010000
39,39,0,1000000000000000000000000000001002809140000010000
40,40,0,1000000000000000000000000000001002809140000010000
41,41,0,1000000000000000000000000000001002809140000010000
42,42,0,1000000000000000000000000000001002809140000010000
43,43,0,1000000000000000000000000000001002809140000010000
44,44,0,1000000000000000000000000000001002809140000010000
45,45,0,1000000000000000000000000000001002809140000010000
46,46,0,1000000000000000000000000000001002809140000010000
47,47,0,1000000000000000000000000000001002809140000010000
48,48,0,1000000000000000000000000000001002809140000010000
49,49,0,1000000000000000000000000000001002809140000010000
50,50,0,1000000000000000000000000000001002809140000010000
51,51,0,1000000000000000000000000000001002809140000010000
52,52,0,1000000000000000000000000000001002809140000010000
53,53,0,1000000000000000000000000000001002809140000010000
54,54,0,1000000000000000000000000000001002809140000010000
55,55,0,1000000000000000000000000000001002809140000010000
56,56,0,1000000000000000000000000000001002809140000010000
57,57,0,1000000000000000000000000000001002809140000010000
58,58,0,1000000000000000000000000000001002809140000010000
59,59,0,1000000000000000000000000000001002809140000010000
60,60,0,1000000000000000000000000000001002809140000010000
61,61,0,1000000000000000000000000000001002809140000010000
62,62,0,1000000000000000000000000000001002809140000010000
63,63,0,1000000000000000000000000000001002809140000010000
64,64,0,1000000000000000000000000000001002809140000010000
65,65,0,1000000000000000000000000000001002809140000010000
66,66,0,1000000000000000000000000000001002809140000010000
67,67,0,1000000000000000000000000000001002809140000010000
68,68,0,1000000000000000000000000000001002809140000010000
69,69,0,1000000000000000000000000000001002809140000010000
70,70,0,1000000000000000000000000000001002809140000010000
71,71,0,1000000000000000000000000000001002809140000010000
72,72,0,1000000000000000000000000000001002809140000010000
73,73,0,1000000000000000000000000000001002809140000010000
74,74,0,1000000000000000000000000000001002809140000010000
75,75,0,1000000000000000000000000000001002809140000010000
76,76,0,1000000000000000000000000000001002809140000010000
77,77,0,1000000000000000000000000000001002809140000010000
78,78,0,1000000000000000000000000000001002809140000010000
79,79,0,1000000000000000000000000000001002809140000010000
80,80,0,1000000000000000000000000000001002809140000010000
81,81,0,1000000000000000000000000000001002809140000010000
82,82,0,1000000000000000000000000000001002809140000010000
83,83,0,1000000000000000000000000000001002809140000010000
84,84,0,1000000000000000000000000000001002809140000010000
85,85,0,1000000000000000000000000000001002809140000010000
86,86,0,1000000000000000000000000000001002809140000010000
87,87,0,1000000000000000000000000000001002809140000010000
88,88,0,1000000000000000000000000000001002809140000010000
89,89,0,1000000000000000000000000000001002809140000010000
90,90,0,1000000000000000000000000000001002809140000010000
91,91,0,1000000000000000000000000000001002809140000010000
92,92,0,1000000000000000000000000000001002809140000010000
93,93,0,1000000000000000000000000000001002809140000010000
94,94,0,1000000000000000000000000000001002809140000010000
95,95,0,1000000000000000000000000000001002809140000010000
96,96,0,1000000000000000000000000000001002809140000010000
97,97,0,1000000000000000000000000000001002809140000010000
98,98,0,1000000000000000000000000000001002809140000010000
99,99,0,1000000000000000000000000000001002809140000010000
100,100,0,1000000000000000000000000000001002809140000010000
101,101,0,1000000000000000000000000000001002809140000010000
102,102,0,1000000000000000000000000000001002809140000010000
103,103,0,1000000000000000000000000000001002809140000010000
104,104,0,1000000000000000000000000000001002809140000010000
105,105,0,1000000000000000000000000000001002809140000010000
106,106,0,1000000000000000000000000000001002809140000010000
107,107,0,1000000000000000000000000000001002809140000010000
108,108,0,1000000000000000000000000000001002809140000010000
109,109,0,1000000000000000000000000000001002809140000010000
110,110,0,1000000000000000000000000000001002809140000010000
111,111,0,1000000000000000000000000000001002809140000010000
112,112,0,1000000000000000000000000000001002809140000010000
113,113,0,1000000000000000000000000000001002809140000010000
114,114,0,1000000000000000000000000000001002809140000010000
115,115,0,1000000000000000000000000000001002809140000010000
116,116,0,1000000000000000000000000000001002809140000010000
117,117,0,1000000000000000000000000000001002809140000010000
118,118,0,1000000000000000000000000000001002809140000010000
119,119,0,1000000000000000000000000000001002809140000010000
120,120,0,1000000000000000000000000000001002809140000010000
121,121,0,1000000000000000000000000000001002809140000010000
122,122,0,1000000000000000000000000000001002809140000010000
123,123,0,1000000000000000000000000000001002809140000010000
124,124,0,1000000000000000000000000000001002809140000010000
125,125,0,1000000000000000000000000000001002809140000010000
126,126,0,1000000000000000000000000000001002809140000010000
127,127,0,1000000000000000000000000000001002809140000010000
128,128,0,1000000000000000000000000000001002809140000010000
129,129,0,1000000000000000000000000000001002809140000010000
130,130,0,1000000000000000000000000000001002809140000010000
131,131,0,1000000000000000000000000000001002809140000010000
132,132,0,1000000000000000000000000000001002809140000010000
133,133,0,1000000000000000000000000000001002809140000010000
134,134,0,1000000000000000000000000000001002809140000010000
135,135,0,1000000000000000000000000000001002809140000010000
136,136,0,1000000000000000000000000000001002809140000010000
137,137,0,1000000000000000000000000000001002809140000010000
138,138,0,1000000000000000000000000000001002809140000010000
139,139,0,1000000000000000000000000000001002809140000010000
140,140,0,1000000000000000000000000000001002809140000010000
141,141,0,1000000000000000000000000000001002809140000010000
142,142,0,1000000000000000000000000000001002809140000010000
143,143,0,1000000000000000000000000000001002809140000010000
144,144,0,1000000000000000000000000000001002809140000010000
145,145,0,1000000000000000000000000000001002809140000010000
146,146,0,1000000000000000000000000000001002809140000010000
147,147,0,1000000000000000000000000000001002809140000010000
148,148,0,1000000000000000000000000000001002809140000010000
149,149,0,1000000000000000000000000000001002809140000010000
150,150,0,1000000000000000000000000000001002809140000010000
151,151,0,1000000000000000000000000000001002809140000010000
152,152,0,1000000000000000000000000000001002809140000010000
153,153,0,1000000000000000000000000000001002809140000010000
154,154,0,1000000000000000000000000000001002809140000010000
155,155,0,1000000000000000000000000000001002809140000010000
156,156,0,1000000000000000000000000000001002809140000010000
157,157,0,1000000000000000000000000000001002809140000010000
158,158,0,1000000000000000000000000000001002809140000010000
159,159,0,1000000000000000000000000000001002809140000010000
160,160,0,1000000000000000000000000000001002809140000010000
161,161,0,1000000000000000000000000000001002809140000010000
162,162,0,1000000000000000000000000000001002809140000010000
163,163,0,1000000000000000000000000000001002809140000010000
164,164,0,1000000000000000000000000000001002809140000010000
165,165,0,1000000000000000000000000000001002809140000010000
166,166,0,1000000000000000000000000000001002809140000010000
167,167,0,1000000000000000000000000000001002809140000010000
168,168,0,1000000000000000000000000000001002809140000010000
169,169,0,1000000000000000000000000000001002809140000010000
170,170,0,1000000000000000000000000000001002809140000010000
171,171,0,1000000000000000000000000000001002809140000010000
172,172,0,1000000000000000000000000000001002809140000010000
173,173,0,1000000000000000000000000000001002809140000010000
174,174,0,1000000000000000000000000000001002809140000010000
175,175,0,1000000000000000000000000000001002809140000010000
176,176,0,1000000000000000000000000000001002809140000010000
177,177,0,1000000000000000000000000000001002809140000010000
178,178,0,1000000000000000000000000000001002809140000010000
179,179,0,1000000000000000000000000000001002809140000010000
180,180,0,1000000000000000000000000000001002809140000010000
181,181,0,1000000000000000000000000000001002809140000010000
182,182,0,1000000000000000000000000000001002809140000010000
183,183,0,1000000000000000000000000000001002809140000010000
184,184,0,1000000000000000000000000000001002809140000010000
185,185,0,1000000000000000000000000000001002809140000010000
186,186,0,1000000000000000000000000000001002809140000010000
187,187,0,1000000000000000000000000000001002809140000010000
188,188,0,1000000000000000000000000000001002809140000010000
189,189,0,1000000000000000000000000000001002809140000010000
190,190,0,1000000000000000000000000000001002809140000010000
191,191,0,1000000000000000000000000000001002809140000010000
192,192,0,1000000000000000000000000000001002809140000010000
193,193,0,1000000000000000000000000000001002809140000010000
194,194,0,1000000000000000000000000000001002809140000010000
195,195,0,1000000000000000000000000000001002809140000010000
196,196,0,1000000000000000000000000000001002809140000010000
197,197,0,1000000000000000000000000000001002809140000010000
198,198,0,1000000000000000000000000000001002809140000010000
199,199,0,1000000000000000000000000000001002809140000010000
200,200,0,1000000000000000000000000000001002809140000010000
201,201,0,1000000000000000000000000000001002809140000010000
202,202,0,1000000000000000000000000000001002809140000010000
203,203,0,1000000000000000000000000000001002809140000010000
204,204,0,1000000000000000000000000000001002809140000010000
205,205,0,1000000000000000000000000000001002809140000010000
206,206,0,1000000000000000000000000000001002809140000010000
207,207,0,1000000000000000000000000000001002809140000010000
208,208,0,1000000000000000000000000000001002809140000010000
209,209,0,1000000000000000000000000000001002809140000010000
210,210,0,1000000000000000000000000000001002809140000010000
211,211,0,1000000000000000000000000000001002809140000010000
212,212,0,1000000000000000000000000000001002809140000010000
213,213,0,1000000000000000000000000000001002809140000010000
214,214,0,1000000000000000000000000000001002809140000010000
215,215,0,1000000000000000000000000000001002809140000010000
216,216,0,1000000000000000000000000000001002809140000010000
217,217,0,1000000000000000000000000000001002809140000010000
218,218,0,1000000000000000000000000000001002809140000010000
219,219,0,1000000000000000000000000000001002809140000010000
220,220,0,1000000000000000000000000000001002809140000010000
221,221,0,1000000000000000000000000000001002809140000010000
222,222,0,1000000000000000000000000000001002809140000010000
223,223,0,1000000000000000000000000000001002809140000010000
224,224,0,1000000000000000000000000000001002809140000010000
225,225,0,1000000000000000000000000000001002809140000010000
226,226,0,1000000000000000000000000000001002809140000010000
227,227,0,1000000000000000000000000000001002809140000010000
228,228,0,1000000000000000000000000000001002809140000010000
229,229,0,1000000000000000000000000000001002809140000010000
230,230,0,1000000000000000000000000000001002809140000010000
231,231,0,1000000000000000000000000000001002809140000010000
232,232,0,1000000000000000000000000000001002809140000010000
233,233,0,1000000000000000000000000000001002809140000010000
234,234,0,1000000000000000000000000000001002809140000010000
235,235,0,1000000000000000000000000000001002809140000010000
236,236,0,1000000000000000000000000000001002809140000010000
237,237,0,1000000000000000000000000000001002809140000010000
238,238,0,1000000000000000000000000000001002809140000010000
239,239,0,1000000000000000000000000000001002809140000010000
240,240,0,1000000000000000000000000000001002809140000010000
241,241,0,1000000000000000000000000000001002809140000010000
242,242,0,1000000000000000000000000000001002809140000010000
243,243,0,1000000000000000000000000000001002809140000010000
244,244,0,1000000000000000000000000000001002809140000010000
245,245,0,1000000000000000000000000000001002809140000010000
246,246,0,1000000000000000000000000000001002809140000010000
247,247,0,1000000000000000000000000000001002809140000010000
248,248,0,1000000000000000000000000000001002809140000010000
249,249,0,1000000000000000000000000000001002809140000010000
250,250,0,1000000000000000000000000000001002809140000010000
251,251,0,1000000000000000000000000000001002809140000010000
252,252,0,1000000000000000000000000000001002809140000010000
253,253,0,1000000000000000000000000000001002809140000010000
254,254,0,1000000000000000000000000000001002809140000010000
255,255,0,1000000000000000000000000000001002809140000010000
256,256,0,1000000000000000000000000000001002809140000010000
257,257,0,1000000000000000000000000000001002809140000010000
258,258,0,1000000000000000000000000000001002809140000010000
259,259,0,1000000000000000000000000000001002809140000010000
260,260,0,1000000000000000000000000000001002809140000010000
261,261,0,1000000000000000000000000000001002809140000010000
262,262,0,1000000000000000000000000000001002809140000010000
263,263,0,1000000000000000000000000000001002809140000010000
264,264,0,1000000000000000000000000000001002809140000010000
265,265,0,1000000000000000000000000000001002809140000010000
266,266,0,1000000000000000000000000000001002809140000010000
267,267,0,1000000000000000000000000000001002809140000010000
268,268,0,1000000000000000000000000000001002809140000010000
269,269,0,1000000000000000000000000000001002809140000010000
270,270,0,1000000000000000000000000000001002809140000010000
271,271,0,1000000000000000000000000000001002809140000010000
272,272,0,1000000000000000000000000000001002809140000010000
273,273,0,1000000000000000000000000000001002809140000010000
274,274,0,1000000000000000000000000000001002809140000010000
275,275,0,1000000000000000000000000000001002809140000010000
276,276,0,1000000000000000000000000000001002809140000010000
277,277,0,1000000000000000000000000000001002809140000010000
278,278,0,1000000000000000000000000000001002809140000010000
279,279,0,1000000000000000000000000000001002809140000010000
280,280,0,1000000000000000000000000000001002809140000010000
281,281,0,1000000000000000000000000000001002809140000010000
282,282,0,1000000000000000000000000000001002809140000010000
283,283,0,1000000000000000000000000000001002809140000010000
284,284,0,1000000000000000000000000000001002809140000010000
285,285,0,1000000000000000000000000000001002809140000010000
286,286,0,1000000000000000000000000000001002809140000010000
287,287,0,1000000000000000000000000000001002809140000010000
288,288,0,1000000000000000000000000000001002809140000010000
289,289,0,1000000000000000000000000000001002809140000010000
290,290,0,1000000000000000000000000000001002809140000010000
291,291,0,1000000000000000000000000000001002809140000010000
292,292,0,1000000000000000000000000000001002809140000010000
293,293,0,1000000000000000000000000000001002809140000010000
294,294,0,1000000000000000000000000000001002809140000010000
295,295,0,1000000000000000000000000000001002809140000010000
296,296,0,1000000000000000000000000000001002809140000010000
297,297,0,1000000000000000000000000000001002809140000010000
298,298,0,1000000000000000000000000000001002809140000010000
299,299,0,1000000000000000000000000000001002809140000010000
300,300,0,1000000000000000000000000000001002809140000010000
301,301,0,1000000000000000000000000000001002809140000010000
302,302,0,1000000000000000000000000000001002809140000010000
303,303,0,1000000000000000000000000000001002809140000010000
304,304,0,1000000000000000000000000000001002809140000010000
305,305,0,1000000000000000000000000000001002809140000010000
306,306,0,1000000000000000000000000000001002809140000010000
307,307,0,1000000000000000000000000000001002809140000010000
308,308,0,1000000000000000000000000000001002809140000010000
309,309,0,1000000000000000000000000000001002809140000010000
310,310,0,1000000000000000000000000000001002809140000010000
311,311,0,1000000000000000000000000000001002809140000010000
312,312,0,1000000000000000000000000000001002809140000010000
313,313,0,1000000000000000000000000000001002809140000010000
314,314,0,1000000000000000000000000000001002809140000010000
315,315,0,1000000000000000000000000000001002809140000010000
316,316,0,1000000000000000000000000000001002809140000010000
317,317,0,1000000000000000000000000000001002809140000010000
318,318,0,1000000000000000000000000000001002809140000010000
319,319,0,1000000000000000000000000000001002809140000010000
320,320,0,1000000000000000000000000000001002809140000010000
321,321,0,1000000000000000000000000000001002809140000010000
322,322,0,1000000000000000000000000000001002809140000010000
323,323,0,1000000000000000000000000000001002809140000010000
324,324,0,1000000000000000000000000000001002809140000010000
325,325,0,1000000000000000000000000000001002809140000010000
326,326,0,1000000000000000000000000000001002809140000010000
327,327,0,1000000000000000000000000000001002809140000010000
328,328,0,1000000000000000000000000000001002809140000010000
329,329,0,1000000000000000000000000000001002809140000010000
330,330,0,1000000000000000000000000000001002809140000010000
331,331,0,1000000000000000000000000000001002809140000010000
332,332,0,1000000000000000000000000000001002809140000010000
333,333,0,1000000000000000000000000000001002809140000010000
334,334,0,1000000000000000000000000000001002809140000010000
335,335,0,1000000000000000000000000000001002809140000010000
336,336,0,1000000000000000000000000000001002809140000010000
337,337,0,1000000000000000000000000000001002809140000010000
338,338,0,1000000000000000000000000000001002809140000010000
339,339,0,1000000000000000000000000000001002809140000010000
340,340,0,1000000000000000000000000000001002809140000010000
341,341,0,1000000000000000000000000000001002809140000010000
342,342,0,1000000000000000000000000000001002809140000010000
343,343,0,1000000000000000000000000000001002809140000010000
344,344,0,1000000000000000000000000000001002809140000010000
345,345,0,1000000000000000000000000000001002809140000010000
346,346,0,1000000000000000000000000000001002809140000010000
347,347,0,1000000000000000000000000000001002809140000010000
348,348,0,1000000000000000000000000000001002809140000010000
349,349,0,1000000000000000000000000000001002809140000010000
350,350,0,1000000000000000000000000000001002809140000010000
351,351,0,1000000000000000000000000000001002809140000010000
352,352,0,1000000000000000000000000000001002809140000010000
353,353,0,1000000000000000000000000000001002809140000010000
354,354,0,1000000000000000000000000000001002809140000010000
355,355,0,1000000000000000000000000000001002809140000010000
356,356,0,1000000000000000000000000000001002809140000010000
357,357,0,1000000000000000000000000000001002809140000010000
358,358,0,1000000000000000000000000000001002809140000010000
359,359,0,1000000000000000000000000000001002809140000010000
360,360,0,1000000000000000000000000000001002809140000010000
361,361,0,1000000000000000000000000000001002809140000010000
362,362,0,1000000000000000000000000000001002809140000010000
363,363,0,1000000000000000000000000000001002809140000010000
364,364,0,1000000000000000000000000000001002809140000010000
365,365,0,1000000000000000000000000000001002809140000010000
366,366,0,1000000000000000000000000000001002809140000010000
367,367,0,1000000000000000000000000000001002809140000010000
368,368,0,1000000000000000000000000000001002809140000010000
369,369,0,1000000000000000000000000000001002809140000010000
370,370,0,1000000000000000000000000000001002809140000010000
371,371,0,1000000000000000000000000000001002809140000010000
372,372,0,1000000000000000000000000000001002809140000010000
373,373,0,1000000000000000000000000000001002809140000010000
374,374,0,1000000000000000000000000000001002809140000010000
375,375,0,1000000000000000000000000000001002809140000010000
376,376,0,1000000000000000000000000000001002809140000010000
377,377,0,1000000000000000000000000000001002809140000010000
378,378,0,1000000000000000000000000000001002809140000010000
379,379,0,1000000000000000000000000000001002809140000010000
380,380,0,1000000000000000000000000000001002809140000010000
381,381,0,1000000000000000000000000000001002809140000010000
382,382,0,1000000000000000000000000000001002809140000010000
383,383,0,1000000000000000000000000000001002809140000010000
384,384,0,1000000000000000000000000000001002809140000010000
385,385,0,1000000000000000000000000000001002809140000010000
386,386,0,1000000000000000000000000000001002809140000010000
387,387,0,1000000000000000000000000000001002809140000010000
388,388,0,1000000000000000000000000000001002809140000010000
389,389,0,1000000000000000000000000000001002809140000010000
390,390,0,1000000000000000000000000000001002809140000010000
391,391,0,1000000000000000000000000000001002809140000010000
392,392,0,1000000000000000000000000000001002809140000010000
393,393,0,1000000000000000000000000000001002809140000010000
394,394,0,1000000000000000000000000000001002809140000010000
395,395,0,1000000000000000000000000000001002809140000010000
396,396,0,1000000000000000000000000000001002809140000010000
397,397,0,1000000000000000000000000000001002809140000010000
398,398,0,1000000000000000000000000000001002809140000010000
399,399,0,1000000000000000000000000000001002809140000010000
400,400,0,1000000000000000000000000000001002809140000010000
401,401,0,1000000000000000000000000000001002809140000010000
402,402,0,1000000000000000000000000000001002809140000010000
403,403,0,1000000000000000000000000000001002809140000010000
404,404,0,1000000000000000000000000000001002809140000010000
405,405,0,1000000000000000000000000000001002809140000010000
406,406,0,1000000000000000000000000000001002809140000010000
407,407,0,1000000000000000000000000000001002809140000010000
408,408,0,1000000000000000000000000000001002809140000010000
409,409,0,1000000000000000000000000000001002809140000010000
410,410,0,1000000000000000000000000000001002809140000010000
411,411,0,1000000000000000000000000000001002809140000010000
412,412,0,1000000000000000000000000000001002809140000010000
413,413,0,1000000000000000000000000000001002809140000010000
414,414,0,1000000000000000000000000000001002809140000010000
415,415,0,1000000000000000000000000000001002809140000010000
416,416,0,1000000000000000000000000000001002809140000010000
417,417,0,1000000000000000000000000000001002809140000010000
418,418,0,1000000000000000000000000000001002809140000010000
419,419,0,1000000000000000000000000000001002809140000010000
420,420,0,1000000000000000000000000000001002809140000010000
421,421,0,1000000000000000000000000000001002809140000010000
422,422,0,1000000000000000000000000000001002809140000010000
423,423,0,1000000000000000000000000000001002809140000010000
424,424,0,1000000000000000000000000000001002809140000010000
425,425,0,1000000000000000000000000000001002809140000010000
426,426,0,1000000000000000000000000000001002809140000010000
427,427,0,1000000000000000000000000000001002809140000010000
428,428,0,1000000000000000000000000000001002809140000010000
429,429,0,1000000000000000000000000000001002809140000010000
430,430,0,1000000000000000000000000000001002809140000010000
431,431,0,1000000000000000000000000000001002809140000010000
432,432,0,1000000000000000000000000000001002809140000010000
433,433,0,1000000000000000000000000000001002809140000010000
434,434,0,1000000000000000000000000000001002809140000010000
435,435,0,1000000000000000000000000000001002809140000010000
436,436,0,1000000000000000000000000000001002809140000010000
437,437,0,1000000000000000000000000000001002809140000010000
438,438,0,1000000000000000000000000000001002809140000010000
439,439,0,1000000000000000000000000000001002809140000010000
440,440,0,1000000000000000000000000000001002809140000010000
441,441,0,1000000000000000000000000000001002809140000010000
442,442,0,1000000000000000000000000000001002809140000010000
443,443,0,1000000000000000000000000000001002809140000010000
444,444,0,1000000000000000000000000000001002809140000010000
445,445,0,1000000000000000000000000000001002809140000010000
446,446,0,1000000000000000000000000000001002809140000010000
447,447,0,1000000000000000000000000000001002809140000010000
448,448,0,1000000000000000000000000000001002809140000010000
449,449,0,1000000000000000000000000000001002809140000010000
450,450,0,1000000000000000000000000000001002809140000010000
451,451,0,1000000000000000000000000000001002809140000010000
452,452,0,1000000000000000000000000000001002809140000010000
453,453,0,1000000000000000000000000000001002809140000010000
454,454,0,1000000000000000000000000000001002809140000010000
455,455,0,1000000000000000000000000000001002809140000010000
456,456,0,1000000000000000000000000000001002809140000010000
457,457,0,1000000000000000000000000000001002809140000010000
458,458,0,1000000000000000000000000000001002809140000010000
459,459,0,1000000000000000000000000000001002809140000010000
460,460,0,1000000000000000000000000000001002809140000010000
461,461,0,1000000000000000000000000000001002809140000010000
462,462,0,1000000000000000000000000000001002809140000010000
463,463,0,1000000000000000000000000000001002809140000010000
464,464,0,1000000000000000000000000000001002809140000010000
465,465,0,1000000000000000000000000000001002809140000010000
466,466,0,1000000000000000000000000000001002809140000010000
467,467,0,1000000000000000000000000000001002809140000010000
468,468,0,1000000000000000000000000000001002809140000010000
469,469,0,1000000000000000000000000000001002809140000010000
470,470,0,1000000000000000000000000000001002809140000010000
471,471,0,1000000000000000000000000000001002809140000010000
472,472,0,1000000000000000000000000000001002809140000010000
473,473,0,1000000000000000000000000000001002809140000010000
474,474,0,1000000000000000000000000000001002809140000010000
475,475,0,1000000000000000000000000000001002809140000010000
476,476,0,1000000000000000000000000000001002809140000010000
477,477,0,1000000000000000000000000000001002809140000010000
478,478,0,1000000000000000000000000000001002809140000010000
479,479,0,1000000000000000000000000000001002809140000010000
480,480,0,1000000000000000000000000000001002809140000010000
481,481,0,1000000000000000000000000000001002809140000010000
482,482,0,1000000000000000000000000000001002809140000010000
483,483,0,1000000000000000000000000000001002809140000010000
484,484,0,1000000000000000000000000000001002809140000010000
485,485,0,1000000000000000000000000000001002809140000010000
486,486,0,1000000000000000000000000000001002809140000010000
487,487,0,1000000000000000000000000000001002809140000010000
488,488,0,1000000000000000000000000000001002809140000010000
489,489,0,1000000000000000000000000000001002809140000010000
490,490,0,1000000000000000000000000000001002809140000010000
491,491,0,1000000000000000000000000000001002809140000010000
492,492,0,1000000000000000000000000000001002809140000010000
493,493,0,1000000000000000000000000000001002809140000010000
494,494,0,1000000000000000000000000000001002809140000010000
495,495,0,1000000000000000000000000000001002809140000010000
496,496,0,1000000000000000000000000000001002809140000010000
497,497,0,1000000000000000000000000000001002809140000010000
498,498,0,1000000000000000000000000000001002809140000010000
499,499,0,1000000000000000000000000000001002809140000010000
500,500,0,1000000000000000000000000000001002809140000010000
501,501,0,1000000000000000000000000000001002809140000010000
502,502,0,1000000000000000000000000000001002809140000010000
503,503,0,1000000000000000000000000000001002809140000010000
504,504,0,1000000000000000000000000000001002809140000010000
505,505,0,1000000000000000000000000000001002809140000010000
506,506,0,1000000000000000000000000000001002809140000010000
507,507,0,1000000000000000000000000000001002809140000010000
508,508,0,1000000000000000000000000000001002809140000010000
509,509,0,1000000000000000000000000000001002809140000010000
510,510,0,1000000000000000000000000000001002809140000010000
511,511,0,1000000000000000000000000000001002809140000010000
512,512,0,1000000000000000000000000000001002809140000010000
513,513,0,1000000000000000000000000000001002809140000010000
514,514,0,1000000000000000000000000000001002809140000010000
515,515,0,1000000000000000000000000000001002809140000010000
516,516,0,1000000000000000000000000000001002809140000010000
517,517,0,1000000000000000000000000000001002809140000010000
518,518,0,1000000000000000000000000000001002809140000010000
519,519,0,1000000000000000000000000000001002809140000010000
520,520,0,1000000000000000000000000000001002809140000010000
521,521,0,1000000000000000000000000000001002809140000010000
522,522,0,1000000000000000000000000000001002809140000010000
523,523,0,1000000000000000000000000000001002809140000010000
524,524,0,1000000000000000000000000000001002809140000010000
525,525,0,1000000000000000000000000000001002809140000010000
526,526,0,1000000000000000000000000000001002809140000010000
527,527,0,1000000000000000000000000000001002809140000010000
528,528,0,1000000000000000000000000000001002809140000010000
529,529,0,1000000000000000000000000000001002809140000010000
530,530,0,1000000000000000000000000000001002809140000010000
531,531,0,1000000000000000000000000000001002809140000010000
532,532,0,1000000000000000000000000000001002809140000010000
533,533,0,1000000000000000000000000000001002809140000010000
534,534,0,1000000000000000000000000000001002809140000010000
535,535,0,1000000000000000000000000000001002809140000010000
536,536,0,1000000000000000000000000000001002809140000010000
537,537,0,1000000000000000000000000000001002809140000010000
538,538,0,1000000000000000000000000000001002809140000010000
539,539,0,1000000000000000000000000000001002809140000010000
540,540,0,1000000000000000000000000000001002809140000010000
541,541,0,1000000000000000000000000000001002809140000010000
542,542,0,1000000000000000000000000000001002809140000010000
543,543,0,1000000000000000000000000000001002809140000010000
544,544,0,1000000000000000000000000000001002809140000010000
545,545,0,1000000000000000000000000000001002809140000010000
546,546,0,1000000000000000000000000000001002809140000010000
547,547,0,1000000000000000000000000000001002809140000010000
548,548,0,1000000000000000000000000000001002809140000010000
549,549,0,1000000000000000000000000000001002809140000010000
550,550,0,1000000000000000000000000000001002809140000010000
551,551,0,1000000000000000000000000000001002809140000010000
552,552,0,1000000000000000000000000000001002809140000010000
553,553,0,1000000000000000000000000000001002809140000010000
554,554,0,1000000000000000000000000000001002809140000010000
555,555,0,1000000000000000000000000000001002809140000010000
556,556,0,1000000000000000000000000000001002809140000010000
557,557,0,1000000000000000000000000000001002809140000010000
558,558,0,1000000000000000000000000000001002809140000010000
559,559,0,1000000000000000000000000000001002809140000010000
560,560,0,1000000000000000000000000000001002809140000010000
561,561,0,1000000000000000000000000000001002809140000010000
562,562,0,1000000000000000000000000000001002809140000010000
563,563,0,1000000000000000000000000000001002809140000010000
564,564,0,1000000000000000000000000000001002809140000010000
565,565,0,1000000000000000000000000000001002809140000010000
566,566,0,1000000000000000000000000000001002809140000010000
567,567,0,1000000000000000000000000000001002809140000010000
568,568,0,1000000000000000000000000000001002809140000010000
569,569,0,1000000000000000000000000000001002809140000010000
570,570,0,1000000000000000000000000000001002809140000010000
571,571,0,1000000000000000000000000000001002809140000010000
572,572,0,1000000000000000000000000000001002809140000010000
573,573,0,1000000000000000000000000000001002809140000010000
574,574,0,1000000000000000000000000000001002809140000010000
575,575,0,1000000000000000000000000000001002809140000010000
576,576,0,1000000000000000000000000000001002809140000010000
577,577,0,1000000000000000000000000000001002809140000010000
578,578,0,1000000000000000000000000000001002809140000010000
579,579,0,1000000000000000000000000000001002809140000010000
580,580,0,1000000000000000000000000000001002809140000010000
581,581,0,1000000000000000000000000000001002809140000010000
582,582,0,1000000000000000000000000000001002809140000010000
583,583,0,1000000000000000000000000000001002809140000010000
584,584,0,1000000000000000000000000000001002809140000010000
585,585,0,1000000000000000000000000000001002809140000010000
586,586,0,1000000000000000000000000000001002809140000010000
587,587,0,1000000000000000000000000000001002809140000010000
588,588,0,1000000000000000000000000000001002809140000010000
589,589,0,1000000000000000000000000000001002809140000010000
590,590,0,1000000000000000000000000000001002809140000010000
591,591,0,1000000000000000000000000000001002809140000010000
592,592,0,1000000000000000000000000000001002809140000010000
593,593,0,1000000000000000000000000000001002809140000010000
594,594,0,1000000000000000000000000000001002809140000010000
595,595,0,1000000000000000000000000000001002809140000010000
596,596,0,1000000000000000000000000000001002809140000010000
597,597,0,1000000000000000000000000000001002809140000010000
598,598,0,1000000000000000000000000000001002809140000010000
599,599,0,1000000000000000000000000000001002809140000010000
600,600,0,1000000000000000000000000000001002809140000010000
601,601,0,1000000000000000000000000000001002809140000010000
602,602,0,1000000000000000000000000000001002809140000010000
603,603,0,1000000000000000000000000000001002809140000010000
604,604,0,1000000000000000000000000000001002809140000010000
605,605,0,1000000000000000000000000000001002809140000010000
606,606,0,1000000000000000000000000000001002809140000010000
607,607,0,1000000000000000000000000000001002809140000010000
608,608,0,1000000000000000000000000000001002809140000010000
609,609,0,1000000000000000000000000000001002809140000010000
610,610,0,1000000000000000000000000000001002809140000010000
611,611,0,1000000000000000000000000000001002809140000010000
612,612,0,1000000000000000000000000000001002809140000010000
613,613,0,1000000000000000000000000000001002809140000010000
614,614,0,1000000000000000000000000000001002809140000010000
615,615,0,1000000000000000000000000000001002809140000010000
616,616,0,1000000000000000000000000000001002809140000010000
617,617,0,1000000000000000000000000000001002809140000010000
618,618,0,1000000000000000000000000000001002809140000010000
619,619,0,1000000000000000000000000000001002809140000010000
620,620,0,1000000000000000000000000000001002809140000010000
621,621,0,1000000000000000000000000000001002809140000010000
622,622,0,1000000000000000000000000000001002809140000010000
623,623,0,1000000000000000000000000000001002809140000010000
624,624,0,1000000000000000000000000000001002809140000010000
625,625,0,1000000000000000000000000000001002809140000010000
626,626,0,1000000000000000000000000000001002809140000010000
627,627,0,1000000000000000000000000000001002809140000010000
628,628,0,1000000000000000000000000000001002809140000010000
629,629,0,1000000000000000000000000000001002809140000010000
630,630,0,1000000000000000000000000000001002809140000010000
631,631,0,1000000000000000000000000000001002809140000010000
632,632,0,1000000000000000000000000000001002809140000010000
633,633,0,1000000000000000000000000000001002809140000010000
634,634,0,1000000000000000000000000000001002809140000010000
635,635,0,1000000000000000000000000000001002809140000010000
636,636,0,1000000000000000000000000000001002809140000010000
637,637,0,1000000000000000000000000000001002809140000010000
638,638,0,1000000000000000000000000000001002809140000010000
639,639,0,1000000000000000000000000000001002809140000010000
640,640,0,1000000000000000000000000000001002809140000010000
641,641,0,1000000000000000000000000000001002809140000010000
642,642,0,1000000000000000000000000000001002809140000010000
643,643,0,1000000000000000000000000000001002809140000010000
644,644,0,1000000000000000000000000000001002809140000010000
645,645,0,1000000000000000000000000000001002809140000010000
646,646,0,1000000000000000000000000000001002809140000010000
647,647,0,1000000000000000000000000000001002809140000010000
648,648,0,1000000000000000000000000000001002809140000010000
649,649,0,1000000000000000000000000000001002809140000010000
650,650,0,1000000000000000000000000000001002809140000010000
651,651,0,1000000000000000000000000000001002809140000010000
652,652,0,1000000000000000000000000000001002809140000010000
653,653,0,1000000000000000000000000000001002809140000010000
654,654,0,1000000000000000000000000000001002809140000010000
655,655,0,1000000000000000000000000000001002809140000010000
656,656,0,1000000000000000000000000000001002809140000010000
657,657,0,1000000000000000000000000000001002809140000010000
658,658,0,1000000000000000000000000000001002809140000010000
659,659,0,1000000000000000000000000000001002809140000010000
660,660,0,1000000000000000000000000000001002809140000010000
661,661,0,1000000000000000000000000000001002809140000010000
662,662,0,1000000000000000000000000000001002809140000010000
663,663,0,1000000000000000000000000000001002809140000010000
664,664,0,1000000000000000000000000000001002809140000010000
665,665,0,1000000000000000000000000000001002809140000010000
666,666,0,1000000000000000000000000000001002809140000010000
667,667,0,1000000000000000000000000000001002809140000010000
668,668,0,1000000000000000000000000000001002809140000010000
669,669,0,1000000000000000000000000000001002809140000010000
670,670,0,1000000000000000000000000000001002809140000010000
671,671,0,1000000000000000000000000000001002809140000010000
672,672,0,1000000000000000000000000000001002809140000010000
673,673,0,1000000000000000000000000000001002809140000010000
674,674,0,1000000000000000000000000000001002809140000010000
675,675,0,1000000000000000000000000000001002809140000010000
676,676,0,1000000000000000000000000000001002809140000010000
677,677,0,1000000000000000000000000000001002809140000010000
678,678,0,1000000000000000000000000000001002809140000010000
679,679,0,1000000000000000000000000000001002809140000010000
680,680,0,1000000000000000000000000000001002809140000010000
681,681,0,1000000000000000000000000000001002809140000010000
682,682,0,1000000000000000000000000000001002809140000010000
683,683,0,1000000000000000000000000000001002809140000010000
684,684,0,1000000000000000000000000000001002809140000010000
685,685,0,1000000000000000000000000000001002809140000010000
686,686,0,1000000000000000000000000000001002809140000010000
687,687,0,1000000000000000000000000000001002809140000010000
688,688,0,1000000000000000000000000000001002809140000010000
689,689,0,1000000000000000000000000000001002809140000010000
690,690,0,1000000000000000000000000000001002809140000010000
691,691,0,1000000000000000000000000000001002809140000010000
692,692,0,1000000000000000000000000000001002809140000010000
693,693,0,1000000000000000000000000000001002809140000010000
694,694,0,1000000000000000000000000000001002809140000010000
695,695,0,1000000000000000000000000000001002809140000010000
696,696,0,1000000000000000000000000000001002809140000010000
697,697,0,1000000000000000000000000000001002809140000010000
698,698,0,1000000000000000000000000000001002809140000010000
699,699,0,1000000000000000000000000000001002809140000010000
700,700,0,1000000000000000000000000000001002809140000010000
701,701,0,1000000000000000000000000000001002809140000010000
702,702,0,1000000000000000000000000000001002809140000010000
703,703,0,1000000000000000000000000000001002809140000010000
704,704,0,1000000000000000000000000000001002809140000010000
705,705,0,1000000000000000000000000000001002809140000010000
706,706,0,1000000000000000000000000000001002809140000010000
707,707,0,1000000000000000000000000000001002809140000010000
708,708,0,1000000000000000000000000000001002809140000010000
709,709,0,1000000000000000000000000000001002809140000010000
710,710,0,1000000000000000000000000000001002809140000010000
711,711,0,1000000000000000000000000000001002809140000010000
712,712,0,1000000000000000000000000000001002809140000010000
713,713,0,1000000000000000000000000000001002809140000010000
714,714,0,1000000000000000000000000000001002809140000010000
715,715,0,1000000000000000000000000000001002809140000010000
716,716,0,1000000000000000000000000000001002809140000010000
717,717,0,1000000000000000000000000000001002809140000010000
718,718,0,1000000000000000000000000000001002809140000010000
719,719,0,1000000000000000000000000000001002809140000010000
720,720,0,1000000000000000000000000000001002809140000010000
721,721,0,1000000000000000000000000000001002809140000010000
722,722,0,1000000000000000000000000000001002809140000010000
723,723,0,1000000000000000000000000000001002809140000010000
724,724,0,1000000000000000000000000000001002809140000010000
725,725,0,1000000000000000000000000000001002809140000010000
726,726,0,1000000000000000000000000000001002809140000010000
727,727,0,1000000000000000000000000000001002809140000010000
728,728,0,1000000000000000000000000000001002809140000010000
729,729,0,1000000000000000000000000000001002809140000010000
730,730,0,1000000000000000000000000000001002809140000010000
731,731,0,1000000000000000000000000000001002809140000010000
732,732,0,1000000000000000000000000000001002809140000010000
733,733,0,1000000000000000000000000000001002809140000010000
734,734,0,1000000000000000000000000000001002809140000010000
735,735,0,1000000000000000000000000000001002809140000010000
736,736,0,1000000000000000000000000000001002809140000010000
737,737,0,1000000000000000000000000000001002809140000010000
738,738,0,1000000000000000000000000000001002809140000010000
739,739,0,1000000000000000000000000000001002809140000010000
740,740,0,1000000000000000000000000000001002809140000010000
741,741,0,1000000000000000000000000000001002809140000010000
742,742,0,1000000000000000000000000000001002809140000010000
743,743,0,1000000000000000000000000000001002809140000010000
744,744,0,1000000000000000000000000000001002809140000010000
745,745,0,1000000000000000000000000000001002809140000010000
746,746,0,1000000000000000000000000000001002809140000010000
747,747,0,1000000000000000000000000000001002809140000010000
748,748,0,1000000000000000000000000000001002809140000010000
749,749,0,1000000000000000000000000000001002809140000010000
750,750,0,1000000000000000000000000000001002809140000010000
751,751,0,1000000000000000000000000000001002809140000010000
752,752,0,1000000000000000000000000000001002809140000010000
753,753,0,1000000000000000000000000000001002809140000010000
754,754,0,1000000000000000000000000000001002809140000010000
755,755,0,1000000000000000000000000000001002809140000010000
756,756,0,1000000000000000000000000000001002809140000010000
757,757,0,1000000000000000000000000000001002809140000010000
758,758,0,1000000000000000000000000000001002809140000010000
759,759,0,1000000000000000000000000000001002809140000010000
760,760,0,1000000000000000000000000000001002809140000010000
761,761,0,1000000000000000000000000000001002809140000010000
762,762,0,1000000000000000000000000000001002809140000010000
763,763,0,1000000000000000000000000000001002809140000010000
764,764,0,1000000000000000000000000000001002809140000010000
765,765,0,1000000000000000000000000000001002809140000010000
766,766,0,1000000000000000000000000000001002809140000010000
767,767,0,1000000000000000000000000000001002809140000010000
768,768,0,1000000000000000000000000000001002809140000010000
769,769,0,1000000000000000000000000000001002809140000010000
770,770,0,1000000000000000000000000000001002809140000010000
771,771,0,1000000000000000000000000000001002809140000010000
772,772,0,1000000000000000000000000000001002809140000010000
773,773,0,1000000000000000000000000000001002809140000010000
774,774,0,1000000000000000000000000000001002809140000010000
775,775,0,1000000000000000000000000000001002809140000010000
776,776,0,1000000000000000000000000000001002809140000010000
777,777,0,1000000000000000000000000000001002809140000010000
778,778,0,1000000000000000000000000000001002809140000010000
779,779,0,1000000000000000000000000000001002809140000010000
780,780,0,1000000000000000000000000000001002809140000010000
781,781,0,1000000000000000000000000000001002809140000010000
782,782,0,1000000000000000000000000000001002809140000010000
783,783,0,1000000000000000000000000000001002809140000010000
784,784,0,1000000000000000000000000000001002809140000010000
785,785,0,1000000000000000000000000000001002809140000010000
786,786,0,1000000000000000000000000000001002809140000010000
787,787,0,1000000000000000000000000000001002809140000010000
788,788,0,1000000000000000000000000000001002809140000010000
789,789,0,1000000000000000000000000000001002809140000010000
790,790,0,1000000000000000000000000000001002809140000010000
791,791,0,1000000000000000000000000000001002809140000010000
792,792,0,1000000000000000000000000000001002809140000010000
793,793,0,1000000000000000000000000000001002809140000010000
794,794,0,1000000000000000000000000000001002809140000010000
795,795,0,1000000000000000000000000000001002809140000010000
796,796,0,1000000000000000000000000000001002809140000010000
797,797,0,1000000000000000000000000000001002809140000010000
798,798,0,1000000000000000000000000000001002809140000010000
799,799,0,1000000000000000000000000000001002809140000010000
800,800,0,1000000000000000000000000000001002809140000010000
801,801,0,1000000000000000000000000000001002809140000010000
802,802,0,1000000000000000000000000000001002809140000010000
803,803,0,1000000000000000000000000000001002809140000010000
804,804,0,1000000000000000000000000000001002809140000010000
805,805,0,1000000000000000000000000000001002809140000010000
806,806,0,1000000000000000000000000000001002809140000010000
807,807,0,1000000000000000000000000000001002809140000010000
808,808,0,1000000000000000000000000000001002809140000010000
809,809,0,1000000000000000000000000000001002809140000010000
810,810,0,1000000000000000000000000000001002809140000010000
811,811,0,1000000000000000000000000000001002809140000010000
812,812,0,1000000000000000000000000000001002809140000010000
813,813,0,1000000000000000000000000000001002809140000010000
814,814,0,1000000000000000000000000000001002809140000010000
815,815,0,1000000000000000000000000000001002809140000010000
816,816,0,1000000000000000000000000000001002809140000010000
817,817,0,1000000000000000000000000000001002809140000010000
818,818,0,1000000000000000000000000000001002809140000010000
819,819,0,1000000000000000000000000000001002809140000010000
820,820,0,1000000000000000000000000000001002809140000010000
821,821,0,1000000000000000000000000000001002809140000010000
822,822,0,1000000000000000000000000000001002809140000010000
823,823,0,1000000000000000000000000000001002809140000010000
824,824,0,1000000000000000000000000000001002809140000010000
825,825,0,1000000000000000000000000000001002809140000010000
826,826,0,1000000000000000000000000000001002809140000010000
827,827,0,1000000000000000000000000000001002809140000010000
828,828,0,1000000000000000000000000000001002809140000010000
829,829,0,1000000000000000000000000000001002809140000010000
830,830,0,1000000000000000000000000000001002809140000010000
831,831,0,1000000000000000000000000000001002809140000010000
832,832,0,1000000000000000000000000000001002809140000010000
833,833,0,1000000000000000000000000000001002809140000010000
834,834,0,1000000000000000000000000000001002809140000010000
835,835,0,1000000000000000000000000000001002809140000010000
836,836,0,1000000000000000000000000000001002809140000010000
837,837,0,1000000000000000000000000000001002809140000010000
838,838,0,1000000000000000000000000000001002809140000010000
839,839,0,1000000000000000000000000000001002809140000010000
840,840,0,1000000000000000000000000000001002809140000010000
841,841,0,1000000000000000000000000000001002809140000010000
842,842,0,1000000000000000000000000000001002809140000010000
843,843,0,1000000000000000000000000000001002809140000010000
844,844,0,1000000000000000000000000000001002809140000010000
845,845,0,1000000000000000000000000000001002809140000010000
846,846,0,1000000000000000000000000000001002809140000010000
847,847,0,1000000000000000000000000000001002809140000010000
848,848,0,1000000000000000000000000000001002809140000010000
849,849,0,1000000000000000000000000000001002809140000010000
850,850,0,1000000000000000000000000000001002809140000010000
851,851,0,1000000000000000000000000000001002809140000010000
852,852,0,1000000000000000000000000000001002809140000010000
853,853,0,1000000000000000000000000000001002809140000010000
854,854,0,1000000000000000000000000000001002809140000010000
855,855,0,1000000000000000000000000000001002809140000010000
856,856,0,1000000000000000000000000000001002809140000010000
857,857,0,1000000000000000000000000000001002809140000010000
858,858,0,1000000000000000000000000000001002809140000010000
859,859,0,1000000000000000000000000000001002809140000010000
860,860,0,1000000000000000000000000000001002809140000010000
861,861,0,1000000000000000000000000000001002809140000010000
862,862,0,1000000000000000000000000000001002809140000010000
863,863,0,1000000000000000000000000000001002809140000010000
864,864,0,1000000000000000000000000000001002809140000010000
865,865,0,1000000000000000000000000000001002809140000010000
866,866,0,1000000000000000000000000000001002809140000010000
867,867,0,1000000000000000000000000000001002809140000010000
868,868,0,1000000000000000000000000000001002809140000010000
869,869,0,1000000000000000000000000000001002809140000010000
870,870,0,1000000000000000000000000000001002809140000010000
871,871,0,1000000000000000000000000000001002809140000010000
872,872,0,1000000000000000000000000000001002809140000010000
873,873,0,1000000000000000000000000000001002809140000010000
874,874,0,1000000000000000000000000000001002809140000010000
875,875,0,1000000000000000000000000000001002809140000010000
876,876,0,1000000000000000000000000000001002809140000010000
877,877,0,1000000000000000000000000000001002809140000010000
878,878,0,1000000000000000000000000000001002809140000010000
879,879,0,1000000000000000000000000000001002809140000010000
880,880,0,1000000000000000000000000000001002809140000010000
881,881,0,1000000000000000000000000000001002809140000010000
882,882,0,1000000000000000000000000000001002809140000010000
883,883,0,1000000000000000000000000000001002809140000010000
884,884,0,1000000000000000000000000000001002809140000010000
885,885,0,1000000000000000000000000000001002809140000010000
886,886,0,1000000000000000000000000000001002809140000010000
887,887,0,1000000000000000000000000000001002809140000010000
888,888,0,1000000000000000000000000000001002809140000010000
889,889,0,1000000000000000000000000000001002809140000010000
890,890,0,1000000000000000000000000000001002809140000010000
891,891,0,1000000000000000000000000000001002809140000010000
892,892,0,1000000000000000000000000000001002809140000010000
893,893,0,1000000000000000000000000000001002809140000010000
894,894,0,1000000000000000000000000000001002809140000010000
895,895,0,1000000000000000000000000000001002809140000010000
896,896,0,1000000000000000000000000000001002809140000010000
897,897,0,1000000000000000000000000000001002809140000010000
898,898,0,1000000000000000000000000000001002809140000010000
899,899,0,1000000000000000000000000000001002809140000010000
900,900,0,1000000000000000000000000000001002809140000010000
901,901,0,1000000000000000000000000000001002809140000010000
902,902,0,1000000000000000000000000000001002809140000010000
903,903,0,1000000000000000000000000000001002809140000010000
904,904,0,1000000000000000000000000000001002809140000010000
905,905,0,1000000000000000000000000000001002809140000010000
906,906,0,1000000000000000000000000000001002809140000010000
907,907,0,1000000000000000000000000000001002809140000010000
908,908,0,1000000000000000000000000000001002809140000010000
909,909,0,1000000000000000000000000000001002809140000010000
910,910,0,1000000000000000000000000000001002809140000010000
911,911,0,1000000000000000000000000000001002809140000010000
912,912,0,1000000000000000000000000000001002809140000010000
913,913,0,1000000000000000000000000000001002809140000010000
914,914,0,1000000000000000000000000000001002809140000010000
915,915,0,1000000000000000000000000000001002809140000010000
916,916,0,1000000000000000000000000000001002809140000010000
917,917,0,1000000000000000000000000000001002809140000010000
918,918,0,1000000000000000000000000000001002809140000010000
919,919,0,1000000000000000000000000000001002809140000010000
920,920,0,1000000000000000000000000000001002809140000010000
921,921,0,1000000000000000000000000000001002809140000010000
922,922,0,1000000000000000000000000000001002809140000010000
923,923,0,1000000000000000000000000000001002809140000010000
924,924,0,1000000000000000000000000000001002809140000010000
925,925,0,1000000000000000000000000000001002809140000010000
926,926,0,1000000000000000000000000000001002809140000010000
927,927,0,1000000000000000000000000000001002809140000010000
928,928,0,1000000000000000000000000000001002809140000010000
929,929,0,1000000000000000000000000000001002809140000010000
930,930,0,1000000000000000000000000000001002809140000010000
931,931,0,1000000000000000000000000000001002809140000010000
932,932,0,1000000000000000000000000000001002809140000010000
933,933,0,1000000000000000000000000000001002809140000010000
934,934,0,1000000000000000000000000000001002809140000010000
935,935,0,1000000000000000000000000000001002809140000010000
936,936,0,1000000000000000000000000000001002809140000010000
937,937,0,1000000000000000000000000000001002809140000010000
938,938,0,1000000000000000000000000000001002809140000010000
939,939,0,1000000000000000000000000000001002809140000010000
940,940,0,1000000000000000000000000000001002809140000010000
941,941,0,1000000000000000000000000000001002809140000010000
942,942,0,1000000000000000000000000000001002809140000010000
943,943,0,1000000000000000000000000000001002809140000010000
944,944,0,1000000000000000000000000000001002809140000010000
945,945,0,1000000000000000000000000000001002809140000010000
946,946,0,1000000000000000000000000000001002809140000010000
947,947,0,1000000000000000000000000000001002809140000010000
948,948,0,1000000000000000000000000000001002809140000010000
949,949,0,1000000000000000000000000000001002809140000010000
950,950,0,1000000000000000000000000000001002809140000010000
951,951,0,1000000000000000000000000000001002809140000010000
952,952,0,1000000000000000000000000000001002809140000010000
953,953,0,1000000000000000000000000000001002809140000010000
954,954,0,1000000000000000000000000000001002809140000010000
955,955,0,1000000000000000000000000000001002809140000010000
956,956,0,1000000000000000000000000000001002809140000010000
957,957,0,1000000000000000000000000000001002809140000010000
958,958,0,1000000000000000000000000000001002809140000010000
959,959,0,1000000000000000000000000000001002809140000010000
960,960,0,1000000000000000000000000000001002809140000010000
961,961,0,1000000000000000000000000000001002809140000010000
962,962,0,1000000000000000000000000000001002809140000010000
963,963,0,1000000000000000000000000000001002809140000010000
964,964,0,1000000000000000000000000000001002809140000010000
965,965,0,1000000000000000000000000000001002809140000010000
966,966,0,1000000000000000000000000000001002809140000010000
967,967,0,1000000000000000000000000000001002809140000010000
968,968,0,1000000000000000000000000000001002809140000010000
969,969,0,1000000000000000000000000000001002809140000010000
970,970,0,1000000000000000000000000000001002809140000010000
971,971,0,1000000000000000000000000000001002809140000010000
972,972,0,1000000000000000000000000000001002809140000010000
973,973,0,1000000000000000000000000000001002809140000010000
974,974,0,1000000000000000000000000000001002809140000010000
975,975,0,1000000000000000000000000000001002809140000010000
976,976,0,1000000000000000000000000000001002809140000010000
977,977,0,1000000000000000000000000000001002809140000010000
978,978,0,1000000000000000000000000000001002809140000010000
979,979,0,1000000000000000000000000000001002809140000010000
980,980,0,1000000000000000000000000000001002809140000010000
981,981,0,1000000000000000000000000000001002809140000010000
982,982,0,1000000000000000000000000000001002809140000010000
983,983,0,1000000000000000000000000000001002809140000010000
984,984,0,1000000000000000000000000000001002809140000010000
985,985,0,1000000000000000000000000000001002809140000010000
986,986,0,1000000000000000000000000000001002809140000010000
987,987,0,1000000000000000000000000000001002809140000010000
988,988,0,1000000000000000000000000000001002809140000010000
989,989,0,1000000000000000000000000000001002809140000010000
990,990,0,1000000000000000000000000000001002809140000010000
991,991,0,1000000000000000000000000000001002809140000010000
992,992,0,1000000000000000000000000000001002809140000010000
993,993,0,1000000000000000000000000000001002809140000010000
994,994,0,1000000000000000000000000000001002809140000010000
995,995,0,1000000000000000000000000000001002809140000010000
996,996,0,1000000000000000000000000000001002809140000010000
997,997,0,1000000000000000000000000000001002809140000010000
998,998,0,1000000000000000000000000000001002809140000010000
999,999,0,1000000000000000000000000000001002809140000010000
1000,1000,0,1000000000000000000000000000001002809140000010000
1001,1001,0,1000000000000000000000000000001002809140000010000
1002,1002,0,1000000000000000000000000000001002809140000010000
1003,1003,0,1000000000000000000000000000001002809140000010000
1004,1004,0,1000000000000000000000000000001002809140000010000
1005,1005,0,1000000000000000000000000000001002809140000010000
1006,1006,0,1000000000000000000000000000001002809140000010000
1007,1007,0,1000000000000000000000000000001002809140000010000
1008,1008,0,1000000000000000000000000000001002809140000010000
1009,1009,0,1000000000000000000000000000001002809140000010000
1010,1010,0,1000000000000000000000000000001002809140000010000
1011,1011,0,1000000000000000000000000000001002809140000010000
1012,1012,0,1000000000000000000000000000001002809140000010000
1013,1013,0,1000000000000000000000000000001002809140000010000
1014,1014,0,1000000000000000000000000000001002809140000010000
1015,1015,0,1000000000000000000000000000001002809140000010000
1016,1016,0,1000000000000000000000000000001002809140000010000
1017,1017,0,1000000000000000000000000000001002809140000010000
1018,1018,0,1000000000000000000000000000001002809140000010000
1019,1019,0,1000000000000000000000000000001002809140000010000
1020,1020,0,1000000000000000000000000000001002809140000010000
1021,1021,0,1000000000000000000000000000001002809140000010000
1022,1022,0,1000000000000000000000000000001002809140000010000
1023,1023,0,1000000000000000000000000000001002809140000010000
1024,1024,1,1000000000000000000000000000001002809140000010000
1025,1025,0,1000000000000000000000000000001002809140000010000
1026,1026,0,1000000000000000000000000000001002809140000010000
1027,1027,0,1000000000000000000000000000001002809140000010000
1028,1028,0,1000000000000000000000000000001002809140000010000
1029,1029,0,1000000000000000000000000000001002809140000010000
1030,1030,0,1000000000000000000000000000001002809140000010000
1031,1031,0,1000000000000000000000000000001002809140000010000
1032,1032,0,1000000000000000000000000000001002809140000010000
1033,1033,0,1000000000000000000000000000001002809140000010000
1034,1034,0,1000000000000000000000000000001002809140000010000
1035,1035,0,1000000000000000000000000000001002809140000010000
1036,1036,0,1000000000000000000000000000001002809140000010000
1037,1037,0,1000000000000000000000000000001002809140000010000
1038,1038,0,1000000000000000000000000000001002809140000010000
1039,1039,0,1000000000000000000000000000001002809140000010000
1040,1040,0,1000000000000000000000000000001002809140000010000
1041,1041,0,1000000000000000000000000000001002809140000010000
1042,1042,0,1000000000000000000000000000001002809140000010000
1043,1043,0,1000000000000000000000000000001002809140000010000
1044,1044,0,1000000000000000000000000000001002809140000010000
1045,1045,0,1000000000000000000000000000001002809140000010000
1046,1046,0,1000000000000000000000000000001002809140000010000
1047,1047,0,1000000000000000000000000000001002809140000010000
1048,1048,0,1000000000000000000000000000001002809140000010000
1049,1049,0,1000000000000000000000000000001002809140000010000
1050,1050,0,1000000000000000000000000000001002809140000010000
1051,1051,0,1000000000000000000000000000001002809140000010000
1052,1052,0,1000000000000000000000000000001002809140000010000
1053,1053,0,1000000000000000000000000000001002809140000010000
1054,1054,0,1000000000000000000000000000001002809140000010000
1055,1055,0,1000000000000000000000000000001002809140000010000
1056,1056,0,1000000000000000000000000000001002809140000010000
1057,1057,0,1000000000000000000000000000001002809140000010000
1058,1058,0,1000000000000000000000000000001002809140000010000
1059,1059,0,1000000000000000000000000000001002809140000010000
1060,1060,0,1000000000000000000000000000001002809140000010000
1061,1061,0,1000000000000000000000000000001002809140000010000
1062,1062,0,1000000000000000000000000000001002809140000010000
1063,1063,0,1000000000000000000000000000001002809140000010000
1064,1064,0,1000000000000000000000000000001002809140000010000
1065,1065,0,1000000000000000000000000000001002809140000010000
1066,1066,0,1000000000000000000000000000001002809140000010000
1067,1067,0,1000000000000000000000000000001002809140000010000
1068,1068,0,1000000000000000000000000000001002809140000010000
1069,1069,0,1000000000000000000000000000001002809140000010000
1070,1070,0,1000000000000000000000000000001002809140000010000
1071,1071,0,1000000000000000000000000000001002809140000010000
1072,1072,0,1000000000000000000000000000001002809140000010000
1073,1073,0,1000000000000000000000000000001002809140000010000
1074,1074,0,1000000000000000000000000000001002809140000010000
1075,1075,0,1000000000000000000000000000001002809140000010000
1076,1076,0,1000000000000000000000000000001002809140000010000
1077,1077,0,1000000000000000000000000000001002809140000010000
1078,1078,0,1000000000000000000000000000001002809140000010000
1079,1079,0,1000000000000000000000000000001002809140000010000
1080,1080,0,1000000000000000000000000000001002809140000010000
1081,1081,0,1000000000000000000000000000001002809140000010000
1082,1082,0,1000000000000000000000000000001002809140000010000
1083,1083,0,1000000000000000000000000000001002809140000010000
1084,1084,0,1000000000000000000000000000001002809140000010000
1085,1085,0,1000000000000000000000000000001002809140000010000
1086,1086,0,1000000000000000000000000000001002809140000010000
1087,1087,0,1000000000000000000000000000001002809140000010000
1088,1088,0,1000000000000000000000000000001002809140000010000
1089,1089,0,1000000000000000000000000000001002809140000010000
1090,1090,0,1000000000000000000000000000001002809140000010000
1091,1091,0,1000000000000000000000000000001002809140000010000
1092,1092,0,1000000000000000000000000000001002809140000010000
1093,1093,0,1000000000000000000000000000001002809140000010000
1094,1094,0,1000000000000000000000000000001002809140000010000
1095,1095,0,1000000000000000000000000000001002809140000010000
1096,1096,0,1000000000000000000000000000001002809140000010000
1097,1097,0,1000000000000000000000000000001002809140000010000
1098,1098,0,1000000000000000000000000000001002809140000010000
1099,1099,0,1000000000000000000000000000001002809140000010000
1100,1100,0,1000000000000000000000000000001002809140000010000
1101,1101,0,1000000000000000000000000000001002809140000010000
1102,1102,0,1000000000000000000000000000001002809140000010000
1103,1103,0,1000000000000000000000000000001002809140000010000
1104,1104,0,1000000000000000000000000000001002809140000010000
1105,1105,0,1000000000000000000000000000001002809140000010000
1106,1106,0,1000000000000000000000000000001002809140000010000
1107,1107,0,1000000000000000000000000000001002809140000010000
1108,1108,0,1000000000000000000000000000001002809140000010000
1109,1109,0,1000000000000000000000000000001002809140000010000
1110,1110,0,1000000000000000000000000000001002809140000010000
1111,1111,0,1000000000000000000000000000001002809140000010000
1112,1112,0,1000000000000000000000000000001002809140000010000
1113,1113,0,1000000000000000000000000000001002809140000010000
1114,1114,0,1000000000000000000000000000001002809140000010000
1115,1115,0,1000000000000000000000000000001002809140000010000
1116,1116,0,1000000000000000000000000000001002809140000010000
1117,1117,0,1000000000000000000000000000001002809140000010000
1118,1118,0,1000000000000000000000000000001002809140000010000
1119,1119,0,1000000000000000000000000000001002809140000010000
1120,1120,0,1000000000000000000000000000001002809140000010000
1121,1121,0,1000000000000000000000000000001002809140000010000
1122,1122,0,1000000000000000000000000000001002809140000010000
1123,1123,0,1000000000000000000000000000001002809140000010000
1124,1124,0,1000000000000000000000000000001002809140000010000
1125,1125,0,1000000000000000000000000000001002809140000010000
1126,1126,0,1000000000000000000000000000001002809140000010000
1127,1127,0,1000000000000000000000000000001002809140000010000
1128,1128,0,1000000000000000000000000000001002809140000010000
1129,1129,0,1000000000000000000000000000001002809140000010000
1130,1130,0,1000000000000000000000000000001002809140000010000
1131,1131,0,1000000000000000000000000000001002809140000010000
1132,1132,0,1000000000000000000000000000001002809140000010000
1133,1133,0,1000000000000000000000000000001002809140000010000
1134,1134,0,1000000000000000000000000000001002809140000010000
1135,1135,0,1000000000000000000000000000001002809140000010000
1136,1136,0,1000000000000000000000000000001002809140000010000
1137,1137,0,1000000000000000000000000000001002809140000010000
1138,1138,0,1000000000000000000000000000001002809140000010000
1139,1139,0,1000000000000000000000000000001002809140000010000
1140,1140,0,1000000000000000000000000000001002809140000010000
1141,1141,0,1000000000000000000000000000001002809140000010000
1142,1142,0,1000000000000000000000000000001002809140000010000
1143,1143,0,1000000000000000000000000000001002809140000010000
1144,1144,0,1000000000000000000000000000001002809140000010000
1145,1145,0,1000000000000000000000000000001002809140000010000
1146,1146,0,1000000000000000000000000000001002809140000010000
1147,1147,0,1000000000000000000000000000001002809140000010000
1148,1148,0,1000000000000000000000000000001002809140000010000
1149,1149,0,1000000000000000000000000000001002809140000010000
1150,1150,0,1000000000000000000000000000001002809140000010000
1151,1151,0,1000000000000000000000000000001002809140000010000
1152,1152,0,1000000000000000000000000000001002809140000010000
1153,1153,0,1000000000000000000000000000001002809140000010000
1154,1154,0,1000000000000000000000000000001002809140000010000
1155,1155,0,1000000000000000000000000000001002809140000010000
1156,1156,0,1000000000000000000000000000001002809140000010000
1157,1157,0,1000000000000000000000000000001002809140000010000
1158,1158,0,1000000000000000000000000000001002809140000010000
1159,1159,0,1000000000000000000000000000001002809140000010000
1160,1160,0,1000000000000000000000000000001002809140000010000
1161,1161,0,1000000000000000000000000000001002809140000010000
1162,1162,0,1000000000000000000000000000001002809140000010000
1163,1163,0,1000000000000000000000000000001002809140000010000
1164,1164,0,1000000000000000000000000000001002809140000010000
1165,1165,0,1000000000000000000000000000001002809140000010000
1166,1166,0,1000000000000000000000000000001002809140000010000
1167,1167,0,1000000000000000000000000000001002809140000010000
1168,1168,0,1000000000000000000000000000001002809140000010000
1169,1169,0,1000000000000000000000000000001002809140000010000
1170,1170,0,1000000000000000000000000000001002809140000010000
1171,1171,0,1000000000000000000000000000001002809140000010000
1172,1172,0,1000000000000000000000000000001002809140000010000
1173,1173,0,1000000000000000000000000000001002809140000010000
1174,1174,0,1000000000000000000000000000001002809140000010000
1175,1175,0,1000000000000000000000000000001002809140000010000
1176,1176,0,1000000000000000000000000000001002809140000010000
1177,1177,0,1000000000000000000000000000001002809140000010000
1178,1178,0,1000000000000000000000000000001002809140000010000
1179,1179,0,1000000000000000000000000000001002809140000010000
1180,1180,0,1000000000000000000000000000001002809140000010000
1181,1181,0,1000000000000000000000000000001002809140000010000
1182,1182,0,1000000000000000000000000000001002809140000010000
1183,1183,0,1000000000000000000000000000001002809140000010000
1184,1184,0,1000000000000000000000000000001002809140000010000
1185,1185,0,1000000000000000000000000000001002809140000010000
1186,1186,0,1000000000000000000000000000001002809140000010000
1187,1187,0,1000000000000000000000000000001002809140000010000
1188,1188,0,1000000000000000000000000000001002809140000010000
1189,1189,0,1000000000000000000000000000001002809140000010000
1190,1190,0,1000000000000000000000000000001002809140000010000
1191,1191,0,1000000000000000000000000000001002809140000010000
1192,1192,0,1000000000000000000000000000001002809140000010000
1193,1193,0,1000000000000000000000000000001002809140000010000
1194,1194,0,1000000000000000000000000000001002809140000010000
1195,1195,0,1000000000000000000000000000001002809140000010000
1196,1196,0,1000000000000000000000000000001002809140000010000
1197,1197,0,1000000000000000000000000000001002809140000010000
1198,1198,0,1000000000000000000000000000001002809140000010000
1199,1199,0,1000000000000000000000000000001002809140000010000
1200,1200,0,1000000000000000000000000000001002809140000010000
1201,1201,0,1000000000000000000000000000001002809140000010000
1202,1202,0,1000000000000000000000000000001002809140000010000
1203,1203,0,1000000000000000000000000000001002809140000010000
1204,1204,0,1000000000000000000000000000001002809140000010000
1205,1205,0,1000000000000000000000000000001002809140000010000
1206,1206,0,1000000000000000000000000000001002809140000010000
1207,1207,0,1000000000000000000000000000001002809140000010000
1208,1208,0,1000000000000000000000000000001002809140000010000
1209,1209,0,1000000000000000000000000000001002809140000010000
1210,1210,0,1000000000000000000000000000001002809140000010000
1211,1211,0,1000000000000000000000000000001002809140000010000
1212,1212,0,1000000000000000000000000000001002809140000010000
1213,1213,0,1000000000000000000000000000001002809140000010000
1214,1214,0,1000000000000000000000000000001002809140000010000
1215,1215,0,1000000000000000000000000000001002809140000010000
1216,1216,0,1000000000000000000000000000001002809140000010000
1217,1217,0,1000000000000000000000000000001002809140000010000
1218,1218,0,1000000000000000000000000000001002809140000010000
1219,1219,0,1000000000000000000000000000001002809140000010000
1220,1220,0,1000000000000000000000000000001002809140000010000
1221,1221,0,1000000000000000000000000000001002809140000010000
1222,1222,0,1000000000000000000000000000001002809140000010000
1223,1223,0,1000000000000000000000000000001002809140000010000
1224,1224,0,1000000000000000000000000000001002809140000010000
1225,1225,0,1000000000000000000000000000001002809140000010000
1226,1226,0,1000000000000000000000000000001002809140000010000
1227,1227,0,1000000000000000000000000000001002809140000010000
1228,1228,0,1000000000000000000000000000001002809140000010000
1229,1229,0,1000000000000000000000000000001002809140000010000
1230,1230,0,1000000000000000000000000000001002809140000010000
1231,1231,0,1000000000000000000000000000001002809140000010000
1232,1232,0,1000000000000000000000000000001002809140000010000
1233,1233,0,1000000000000000000000000000001002809140000010000
1234,1234,0,1000000000000000000000000000001002809140000010000
1235,1235,0,1000000000000000000000000000001002809140000010000
1236,1236,0,1000000000000000000000000000001002809140000010000
1237,1237,0,1000000000000000000000000000001002809140000010000
1238,1238,0,1000000000000000000000000000001002809140000010000
1239,1239,0,1000000000000000000000000000001002809140000010000
1240,1240,0,1000000000000000000000000000001002809140000010000
1241,1241,0,1000000000000000000000000000001002809140000010000
1242,1242,0,1000000000000000000000000000001002809140000010000
1243,1243,0,1000000000000000000000000000001002809140000010000
1244,1244,0,1000000000000000000000000000001002809140000010000
1245,1245,0,1000000000000000000000000000001002809140000010000
1246,1246,0,1000000000000000000000000000001002809140000010000
1247,1247,0,1000000000000000000000000000001002809140000010000
1248,1248,0,1000000000000000000000000000001002809140000010000
1249,1249,0,1000000000000000000000000000001002809140000010000
1250,1250,0,1000000000000000000000000000001002809140000010000
1251,1251,0,1000000000000000000000000000001002809140000010000
1252,1252,0,1000000000000000000000000000001002809140000010000
1253,1253,0,1000000000000000000000000000001002809140000010000
1254,1254,0,1000000000000000000000000000001002809140000010000
1255,1255,0,1000000000000000000000000000001002809140000010000
1256,1256,0,1000000000000000000000000000001002809140000010000
1257,1257,0,1000000000000000000000000000001002809140000010000
1258,1258,0,1000000000000000000000000000001002809140000010000
1259,1259,0,1000000000000000000000000000001002809140000010000
1260,1260,0,1000000000000000000000000000001002809140000010000
1261,1261,0,1000000000000000000000000000001002809140000010000
1262,1262,0,1000000000000000000000000000001002809140000010000
1263,1263,0,1000000000000000000000000000001002809140000010000
1264,1264,0,1000000000000000000000000000001002809140000010000
1265,1265,0,1000000000000000000000000000001002809140000010000
1266,1266,0,1000000000000000000000000000001002809140000010000
1267,1267,0,1000000000000000000000000000001002809140000010000
1268,1268,0,1000000000000000000000000000001002809140000010000
1269,1269,0,1000000000000000000000000000001002809140000010000
1270,1270,0,1000000000000000000000000000001002809140000010000
1271,1271,0,1000000000000000000000000000001002809140000010000
1272,1272,0,1000000000000000000000000000001002809140000010000
1273,1273,0,1000000000000000000000000000001002809140000010000
1274,1274,0,1000000000000000000000000000001002809140000010000
1275,1275,0,1000000000000000000000000000001002809140000010000
1276,1276,0,1000000000000000000000000000001002809140000010000
1277,1277,0,1000000000000000000000000000001002809140000010000
1278,1278,0,1000000000000000000000000000001002809140000010000
1279,1279,0,1000000000000000000000000000001002809140000010000
1280,1280,0,1000000000000000000000000000001002809140000010000
1281,1281,0,1000000000000000000000000000001002809140000010000
1282,1282,0,1000000000000000000000000000001002809140000010000
1283,1283,0,1000000000000000000000000000001002809140000010000
1284,1284,0,1000000000000000000000000000001002809140000010000
1285,1285,0,1000000000000000000000000000001002809140000010000
1286,1286,0,1000000000000000000000000000001002809140000010000
1287,1287,0,1000000000000000000000000000001002809140000010000
1288,1288,0,1000000000000000000000000000001002809140000010000
1289,1289,0,1000000000000000000000000000001002809140000010000
1290,1290,0,1000000000000000000000000000001002809140000010000
1291,1291,0,1000000000000000000000000000001002809140000010000
1292,1292,0,1000000000000000000000000000001002809140000010000
1293,1293,0,1000000000000000000000000000001002809140000010000
1294,1294,0,1000000000000000000000000000001002809140000010000
1295,1295,0,1000000000000000000000000000001002809140000010000
1296,1296,0,1000000000000000000000000000001002809140000010000
1297,1297,0,1000000000000000000000000000001002809140000010000
1298,1298,0,1000000000000000000000000000001002809140000010000
1299,1299,0,1000000000000000000000000000001002809140000010000
1300,1300,0,1000000000000000000000000000001002809140000010000
1301,1301,0,1000000000000000000000000000001002809140000010000
1302,1302,0,1000000000000000000000000000001002809140000010000
1303,1303,0,1000000000000000000000000000001002809140000010000
1304,1304,0,1000000000000000000000000000001002809140000010000
1305,1305,0,1000000000000000000000000000001002809140000010000
1306,1306,0,1000000000000000000000000000001002809140000010000
1307,1307,0,1000000000000000000000000000001002809140000010000
1308,1308,0,1000000000000000000000000000001002809140000010000
1309,1309,0,1000000000000000000000000000001002809140000010000
1310,1310,0,1000000000000000000000000000001002809140000010000
1311,1311,0,1000000000000000000000000000001002809140000010000
1312,1312,0,1000000000000000000000000000001002809140000010000
1313,1313,0,1000000000000000000000000000001002809140000010000
1314,1314,0,1000000000000000000000000000001002809140000010000
1315,1315,0,1000000000000000000000000000001002809140000010000
1316,1316,0,1000000000000000000000000000001002809140000010000
1317,1317,0,1000000000000000000000000000001002809140000010000
1318,1318,0,1000000000000000000000000000001002809140000010000
1319,1319,0,1000000000000000000000000000001002809140000010000
1320,1320,0,1000000000000000000000000000001002809140000010000
1321,1321,0,1000000000000000000000000000001002809140000010000
1322,1322,0,1000000000000000000000000000001002809140000010000
1323,1323,0,1000000000000000000000000000001002809140000010000
1324,1324,0,1000000000000000000000000000001002809140000010000
1325,1325,0,1000000000000000000000000000001002809140000010000
1326,1326,0,1000000000000000000000000000001002809140000010000
1327,1327,0,1000000000000000000000000000001002809140000010000
1328,1328,0,1000000000000000000000000000001002809140000010000
1329,1329,0,1000000000000000000000000000001002809140000010000
1330,1330,0,1000000000000000000000000000001002809140000010000
1331,1331,0,1000000000000000000000000000001002809140000010000
1332,1332,0,1000000000000000000000000000001002809140000010000
1333,1333,0,1000000000000000000000000000001002809140000010000
1334,1334,0,1000000000000000000000000000001002809140000010000
1335,1335,0,1000000000000000000000000000001002809140000010000
1336,1336,0,1000000000000000000000000000001002809140000010000
1337,1337,0,1000000000000000000000000000001002809140000010000
1338,1338,0,1000000000000000000000000000001002809140000010000
1339,1339,0,1000000000000000000000000000001002809140000010000
1340,1340,0,1000000000000000000000000000001002809140000010000
1341,1341,0,1000000000000000000000000000001002809140000010000
1342,1342,0,1000000000000000000000000000001002809140000010000
1343,1343,0,1000000000000000000000000000001002809140000010000
1344,1344,0,1000000000000000000000000000001002809140000010000
1345,1345,0,1000000000000000000000000000001002809140000010000
1346,1346,0,1000000000000000000000000000001002809140000010000
1347,1347,0,1000000000000000000000000000001002809140000010000
1348,1348,0,1000000000000000000000000000001002809140000010000
1349,1349,0,1000000000000000000000000000001002809140000010000
1350,1350,0,1000000000000000000000000000001002809140000010000
1351,1351,0,1000000000000000000000000000001002809140000010000
1352,1352,0,1000000000000000000000000000001002809140000010000
1353,1353,0,1000000000000000000000000000001002809140000010000
1354,1354,0,1000000000000000000000000000001002809140000010000
1355,1355,0,1000000000000000000000000000001002809140000010000
1356,1356,0,1000000000000000000000000000001002809140000010000
1357,1357,0,1000000000000000000000000000001002809140000010000
1358,1358,0,1000000000000000000000000000001002809140000010000
1359,1359,0,1000000000000000000000000000001002809140000010000
1360,1360,0,1000000000000000000000000000001002809140000010000
1361,1361,0,1000000000000000000000000000001002809140000010000
1362,1362,0,1000000000000000000000000000001002809140000010000
1363,1363,0,1000000000000000000000000000001002809140000010000
1364,1364,0,1000000000000000000000000000001002809140000010000
1365,1365,0,1000000000000000000000000000001002809140000010000
1366,1366,0,1000000000000000000000000000001002809140000010000
1367,1367,0,1000000000000000000000000000001002809140000010000
1368,1368,0,1000000000000000000000000000001002809140000010000
1369,1369,0,1000000000000000000000000000001002809140000010000
1370,1370,0,1000000000000000000000000000001002809140000010000
1371,1371,0,1000000000000000000000000000001002809140000010000
1372,1372,0,1000000000000000000000000000001002809140000010000
1373,1373,0,1000000000000000000000000000001002809140000010000
1374,1374,0,1000000000000000000000000000001002809140000010000
1375,1375,0,1000000000000000000000000000001002809140000010000
1376,1376,0,1000000000000000000000000000001002809140000010000
1377,1377,0,1000000000000000000000000000001002809140000010000
1378,1378,0,1000000000000000000000000000001002809140000010000
1379,1379,0,1000000000000000000000000000001002809140000010000
1380,1380,0,1000000000000000000000000000001002809140000010000
1381,1381,0,1000000000000000000000000000001002809140000010000
1382,1382,0,1000000000000000000000000000001002809140000010000
1383,1383,0,1000000000000000000000000000001002809140000010000
1384,1384,0,1000000000000000000000000000001002809140000010000
1385,1385,0,1000000000000000000000000000001002809140000010000
1386,1386,0,1000000000000000000000000000001002809140000010000
1387,1387,0,1000000000000000000000000000001002809140000010000
1388,1388,0,1000000000000000000000000000001002809140000010000
1389,1389,0,1000000000000000000000000000001002809140000010000
1390,1390,0,1000000000000000000000000000001002809140000010000
1391,1391,0,1000000000000000000000000000001002809140000010000
1392,1392,0,1000000000000000000000000000001002809140000010000
1393,1393,0,1000000000000000000000000000001002809140000010000
1394,1394,0,1000000000000000000000000000001002809140000010000
1395,1395,0,1000000000000000000000000000001002809140000010000
1396,1396,0,1000000000000000000000000000001002809140000010000
1397,1397,0,1000000000000000000000000000001002809140000010000
1398,1398,0,1000000000000000000000000000001002809140000010000
1399,1399,0,1000000000000000000000000000001002809140000010000
1400,1400,0,1000000000000000000000000000001002809140000010000
1401,1401,0,1000000000000000000000000000001002809140000010000
1402,1402,0,1000000000000000000000000000001002809140000010000
1403,1403,0,1000000000000000000000000000001002809140000010000
1404,1404,0,1000000000000000000000000000001002809140000010000
1405,1405,0,1000000000000000000000000000001002809140000010000
1406,1406,0,1000000000000000000000000000001002809140000010000
1407,1407,0,1000000000000000000000000000001002809140000010000
1408,1408,0,1000000000000000000000000000001002809140000010000
1409,1409,0,1000000000000000000000000000001002809140000010000
1410,1410,0,1000000000000000000000000000001002809140000010000
1411,1411,0,1000000000000000000000000000001002809140000010000
1412,1412,0,1000000000000000000000000000001002809140000010000
1413,1413,0,1000000000000000000000000000001002809140000010000
1414,1414,0,1000000000000000000000000000001002809140000010000
1415,1415,0,1000000000000000000000000000001002809140000010000
1416,1416,0,1000000000000000000000000000001002809140000010000
1417,1417,0,1000000000000000000000000000001002809140000010000
1418,1418,0,1000000000000000000000000000001002809140000010000
1419,1419,0,1000000000000000000000000000001002809140000010000
1420,1420,0,1000000000000000000000000000001002809140000010000
1421,1421,0,1000000000000000000000000000001002809140000010000
1422,1422,0,1000000000000000000000000000001002809140000010000
1423,1423,0,1000000000000000000000000000001002809140000010000
1424,1424,0,1000000000000000000000000000001002809140000010000
1425,1425,0,1000000000000000000000000000001002809140000010000
1426,1426,0,1000000000000000000000000000001002809140000010000
1427,1427,0,1000000000000000000000000000001002809140000010000
1428,1428,0,1000000000000000000000000000001002809140000010000
1429,1429,0,1000000000000000000000000000001002809140000010000
1430,1430,0,1000000000000000000000000000001002809140000010000
1431,1431,0,1000000000000000000000000000001002809140000010000
1432,1432,0,1000000000000000000000000000001002809140000010000
1433,1433,0,1000000000000000000000000000001002809140000010000
1434,1434,0,1000000000000000000000000000001002809140000010000
1435,1435,0,1000000000000000000000000000001002809140000010000
1436,1436,0,1000000000000000000000000000001002809140000010000
1437,1437,0,1000000000000000000000000000001002809140000010000
1438,1438,0,1000000000000000000000000000001002809140000010000
1439,1439,0,1000000000000000000000000000001002809140000010000
1440,1440,0,1000000000000000000000000000001002809140000010000
1441,1441,0,1000000000000000000000000000001002809140000010000
1442,1442,0,1000000000000000000000000000001002809140000010000
1443,1443,0,1000000000000000000000000000001002809140000010000
1444,1444,0,1000000000000000000000000000001002809140000010000
1445,1445,0,1000000000000000000000000000001002809140000010000
1446,1446,0,1000000000000000000000000000001002809140000010000
1447,1447,0,1000000000000000000000000000001002809140000010000
1448,1448,0,1000000000000000000000000000001002809140000010000
1449,1449,0,1000000000000000000000000000001002809140000010000
1450,1450,0,1000000000000000000000000000001002809140000010000
1451,1451,0,1000000000000000000000000000001002809140000010000
1452,1452,0,1000000000000000000000000000001002809140000010000
1453,1453,0,1000000000000000000000000000001002809140000010000
1454,1454,0,1000000000000000000000000000001002809140000010000
1455,1455,0,1000000000000000000000000000001002809140000010000
1456,1456,0,1000000000000000000000000000001002809140000010000
1457,1457,0,1000000000000000000000000000001002809140000010000
1458,1458,0,1000000000000000000000000000001002809140000010000
1459,1459,0,1000000000000000000000000000001002809140000010000
1460,1460,0,1000000000000000000000000000001002809140000010000
1461,1461,0,1000000000000000000000000000001002809140000010000
1462,1462,0,1000000000000000000000000000001002809140000010000
1463,1463,0,1000000000000000000000000000001002809140000010000
1464,1464,0,1000000000000000000000000000001002809140000010000
1465,1465,0,1000000000000000000000000000001002809140000010000
1466,1466,0,1000000000000000000000000000001002809140000010000
1467,1467,0,1000000000000000000000000000001002809140000010000
1468,1468,0,1000000000000000000000000000001002809140000010000
1469,1469,0,1000000000000000000000000000001002809140000010000
1470,1470,0,1000000000000000000000000000001002809140000010000
1471,1471,0,1000000000000000000000000000001002809140000010000
1472,1472,0,1000000000000000000000000000001002809140000010000
1473,1473,0,1000000000000000000000000000001002809140000010000
1474,1474,0,1000000000000000000000000000001002809140000010000
1475,1475,0,1000000000000000000000000000001002809140000010000
1476,1476,0,1000000000000000000000000000001002809140000010000
1477,1477,0,1000000000000000000000000000001002809140000010000
1478,1478,0,1000000000000000000000000000001002809140000010000
1479,1479,0,1000000000000000000000000000001002809140000010000
1480,1480,0,1000000000000000000000000000001002809140000010000
1481,1481,0,1000000000000000000000000000001002809140000010000
1482,1482,0,1000000000000000000000000000001002809140000010000
1483,1483,0,1000000000000000000000000000001002809140000010000
1484,1484,0,1000000000000000000000000000001002809140000010000
1485,1485,0,1000000000000000000000000000001002809140000010000
1486,1486,0,1000000000000000000000000000001002809140000010000
1487,1487,0,1000000000000000000000000000001002809140000010000
1488,1488,0,1000000000000000000000000000001002809140000010000
1489,1489,0,1000000000000000000000000000001002809140000010000
1490,1490,0,1000000000000000000000000000001002809140000010000
1491,1491,0,1000000000000000000000000000001002809140000010000
1492,1492,0,1000000000000000000000000000001002809140000010000
1493,1493,0,1000000000000000000000000000001002809140000010000
1494,1494,0,1000000000000000000000000000001002809140000010000
1495,1495,0,1000000000000000000000000000001002809140000010000
1496,1496,0,1000000000000000000000000000001002809140000010000
1497,1497,0,1000000000000000000000000000001002809140000010000
1498,1498,0,1000000000000000000000000000001002809140000010000
1499,1499,0,1000000000000000000000000000001002809140000010000
1500,1500,0,1000000000000000000000000000001002809140000010000
1501,1501,0,1000000000000000000000000000001002809140000010000
1502,1502,0,1000000000000000000000000000001002809140000010000
1503,1503,0,1000000000000000000000000000001002809140000010000
1504,1504,0,1000000000000000000000000000001002809140000010000
1505,1505,0,1000000000000000000000000000001002809140000010000
1506,1506,0,1000000000000000000000000000001002809140000010000
1507,1507,0,1000000000000000000000000000001002809140000010000
1508,1508,0,1000000000000000000000000000001002809140000010000
1509,1509,0,1000000000000000000000000000001002809140000010000
1510,1510,0,1000000000000000000000000000001002809140000010000
1511,1511,0,1000000000000000000000000000001002809140000010000
1512,1512,0,1000000000000000000000000000001002809140000010000
1513,1513,0,1000000000000000000000000000001002809140000010000
1514,1514,0,1000000000000000000000000000001002809140000010000
1515,1515,0,1000000000000000000000000000001002809140000010000
1516,1516,0,1000000000000000000000000000001002809140000010000
1517,1517,0,1000000000000000000000000000001002809140000010000
1518,1518,0,1000000000000000000000000000001002809140000010000
1519,1519,0,1000000000000000000000000000001002809140000010000
1520,1520,0,1000000000000000000000000000001002809140000010000
1521,1521,0,1000000000000000000000000000001002809140000010000
1522,1522,0,1000000000000000000000000000001002809140000010000
1523,1523,0,1000000000000000000000000000001002809140000010000
1524,1524,0,1000000000000000000000000000001002809140000010000
1525,1525,0,1000000000000000000000000000001002809140000010000
1526,1526,0,1000000000000000000000000000001002809140000010000
1527,1527,0,1000000000000000000000000000001002809140000010000
1528,1528,0,1000000000000000000000000000001002809140000010000
1529,1529,0,1000000000000000000000000000001002809140000010000
1530,1530,0,1000000000000000000000000000001002809140000010000
1531,1531,0,1000000000000000000000000000001002809140000010000
1532,1532,0,1000000000000000000000000000001002809140000010000
1533,1533,0,1000000000000000000000000000001002809140000010000
1534,1534,0,1000000000000000000000000000001002809140000010000
1535,1535,0,1000000000000000000000000000001002809140000010000
1536,1536,0,1000000000000000000000000000001002809140000010000
1537,1537,0,1000000000000000000000000000001002809140000010000
1538,1538,0,1000000000000000000000000000001002809140000010000
1539,1539,0,1000000000000000000000000000001002809140000010000
1540,1540,0,1000000000000000000000000000001002809140000010000
1541,1541,0,1000000000000000000000000000001002809140000010000
1542,1542,0,1000000000000000000000000000001002809140000010000
1543,1543,0,1000000000000000000000000000001002809140000010000
1544,1544,0,1000000000000000000000000000001002809140000010000
1545,1545,0,1000000000000000000000000000001002809140000010000
1546,1546,0,1000000000000000000000000000001002809140000010000
1547,1547,0,1000000000000000000000000000001002809140000010000
1548,1548,0,1000000000000000000000000000001002809140000010000
1549,1549,0,1000000000000000000000000000001002809140000010000
1550,1550,0,1000000000000000000000000000001002809140000010000
1551,1551,0,1000000000000000000000000000001002809140000010000
1552,1552,0,1000000000000000000000000000001002809140000010000
1553,1553,0,1000000000000000000000000000001002809140000010000
1554,1554,0,1000000000000000000000000000001002809140000010000
1555,1555,0,1000000000000000000000000000001002809140000010000
1556,1556,0,1000000000000000000000000000001002809140000010000
1557,1557,0,1000000000000000000000000000001002809140000010000
1558,1558,0,1000000000000000000000000000001002809140000010000
1559,1559,0,1000000000000000000000000000001002809140000010000
1560,1560,0,1000000000000000000000000000001002809140000010000
1561,1561,0,1000000000000000000000000000001002809140000010000
1562,1562,0,1000000000000000000000000000001002809140000010000
1563,1563,0,1000000000000000000000000000001002809140000010000
1564,1564,0,1000000000000000000000000000001002809140000010000
1565,1565,0,1000000000000000000000000000001002809140000010000
1566,1566,0,1000000000000000000000000000001002809140000010000
1567,1567,0,1000000000000000000000000000001002809140000010000
1568,1568,0,1000000000000000000000000000001002809140000010000
1569,1569,0,1000000000000000000000000000001002809140000010000
1570,1570,0,1000000000000000000000000000001002809140000010000
1571,1571,0,1000000000000000000000000000001002809140000010000
1572,1572,0,1000000000000000000000000000001002809140000010000
1573,1573,0,1000000000000000000000000000001002809140000010000
1574,1574,0,1000000000000000000000000000001002809140000010000
1575,1575,0,1000000000000000000000000000001002809140000010000
1576,1576,0,1000000000000000000000000000001002809140000010000
1577,1577,0,1000000000000000000000000000001002809140000010000
1578,1578,0,1000000000000000000000000000001002809140000010000
1579,1579,0,1000000000000000000000000000001002809140000010000
1580,1580,0,1000000000000000000000000000001002809140000010000
1581,1581,0,1000000000000000000000000000001002809140000010000
1582,1582,0,1000000000000000000000000000001002809140000010000
1583,1583,0,1000000000000000000000000000001002809140000010000
1584,1584,0,1000000000000000000000000000001002809140000010000
1585,1585,0,1000000000000000000000000000001002809140000010000
1586,1586,0,1000000000000000000000000000001002809140000010000
1587,1587,0,1000000000000000000000000000001002809140000010000
1588,1588,0,1000000000000000000000000000001002809140000010000
1589,1589,0,1000000000000000000000000000001002809140000010000
1590,1590,0,1000000000000000000000000000001002809140000010000
1591,1591,0,1000000000000000000000000000001002809140000010000
1592,1592,0,1000000000000000000000000000001002809140000010000
1593,1593,0,1000000000000000000000000000001002809140000010000
1594,1594,0,1000000000000000000000000000001002809140000010000
1595,1595,0,1000000000000000000000000000001002809140000010000
1596,1596,0,1000000000000000000000000000001002809140000010000
1597,1597,0,1000000000000000000000000000001002809140000010000
1598,1598,0,1000000000000000000000000000001002809140000010000
1599,1599,0,1000000000000000000000000000001002809140000010000
1600,1600,0,1000000000000000000000000000001002809140000010000
1601,1601,0,1000000000000000000000000000001002809140000010000
1602,1602,0,1000000000000000000000000000001002809140000010000
1603,1603,0,1000000000000000000000000000001002809140000010000
1604,1604,0,1000000000000000000000000000001002809140000010000
1605,1605,0,1000000000000000000000000000001002809140000010000
1606,1606,0,1000000000000000000000000000001002809140000010000
1607,1607,0,1000000000000000000000000000001002809140000010000
1608,1608,0,1000000000000000000000000000001002809140000010000
1609,1609,0,1000000000000000000000000000001002809140000010000
1610,1610,0,1000000000000000000000000000001002809140000010000
1611,1611,0,1000000000000000000000000000001002809140000010000
1612,1612,0,1000000000000000000000000000001002809140000010000
1613,1613,0,1000000000000000000000000000001002809140000010000
1614,1614,0,1000000000000000000000000000001002809140000010000
1615,1615,0,1000000000000000000000000000001002809140000010000
1616,1616,0,1000000000000000000000000000001002809140000010000
1617,1617,0,1000000000000000000000000000001002809140000010000
1618,1618,0,1000000000000000000000000000001002809140000010000
1619,1619,0,1000000000000000000000000000001002809140000010000
1620,1620,0,1000000000000000000000000000001002809140000010000
1621,1621,0,1000000000000000000000000000001002809140000010000
1622,1622,0,1000000000000000000000000000001002809140000010000
1623,1623,0,1000000000000000000000000000001002809140000010000
1624,1624,0,1000000000000000000000000000001002809140000010000
1625,1625,0,1000000000000000000000000000001002809140000010000
1626,1626,0,1000000000000000000000000000001002809140000010000
1627,1627,0,1000000000000000000000000000001002809140000010000
1628,1628,0,1000000000000000000000000000001002809140000010000
1629,1629,0,1000000000000000000000000000001002809140000010000
1630,1630,0,1000000000000000000000000000001002809140000010000
1631,1631,0,1000000000000000000000000000001002809140000010000
1632,1632,0,1000000000000000000000000000001002809140000010000
1633,1633,0,1000000000000000000000000000001002809140000010000
1634,1634,0,1000000000000000000000000000001002809140000010000
1635,1635,0,1000000000000000000000000000001002809140000010000
1636,1636,0,1000000000000000000000000000001002809140000010000
1637,1637,0,1000000000000000000000000000001002809140000010000
1638,1638,0,1000000000000000000000000000001002809140000010000
1639,1639,0,1000000000000000000000000000001002809140000010000
1640,1640,0,1000000000000000000000000000001002809140000010000
1641,1641,0,1000000000000000000000000000001002809140000010000
1642,1642,0,1000000000000000000000000000001002809140000010000
1643,1643,0,1000000000000000000000000000001002809140000010000
1644,1644,0,1000000000000000000000000000001002809140000010000
1645,1645,0,1000000000000000000000000000001002809140000010000
1646,1646,0,1000000000000000000000000000001002809140000010000
1647,1647,0,1000000000000000000000000000001002809140000010000
1648,1648,0,1000000000000000000000000000001002809140000010000
1649,1649,0,1000000000000000000000000000001002809140000010000
1650,1650,0,1000000000000000000000000000001002809140000010000
1651,1651,0,1000000000000000000000000000001002809140000010000
1652,1652,0,1000000000000000000000000000001002809140000010000
1653,1653,0,1000000000000000000000000000001002809140000010000
1654,1654,0,1000000000000000000000000000001002809140000010000
1655,1655,0,1000000000000000000000000000001002809140000010000
1656,1656,0,1000000000000000000000000000001002809140000010000
1657,1657,0,1000000000000000000000000000001002809140000010000
1658,1658,0,1000000000000000000000000000001002809140000010000
1659,1659,0,1000000000000000000000000000001002809140000010000
1660,1660,0,1000000000000000000000000000001002809140000010000
1661,1661,0,1000000000000000000000000000001002809140000010000
1662,1662,0,1000000000000000000000000000001002809140000010000
1663,1663,0,1000000000000000000000000000001002809140000010000
1664,1664,0,1000000000000000000000000000001002809140000010000
1665,1665,0,1000000000000000000000000000001002809140000010000
1666,1666,0,1000000000000000000000000000001002809140000010000
1667,1667,0,1000000000000000000000000000001002809140000010000
1668,1668,0,1000000000000000000000000000001002809140000010000
1669,1669,0,1000000000000000000000000000001002809140000010000
1670,1670,0,1000000000000000000000000000001002809140000010000
1671,1671,0,1000000000000000000000000000001002809140000010000
1672,1672,0,1000000000000000000000000000001002809140000010000
1673,1673,0,1000000000000000000000000000001002809140000010000
1674,1674,0,1000000000000000000000000000001002809140000010000
1675,1675,0,1000000000000000000000000000001002809140000010000
1676,1676,0,1000000000000000000000000000001002809140000010000
1677,1677,0,1000000000000000000000000000001002809140000010000
1678,1678,0,1000000000000000000000000000001002809140000010000
1679,1679,0,1000000000000000000000000000001002809140000010000
1680,1680,0,1000000000000000000000000000001002809140000010000
1681,1681,0,1000000000000000000000000000001002809140000010000
1682,1682,0,1000000000000000000000000000001002809140000010000
1683,1683,0,1000000000000000000000000000001002809140000010000
1684,1684,0,1000000000000000000000000000001002809140000010000
1685,1685,0,1000000000000000000000000000001002809140000010000
1686,1686,0,1000000000000000000000000000001002809140000010000
1687,1687,0,1000000000000000000000000000001002809140000010000
1688,1688,0,1000000000000000000000000000001002809140000010000
1689,1689,0,1000000000000000000000000000001002809140000010000
1690,1690,0,1000000000000000000000000000001002809140000010000
1691,1691,0,1000000000000000000000000000001002809140000010000
1692,1692,0,1000000000000000000000000000001002809140000010000
1693,1693,0,1000000000000000000000000000001002809140000010000
1694,1694,0,1000000000000000000000000000001002809140000010000
1695,1695,0,1000000000000000000000000000001002809140000010000
1696,1696,0,1000000000000000000000000000001002809140000010000
1697,1697,0,1000000000000000000000000000001002809140000010000
1698,1698,0,1000000000000000000000000000001002809140000010000
1699,1699,0,1000000000000000000000000000001002809140000010000
1700,1700,0,1000000000000000000000000000001002809140000010000
1701,1701,0,1000000000000000000000000000001002809140000010000
1702,1702,0,1000000000000000000000000000001002809140000010000
1703,1703,0,1000000000000000000000000000001002809140000010000
1704,1704,0,1000000000000000000000000000001002809140000010000
1705,1705,0,1000000000000000000000000000001002809140000010000
1706,1706,0,1000000000000000000000000000001002809140000010000
1707,1707,0,1000000000000000000000000000001002809140000010000
1708,1708,0,1000000000000000000000000000001002809140000010000
1709,1709,0,1000000000000000000000000000001002809140000010000
1710,1710,0,1000000000000000000000000000001002809140000010000
1711,1711,0,1000000000000000000000000000001002809140000010000
1712,1712,0,1000000000000000000000000000001002809140000010000
1713,1713,0,1000000000000000000000000000001002809140000010000
1714,1714,0,1000000000000000000000000000001002809140000010000
1715,1715,0,1000000000000000000000000000001002809140000010000
1716,1716,0,1000000000000000000000000000001002809140000010000
1717,1717,0,1000000000000000000000000000001002809140000010000
1718,1718,0,1000000000000000000000000000001002809140000010000
1719,1719,0,1000000000000000000000000000001002809140000010000
1720,1720,0,1000000000000000000000000000001002809140000010000
1721,1721,0,1000000000000000000000000000001002809140000010000
1722,1722,0,1000000000000000000000000000001002809140000010000
1723,1723,0,1000000000000000000000000000001002809140000010000
1724,1724,0,1000000000000000000000000000001002809140000010000
1725,1725,0,1000000000000000000000000000001002809140000010000
1726,1726,0,1000000000000000000000000000001002809140000010000
1727,1727,0,1000000000000000000000000000001002809140000010000
1728,1728,0,1000000000000000000000000000001002809140000010000
1729,1729,0,1000000000000000000000000000001002809140000010000
1730,1730,0,1000000000000000000000000000001002809140000010000
1731,1731,0,1000000000000000000000000000001002809140000010000
1732,1732,0,1000000000000000000000000000001002809140000010000
1733,1733,0,1000000000000000000000000000001002809140000010000
1734,1734,0,1000000000000000000000000000001002809140000010000
1735,1735,0,1000000000000000000000000000001002809140000010000
1736,1736,0,1000000000000000000000000000001002809140000010000
1737,1737,0,1000000000000000000000000000001002809140000010000
1738,1738,0,1000000000000000000000000000001002809140000010000
1739,1739,0,1000000000000000000000000000001002809140000010000
1740,1740,0,1000000000000000000000000000001002809140000010000
1741,1741,0,1000000000000000000000000000001002809140000010000
1742,1742,0,1000000000000000000000000000001002809140000010000
1743,1743,0,1000000000000000000000000000001002809140000010000
1744,1744,0,1000000000000000000000000000001002809140000010000
1745,1745,0,1000000000000000000000000000001002809140000010000
1746,1746,0,1000000000000000000000000000001002809140000010000
1747,1747,0,1000000000000000000000000000001002809140000010000
1748,1748,0,1000000000000000000000000000001002809140000010000
1749,1749,0,1000000000000000000000000000001002809140000010000
1750,1750,0,1000000000000000000000000000001002809140000010000
1751,1751,0,1000000000000000000000000000001002809140000010000
1752,1752,0,1000000000000000000000000000001002809140000010000
1753,1753,0,1000000000000000000000000000001002809140000010000
1754,1754,0,1000000000000000000000000000001002809140000010000
1755,1755,0,1000000000000000000000000000001002809140000010000
1756,1756,0,1000000000000000000000000000001002809140000010000
1757,1757,0,1000000000000000000000000000001002809140000010000
1758,1758,0,1000000000000000000000000000001002809140000010000
1759,1759,0,1000000000000000000000000000001002809140000010000
1760,1760,0,1000000000000000000000000000001002809140000010000
1761,1761,0,1000000000000000000000000000001002809140000010000
1762,1762,0,1000000000000000000000000000001002809140000010000
1763,1763,0,1000000000000000000000000000001002809140000010000
1764,1764,0,1000000000000000000000000000001002809140000010000
1765,1765,0,1000000000000000000000000000001002809140000010000
1766,1766,0,1000000000000000000000000000001002809140000010000
1767,1767,0,1000000000000000000000000000001002809140000010000
1768,1768,0,1000000000000000000000000000001002809140000010000
1769,1769,0,1000000000000000000000000000001002809140000010000
1770,1770,0,1000000000000000000000000000001002809140000010000
1771,1771,0,1000000000000000000000000000001002809140000010000
1772,1772,0,1000000000000000000000000000001002809140000010000
1773,1773,0,1000000000000000000000000000001002809140000010000
1774,1774,0,1000000000000000000000000000001002809140000010000
1775,1775,0,1000000000000000000000000000001002809140000010000
1776,1776,0,1000000000000000000000000000001002809140000010000
1777,1777,0,1000000000000000000000000000001002809140000010000
1778,1778,0,1000000000000000000000000000001002809140000010000
1779,1779,0,1000000000000000000000000000001002809140000010000
1780,1780,0,1000000000000000000000000000001002809140000010000
1781,1781,0,1000000000000000000000000000001002809140000010000
1782,1782,0,1000000000000000000000000000001002809140000010000
1783,1783,0,1000000000000000000000000000001002809140000010000
1784,1784,0,1000000000000000000000000000001002809140000010000
1785,1785,0,1000000000000000000000000000001002809140000010000
1786,1786,0,1000000000000000000000000000001002809140000010000
1787,1787,0,1000000000000000000000000000001002809140000010000
1788,1788,0,1000000000000000000000000000001002809140000010000
1789,1789,0,1000000000000000000000000000001002809140000010000
1790,1790,0,1000000000000000000000000000001002809140000010000
1791,1791,0,1000000000000000000000000000001002809140000010000
1792,1792,0,1000000000000000000000000000001002809140000010000
1793,1793,0,1000000000000000000000000000001002809140000010000
1794,1794,0,1000000000000000000000000000001002809140000010000
1795,1795,0,1000000000000000000000000000001002809140000010000
1796,1796,0,1000000000000000000000000000001002809140000010000
1797,1797,0,1000000000000000000000000000001002809140000010000
1798,1798,0,1000000000000000000000000000001002809140000010000
1799,1799,0,1000000000000000000000000000001002809140000010000
1800,1800,0,1000000000000000000000000000001002809140000010000
1801,1801,0,1000000000000000000000000000001002809140000010000
1802,1802,0,1000000000000000000000000000001002809140000010000
1803,1803,0,1000000000000000000000000000001002809140000010000
1804,1804,0,1000000000000000000000000000001002809140000010000
1805,1805,0,1000000000000000000000000000001002809140000010000
1806,1806,0,1000000000000000000000000000001002809140000010000
1807,1807,0,1000000000000000000000000000001002809140000010000
1808,1808,0,1000000000000000000000000000001002809140000010000
1809,1809,0,1000000000000000000000000000001002809140000010000
1810,1810,0,1000000000000000000000000000001002809140000010000
1811,1811,0,1000000000000000000000000000001002809140000010000
1812,1812,0,1000000000000000000000000000001002809140000010000
1813,1813,0,1000000000000000000000000000001002809140000010000
1814,1814,0,1000000000000000000000000000001002809140000010000
1815,1815,0,1000000000000000000000000000001002809140000010000
1816,1816,0,1000000000000000000000000000001002809140000010000
1817,1817,0,1000000000000000000000000000001002809140000010000
1818,1818,0,1000000000000000000000000000001002809140000010000
1819,1819,0,1000000000000000000000000000001002809140000010000
1820,1820,0,1000000000000000000000000000001002809140000010000
1821,1821,0,1000000000000000000000000000001002809140000010000
1822,1822,0,1000000000000000000000000000001002809140000010000
1823,1823,0,1000000000000000000000000000001002809140000010000
1824,1824,0,1000000000000000000000000000001002809140000010000
1825,1825,0,1000000000000000000000000000001002809140000010000
1826,1826,0,1000000000000000000000000000001002809140000010000
1827,1827,0,1000000000000000000000000000001002809140000010000
1828,1828,0,1000000000000000000000000000001002809140000010000
1829,1829,0,1000000000000000000000000000001002809140000010000
1830,1830,0,1000000000000000000000000000001002809140000010000
1831,1831,0,1000000000000000000000000000001002809140000010000
1832,1832,0,1000000000000000000000000000001002809140000010000
1833,1833,0,1000000000000000000000000000001002809140000010000
1834,1834,0,1000000000000000000000000000001002809140000010000
1835,1835,0,1000000000000000000000000000001002809140000010000
1836,1836,0,1000000000000000000000000000001002809140000010000
1837,1837,0,1000000000000000000000000000001002809140000010000
1838,1838,0,1000000000000000000000000000001002809140000010000
1839,1839,0,1000000000000000000000000000001002809140000010000
1840,1840,0,1000000000000000000000000000001002809140000010000
1841,1841,0,1000000000000000000000000000001002809140000010000
1842,1842,0,1000000000000000000000000000001002809140000010000
1843,1843,0,1000000000000000000000000000001002809140000010000
1844,1844,0,1000000000000000000000000000001002809140000010000
1845,1845,0,1000000000000000000000000000001002809140000010000
1846,1846,0,1000000000000000000000000000001002809140000010000
1847,1847,0,1000000000000000000000000000001002809140000010000
1848,1848,0,1000000000000000000000000000001002809140000010000
1849,1849,0,1000000000000000000000000000001002809140000010000
1850,1850,0,1000000000000000000000000000001002809140000010000
1851,1851,0,1000000000000000000000000000001002809140000010000
1852,1852,0,1000000000000000000000000000001002809140000010000
1853,1853,0,1000000000000000000000000000001002809140000010000
1854,1854,0,1000000000000000000000000000001002809140000010000
1855,1855,0,1000000000000000000000000000001002809140000010000
1856,1856,0,1000000000000000000000000000001002809140000010000
1857,1857,0,1000000000000000000000000000001002809140000010000
1858,1858,0,1000000000000000000000000000001002809140000010000
1859,1859,0,1000000000000000000000000000001002809140000010000
1860,1860,0,1000000000000000000000000000001002809140000010000
1861,1861,0,1000000000000000000000000000001002809140000010000
1862,1862,0,1000000000000000000000000000001002809140000010000
1863,1863,0,1000000000000000000000000000001002809140000010000
1864,1864,0,1000000000000000000000000000001002809140000010000
1865,1865,0,1000000000000000000000000000001002809140000010000
1866,1866,0,1000000000000000000000000000001002809140000010000
1867,1867,0,1000000000000000000000000000001002809140000010000
1868,1868,0,1000000000000000000000000000001002809140000010000
1869,1869,0,1000000000000000000000000000001002809140000010000
1870,1870,0,1000000000000000000000000000001002809140000010000
1871,1871,0,1000000000000000000000000000001002809140000010000
1872,1872,0,1000000000000000000000000000001002809140000010000
1873,1873,0,1000000000000000000000000000001002809140000010000
1874,1874,0,1000000000000000000000000000001002809140000010000
1875,1875,0,1000000000000000000000000000001002809140000010000
1876,1876,0,1000000000000000000000000000001002809140000010000
1877,1877,0,1000000000000000000000000000001002809140000010000
1878,1878,0,1000000000000000000000000000001002809140000010000
1879,1879,0,1000000000000000000000000000001002809140000010000
1880,1880,0,1000000000000000000000000000001002809140000010000
1881,1881,0,1000000000000000000000000000001002809140000010000
1882,1882,0,1000000000000000000000000000001002809140000010000
1883,1883,0,1000000000000000000000000000001002809140000010000
1884,1884,0,1000000000000000000000000000001002809140000010000
1885,1885,0,1000000000000000000000000000001002809140000010000
1886,1886,0,1000000000000000000000000000001002809140000010000
1887,1887,0,1000000000000000000000000000001002809140000010000
1888,1888,0,1000000000000000000000000000001002809140000010000
1889,1889,0,1000000000000000000000000000001002809140000010000
1890,1890,0,1000000000000000000000000000001002809140000010000
1891,1891,0,1000000000000000000000000000001002809140000010000
1892,1892,0,1000000000000000000000000000001002809140000010000
1893,1893,0,1000000000000000000000000000001002809140000010000
1894,1894,0,1000000000000000000000000000001002809140000010000
1895,1895,0,1000000000000000000000000000001002809140000010000
1896,1896,0,1000000000000000000000000000001002809140000010000
1897,1897,0,1000000000000000000000000000001002809140000010000
1898,1898,0,1000000000000000000000000000001002809140000010000
1899,1899,0,1000000000000000000000000000001002809140000010000
1900,1900,0,1000000000000000000000000000001002809140000010000
1901,1901,0,1000000000000000000000000000001002809140000010000
1902,1902,0,1000000000000000000000000000001002809140000010000
1903,1903,0,1000000000000000000000000000001002809140000010000
1904,1904,0,1000000000000000000000000000001002809140000010000
1905,1905,0,1000000000000000000000000000001002809140000010000
1906,1906,0,1000000000000000000000000000001002809140000010000
1907,1907,0,1000000000000000000000000000001002809140000010000
1908,1908,0,1000000000000000000000000000001002809140000010000
1909,1909,0,1000000000000000000000000000001002809140000010000
1910,1910,0,1000000000000000000000000000001002809140000010000
1911,1911,0,1000000000000000000000000000001002809140000010000
1912,1912,0,1000000000000000000000000000001002809140000010000
1913,1913,0,1000000000000000000000000000001002809140000010000
1914,1914,0,1000000000000000000000000000001002809140000010000
1915,1915,0,1000000000000000000000000000001002809140000010000
1916,1916,0,1000000000000000000000000000001002809140000010000
1917,1917,0,1000000000000000000000000000001002809140000010000
1918,1918,0,1000000000000000000000000000001002809140000010000
1919,1919,0,1000000000000000000000000000001002809140000010000
1920,1920,0,1000000000000000000000000000001002809140000010000
1921,1921,0,1000000000000000000000000000001002809140000010000
1922,1922,0,1000000000000000000000000000001002809140000010000
1923,1923,0,1000000000000000000000000000001002809140000010000
1924,1924,0,1000000000000000000000000000001002809140000010000
1925,1925,0,1000000000000000000000000000001002809140000010000
1926,1926,0,1000000000000000000000000000001002809140000010000
1927,1927,0,1000000000000000000000000000001002809140000010000
1928,1928,0,1000000000000000000000000000001002809140000010000
1929,1929,0,1000000000000000000000000000001002809140000010000
1930,1930,0,1000000000000000000000000000001002809140000010000
1931,1931,0,1000000000000000000000000000001002809140000010000
1932,1932,0,1000000000000000000000000000001002809140000010000
1933,1933,0,1000000000000000000000000000001002809140000010000
1934,1934,0,1000000000000000000000000000001002809140000010000
1935,1935,0,1000000000000000000000000000001002809140000010000
1936,1936,0,1000000000000000000000000000001002809140000010000
1937,1937,0,1000000000000000000000000000001002809140000010000
1938,1938,0,1000000000000000000000000000001002809140000010000
1939,1939,0,1000000000000000000000000000001002809140000010000
1940,1940,0,1000000000000000000000000000001002809140000010000
1941,1941,0,1000000000000000000000000000001002809140000010000
1942,1942,0,1000000000000000000000000000001002809140000010000
1943,1943,0,1000000000000000000000000000001002809140000010000
1944,1944,0,1000000000000000000000000000001002809140000010000
1945,1945,0,1000000000000000000000000000001002809140000010000
1946,1946,0,1000000000000000000000000000001002809140000010000
1947,1947,0,1000000000000000000000000000001002809140000010000
1948,1948,0,1000000000000000000000000000001002809140000010000
1949,1949,0,1000000000000000000000000000001002809140000010000
1950,1950,0,1000000000000000000000000000001002809140000010000
1951,1951,0,1000000000000000000000000000001002809140000010000
1952,1952,0,1000000000000000000000000000001002809140000010000
1953,1953,0,1000000000000000000000000000001002809140000010000
1954,1954,0,1000000000000000000000000000001002809140000010000
1955,1955,0,1000000000000000000000000000001002809140000010000
1956,1956,0,1000000000000000000000000000001002809140000010000
1957,1957,0,1000000000000000000000000000001002809140000010000
1958,1958,0,1000000000000000000000000000001002809140000010000
1959,1959,0,1000000000000000000000000000001002809140000010000
1960,1960,0,1000000000000000000000000000001002809140000010000
1961,1961,0,1000000000000000000000000000001002809140000010000
1962,1962,0,1000000000000000000000000000001002809140000010000
1963,1963,0,1000000000000000000000000000001002809140000010000
1964,1964,0,1000000000000000000000000000001002809140000010000
1965,1965,0,1000000000000000000000000000001002809140000010000
1966,1966,0,1000000000000000000000000000001002809140000010000
1967,1967,0,1000000000000000000000000000001002809140000010000
1968,1968,0,1000000000000000000000000000001002809140000010000
1969,1969,0,1000000000000000000000000000001002809140000010000
1970,1970,0,1000000000000000000000000000001002809140000010000
1971,1971,0,1000000000000000000000000000001002809140000010000
1972,1972,0,1000000000000000000000000000001002809140000010000
1973,1973,0,1000000000000000000000000000001002809140000010000
1974,1974,0,1000000000000000000000000000001002809140000010000
1975,1975,0,1000000000000000000000000000001002809140000010000
1976,1976,0,1000000000000000000000000000001002809140000010000
1977,1977,0,1000000000000000000000000000001002809140000010000
1978,1978,0,1000000000000000000000000000001002809140000010000
1979,1979,0,1000000000000000000000000000001002809140000010000
1980,1980,0,1000000000000000000000000000001002809140000010000
1981,1981,0,1000000000000000000000000000001002809140000010000
1982,1982,0,1000000000000000000000000000001002809140000010000
1983,1983,0,1000000000000000000000000000001002809140000010000
1984,1984,0,1000000000000000000000000000001002809140000010000
1985,1985,0,1000000000000000000000000000001002809140000010000
1986,1986,0,1000000000000000000000000000001002809140000010000
1987,1987,0,1000000000000000000000000000001002809140000010000
1988,1988,0,1000000000000000000000000000001002809140000010000
1989,1989,0,1000000000000000000000000000001002809140000010000
1990,1990,0,1000000000000000000000000000001002809140000010000
1991,1991,0,1000000000000000000000000000001002809140000010000
1992,1992,0,1000000000000000000000000000001002809140000010000
1993,1993,0,1000000000000000000000000000001002809140000010000
1994,1994,0,1000000000000000000000000000001002809140000010000
1995,1995,0,1000000000000000000000000000001002809140000010000
1996,1996,0,1000000000000000000000000000001002809140000010000
1997,1997,0,1000000000000000000000000000001002809140000010000
1998,1998,0,1000000000000000000000000000001002809140000010000
1999,1999,0,1000000000000000000000000000001002809140000010000
2000,2000,0,1000000000000000000000000000001002809140000010000
2001,2001,0,1000000000000000000000000000001002809140000010000
2002,2002,0,1000000000000000000000000000001002809140000010000
2003,2003,0,1000000000000000000000000000001002809140000010000
2004,2004,0,1000000000000000000000000000001002809140000010000
2005,2005,0,1000000000000000000000000000001002809140000010000
2006,2006,0,1000000000000000000000000000001002809140000010000
2007,2007,0,1000000000000000000000000000001002809140000010000
2008,2008,0,1000000000000000000000000000001002809140000010000
2009,2009,0,1000000000000000000000000000001002809140000010000
2010,2010,0,1000000000000000000000000000001002809140000010000
2011,2011,0,1000000000000000000000000000001002809140000010000
2012,2012,0,1000000000000000000000000000001002809140000010000
2013,2013,0,1000000000000000000000000000001002809140000010000
2014,2014,0,1000000000000000000000000000001002809140000010000
2015,2015,0,1000000000000000000000000000001002809140000010000
2016,2016,0,1000000000000000000000000000001002809140000010000
2017,2017,0,1000000000000000000000000000001002809140000010000
2018,2018,0,1000000000000000000000000000001002809140000010000
2019,2019,0,1000000000000000000000000000001002809140000010000
2020,2020,0,1000000000000000000000000000001002809140000010000
2021,2021,0,1000000000000000000000000000001002809140000010000
2022,2022,0,1000000000000000000000000000001002809140000010000
2023,2023,0,1000000000000000000000000000001002809140000010000
2024,2024,0,1000000000000000000000000000001002809140000010000
2025,2025,0,1000000000000000000000000000001002809140000010000
2026,2026,0,1000000000000000000000000000001002809140000010000
2027,2027,0,1000000000000000000000000000001002809140000010000
2028,2028,0,1000000000000000000000000000001002809140000010000
2029,2029,0,1000000000000000000000000000001002809140000010000
2030,2030,0,1000000000000000000000000000001002809140000010000
2031,2031,0,1000000000000000000000000000001002809140000010000
2032,2032,0,1000000000000000000000000000001002809140000010000
2033,2033,0,1000000000000000000000000000001002809140000010000
2034,2034,0,1000000000000000000000000000001002809140000010000
2035,2035,0,1000000000000000000000000000001002809140000010000
2036,2036,0,1000000000000000000000000000001002809140000010000
2037,2037,0,1000000000000000000000000000001002809140000010000
2038,2038,0,1000000000000000000000000000001002809140000010000
2039,2039,0,1000000000000000000000000000001002809140000010000
2040,2040,0,1000000000000000000000000000001002809140000010000
2041,2041,0,1000000000000000000000000000001002809140000010000
2042,2042,0,1000000000000000000000000000001002809140000010000
2043,2043,0,1000000000000000000000000000001002809140000010000
2044,2044,0,1000000000000000000000000000001002809140000010000
2045,2045,0,1000000000000000000000000000001002809140000010000
2046,2046,0,1000000000000000000000000000001002809140000010000
2047,2047,0,1000000000000000000000000000001002809140000010000
