Sample in Buffer,Sample in Window,TRIGGER,kv_guard_bd_i/kv_lifecycle_guard_0_dbg_probe[195:0]
Radix - UNSIGNED,UNSIGNED,UNSIGNED,HEX
0,0,0,1000000000000000000000000000001002809140000010001
1,1,0,1000000000000000000000000000001002809140000010001
2,2,0,1000000000000000000000000000001002809140000010001
3,3,0,1000000000000000000000000000001002809140000010001
4,4,0,1000000000000000000000000000001002809140000010001
5,5,0,1000000000000000000000000000001002809140000010001
6,6,0,1000000000000000000000000000001002809140000010001
7,7,0,1000000000000000000000000000001002809140000010001
8,8,0,1000000000000000000000000000001002809140000010001
9,9,0,1000000000000000000000000000001002809140000010001
10,10,0,1000000000000000000000000000001002809140000010001
11,11,0,1000000000000000000000000000001002809140000010001
12,12,0,1000000000000000000000000000001002809140000010001
13,13,0,1000000000000000000000000000001002809140000010001
14,14,0,1000000000000000000000000000001002809140000010001
15,15,0,1000000000000000000000000000001002809140000010001
16,16,0,1000000000000000000000000000001002809140000010001
17,17,0,1000000000000000000000000000001002809140000010001
18,18,0,1000000000000000000000000000001002809140000010001
19,19,0,1000000000000000000000000000001002809140000010001
20,20,0,1000000000000000000000000000001002809140000010001
21,21,0,1000000000000000000000000000001002809140000010001
22,22,0,1000000000000000000000000000001002809140000010001
23,23,0,1000000000000000000000000000001002809140000010001
24,24,0,1000000000000000000000000000001002809140000010001
25,25,0,1000000000000000000000000000001002809140000010001
26,26,0,1000000000000000000000000000001002809140000010001
27,27,0,1000000000000000000000000000001002809140000010001
28,28,0,1000000000000000000000000000001002809140000010001
29,29,0,1000000000000000000000000000001002809140000010001
30,30,0,1000000000000000000000000000001002809140000010001
31,31,0,1000000000000000000000000000001002809140000010001
32,32,0,1000000000000000000000000000001002809140000010001
33,33,0,1000000000000000000000000000001002809140000010001
34,34,0,1000000000000000000000000000001002809140000010001
35,35,0,1000000000000000000000000000001002809140000010001
36,36,0,1000000000000000000000000000001002809140000010001
37,37,0,1000000000000000000000000000001002809140000010001
38,38,0,1000000000000000000000000000001002809140000010001
39,39,0,1000000000000000000000000000001002809140000010001
40,40,0,1000000000000000000000000000001002809140000010001
41,41,0,1000000000000000000000000000001002809140000010001
42,42,0,1000000000000000000000000000001002809140000010001
43,43,0,1000000000000000000000000000001002809140000010001
44,44,0,1000000000000000000000000000001002809140000010001
45,45,0,1000000000000000000000000000001002809140000010001
46,46,0,1000000000000000000000000000001002809140000010001
47,47,0,1000000000000000000000000000001002809140000010001
48,48,0,1000000000000000000000000000001002809140000010001
49,49,0,1000000000000000000000000000001002809140000010001
50,50,0,1000000000000000000000000000001002809140000010001
51,51,0,1000000000000000000000000000001002809140000010001
52,52,0,1000000000000000000000000000001002809140000010001
53,53,0,1000000000000000000000000000001002809140000010001
54,54,0,1000000000000000000000000000001002809140000010001
55,55,0,1000000000000000000000000000001002809140000010001
56,56,0,1000000000000000000000000000001002809140000010001
57,57,0,1000000000000000000000000000001002809140000010001
58,58,0,1000000000000000000000000000001002809140000010001
59,59,0,1000000000000000000000000000001002809140000010001
60,60,0,1000000000000000000000000000001002809140000010001
61,61,0,1000000000000000000000000000001002809140000010001
62,62,0,1000000000000000000000000000001002809140000010001
63,63,0,1000000000000000000000000000001002809140000010001
64,64,0,1000000000000000000000000000001002809140000010001
65,65,0,1000000000000000000000000000001002809140000010001
66,66,0,1000000000000000000000000000001002809140000010001
67,67,0,1000000000000000000000000000001002809140000010001
68,68,0,1000000000000000000000000000001002809140000010001
69,69,0,1000000000000000000000000000001002809140000010001
70,70,0,1000000000000000000000000000001002809140000010001
71,71,0,1000000000000000000000000000001002809140000010001
72,72,0,1000000000000000000000000000001002809140000010001
73,73,0,1000000000000000000000000000001002809140000010001
74,74,0,1000000000000000000000000000001002809140000010001
75,75,0,1000000000000000000000000000001002809140000010001
76,76,0,1000000000000000000000000000001002809140000010001
77,77,0,1000000000000000000000000000001002809140000010001
78,78,0,1000000000000000000000000000001002809140000010001
79,79,0,1000000000000000000000000000001002809140000010001
80,80,0,1000000000000000000000000000001002809140000010001
81,81,0,1000000000000000000000000000001002809140000010001
82,82,0,1000000000000000000000000000001002809140000010001
83,83,0,1000000000000000000000000000001002809140000010001
84,84,0,1000000000000000000000000000001002809140000010001
85,85,0,1000000000000000000000000000001002809140000010001
86,86,0,1000000000000000000000000000001002809140000010001
87,87,0,1000000000000000000000000000001002809140000010001
88,88,0,1000000000000000000000000000001002809140000010001
89,89,0,1000000000000000000000000000001002809140000010001
90,90,0,1000000000000000000000000000001002809140000010001
91,91,0,1000000000000000000000000000001002809140000010001
92,92,0,1000000000000000000000000000001002809140000010001
93,93,0,1000000000000000000000000000001002809140000010001
94,94,0,1000000000000000000000000000001002809140000010001
95,95,0,1000000000000000000000000000001002809140000010001
96,96,0,1000000000000000000000000000001002809140000010001
97,97,0,1000000000000000000000000000001002809140000010001
98,98,0,1000000000000000000000000000001002809140000010001
99,99,0,1000000000000000000000000000001002809140000010001
100,100,0,1000000000000000000000000000001002809140000010001
101,101,0,1000000000000000000000000000001002809140000010001
102,102,0,1000000000000000000000000000001002809140000010001
103,103,0,1000000000000000000000000000001002809140000010001
104,104,0,1000000000000000000000000000001002809140000010001
105,105,0,1000000000000000000000000000001002809140000010001
106,106,0,1000000000000000000000000000001002809140000010001
107,107,0,1000000000000000000000000000001002809140000010001
108,108,0,1000000000000000000000000000001002809140000010001
109,109,0,1000000000000000000000000000001002809140000010001
110,110,0,1000000000000000000000000000001002809140000010001
111,111,0,1000000000000000000000000000001002809140000010001
112,112,0,1000000000000000000000000000001002809140000010001
113,113,0,1000000000000000000000000000001002809140000010001
114,114,0,1000000000000000000000000000001002809140000010001
115,115,0,1000000000000000000000000000001002809140000010001
116,116,0,1000000000000000000000000000001002809140000010001
117,117,0,1000000000000000000000000000001002809140000010001
118,118,0,1000000000000000000000000000001002809140000010001
119,119,0,1000000000000000000000000000001002809140000010001
120,120,0,1000000000000000000000000000001002809140000010001
121,121,0,1000000000000000000000000000001002809140000010001
122,122,0,1000000000000000000000000000001002809140000010001
123,123,0,1000000000000000000000000000001002809140000010001
124,124,0,1000000000000000000000000000001002809140000010001
125,125,0,1000000000000000000000000000001002809140000010001
126,126,0,1000000000000000000000000000001002809140000010001
127,127,0,1000000000000000000000000000001002809140000010001
128,128,0,1000000000000000000000000000001002809140000010001
129,129,0,1000000000000000000000000000001002809140000010001
130,130,0,1000000000000000000000000000001002809140000010001
131,131,0,1000000000000000000000000000001002809140000010001
132,132,0,1000000000000000000000000000001002809140000010001
133,133,0,1000000000000000000000000000001002809140000010001
134,134,0,1000000000000000000000000000001002809140000010001
135,135,0,1000000000000000000000000000001002809140000010001
136,136,0,1000000000000000000000000000001002809140000010001
137,137,0,1000000000000000000000000000001002809140000010001
138,138,0,1000000000000000000000000000001002809140000010001
139,139,0,1000000000000000000000000000001002809140000010001
140,140,0,1000000000000000000000000000001002809140000010001
141,141,0,1000000000000000000000000000001002809140000010001
142,142,0,1000000000000000000000000000001002809140000010001
143,143,0,1000000000000000000000000000001002809140000010001
144,144,0,1000000000000000000000000000001002809140000010001
145,145,0,1000000000000000000000000000001002809140000010001
146,146,0,1000000000000000000000000000001002809140000010001
147,147,0,1000000000000000000000000000001002809140000010001
148,148,0,1000000000000000000000000000001002809140000010001
149,149,0,1000000000000000000000000000001002809140000010001
150,150,0,1000000000000000000000000000001002809140000010001
151,151,0,1000000000000000000000000000001002809140000010001
152,152,0,1000000000000000000000000000001002809140000010001
153,153,0,1000000000000000000000000000001002809140000010001
154,154,0,1000000000000000000000000000001002809140000010001
155,155,0,1000000000000000000000000000001002809140000010001
156,156,0,1000000000000000000000000000001002809140000010001
157,157,0,1000000000000000000000000000001002809140000010001
158,158,0,1000000000000000000000000000001002809140000010001
159,159,0,1000000000000000000000000000001002809140000010001
160,160,0,1000000000000000000000000000001002809140000010001
161,161,0,1000000000000000000000000000001002809140000010001
162,162,0,1000000000000000000000000000001002809140000010001
163,163,0,1000000000000000000000000000001002809140000010001
164,164,0,1000000000000000000000000000001002809140000010001
165,165,0,1000000000000000000000000000001002809140000010001
166,166,0,1000000000000000000000000000001002809140000010001
167,167,0,1000000000000000000000000000001002809140000010001
168,168,0,1000000000000000000000000000001002809140000010001
169,169,0,1000000000000000000000000000001002809140000010001
170,170,0,1000000000000000000000000000001002809140000010001
171,171,0,1000000000000000000000000000001002809140000010001
172,172,0,1000000000000000000000000000001002809140000010001
173,173,0,1000000000000000000000000000001002809140000010001
174,174,0,1000000000000000000000000000001002809140000010001
175,175,0,1000000000000000000000000000001002809140000010001
176,176,0,1000000000000000000000000000001002809140000010001
177,177,0,1000000000000000000000000000001002809140000010001
178,178,0,1000000000000000000000000000001002809140000010001
179,179,0,1000000000000000000000000000001002809140000010001
180,180,0,1000000000000000000000000000001002809140000010001
181,181,0,1000000000000000000000000000001002809140000010001
182,182,0,1000000000000000000000000000001002809140000010001
183,183,0,1000000000000000000000000000001002809140000010001
184,184,0,1000000000000000000000000000001002809140000010001
185,185,0,1000000000000000000000000000001002809140000010001
186,186,0,1000000000000000000000000000001002809140000010001
187,187,0,1000000000000000000000000000001002809140000010001
188,188,0,1000000000000000000000000000001002809140000010001
189,189,0,1000000000000000000000000000001002809140000010001
190,190,0,1000000000000000000000000000001002809140000010001
191,191,0,1000000000000000000000000000001002809140000010001
192,192,0,1000000000000000000000000000001002809140000010001
193,193,0,1000000000000000000000000000001002809140000010001
194,194,0,1000000000000000000000000000001002809140000010001
195,195,0,1000000000000000000000000000001002809140000010001
196,196,0,1000000000000000000000000000001002809140000010001
197,197,0,1000000000000000000000000000001002809140000010001
198,198,0,1000000000000000000000000000001002809140000010001
199,199,0,1000000000000000000000000000001002809140000010001
200,200,0,1000000000000000000000000000001002809140000010001
201,201,0,1000000000000000000000000000001002809140000010001
202,202,0,1000000000000000000000000000001002809140000010001
203,203,0,1000000000000000000000000000001002809140000010001
204,204,0,1000000000000000000000000000001002809140000010001
205,205,0,1000000000000000000000000000001002809140000010001
206,206,0,1000000000000000000000000000001002809140000010001
207,207,0,1000000000000000000000000000001002809140000010001
208,208,0,1000000000000000000000000000001002809140000010001
209,209,0,1000000000000000000000000000001002809140000010001
210,210,0,1000000000000000000000000000001002809140000010001
211,211,0,1000000000000000000000000000001002809140000010001
212,212,0,1000000000000000000000000000001002809140000010001
213,213,0,1000000000000000000000000000001002809140000010001
214,214,0,1000000000000000000000000000001002809140000010001
215,215,0,1000000000000000000000000000001002809140000010001
216,216,0,1000000000000000000000000000001002809140000010001
217,217,0,1000000000000000000000000000001002809140000010001
218,218,0,1000000000000000000000000000001002809140000010001
219,219,0,1000000000000000000000000000001002809140000010001
220,220,0,1000000000000000000000000000001002809140000010001
221,221,0,1000000000000000000000000000001002809140000010001
222,222,0,1000000000000000000000000000001002809140000010001
223,223,0,1000000000000000000000000000001002809140000010001
224,224,0,1000000000000000000000000000001002809140000010001
225,225,0,1000000000000000000000000000001002809140000010001
226,226,0,1000000000000000000000000000001002809140000010001
227,227,0,1000000000000000000000000000001002809140000010001
228,228,0,1000000000000000000000000000001002809140000010001
229,229,0,1000000000000000000000000000001002809140000010001
230,230,0,1000000000000000000000000000001002809140000010001
231,231,0,1000000000000000000000000000001002809140000010001
232,232,0,1000000000000000000000000000001002809140000010001
233,233,0,1000000000000000000000000000001002809140000010001
234,234,0,1000000000000000000000000000001002809140000010001
235,235,0,1000000000000000000000000000001002809140000010001
236,236,0,1000000000000000000000000000001002809140000010001
237,237,0,1000000000000000000000000000001002809140000010001
238,238,0,1000000000000000000000000000001002809140000010001
239,239,0,1000000000000000000000000000001002809140000010001
240,240,0,1000000000000000000000000000001002809140000010001
241,241,0,1000000000000000000000000000001002809140000010001
242,242,0,1000000000000000000000000000001002809140000010001
243,243,0,1000000000000000000000000000001002809140000010001
244,244,0,1000000000000000000000000000001002809140000010001
245,245,0,1000000000000000000000000000001002809140000010001
246,246,0,1000000000000000000000000000001002809140000010001
247,247,0,1000000000000000000000000000001002809140000010001
248,248,0,1000000000000000000000000000001002809140000010001
249,249,0,1000000000000000000000000000001002809140000010001
250,250,0,1000000000000000000000000000001002809140000010001
251,251,0,1000000000000000000000000000001002809140000010001
252,252,0,1000000000000000000000000000001002809140000010001
253,253,0,1000000000000000000000000000001002809140000010001
254,254,0,1000000000000000000000000000001002809140000010001
255,255,0,1000000000000000000000000000001002809140000010001
256,256,0,1000000000000000000000000000001002809140000010001
257,257,0,1000000000000000000000000000001002809140000010001
258,258,0,1000000000000000000000000000001002809140000010001
259,259,0,1000000000000000000000000000001002809140000010001
260,260,0,1000000000000000000000000000001002809140000010001
261,261,0,1000000000000000000000000000001002809140000010001
262,262,0,1000000000000000000000000000001002809140000010001
263,263,0,1000000000000000000000000000001002809140000010001
264,264,0,1000000000000000000000000000001002809140000010001
265,265,0,1000000000000000000000000000001002809140000010001
266,266,0,1000000000000000000000000000001002809140000010001
267,267,0,1000000000000000000000000000001002809140000010001
268,268,0,1000000000000000000000000000001002809140000010001
269,269,0,1000000000000000000000000000001002809140000010001
270,270,0,1000000000000000000000000000001002809140000010001
271,271,0,1000000000000000000000000000001002809140000010001
272,272,0,1000000000000000000000000000001002809140000010001
273,273,0,1000000000000000000000000000001002809140000010001
274,274,0,1000000000000000000000000000001002809140000010001
275,275,0,1000000000000000000000000000001002809140000010001
276,276,0,1000000000000000000000000000001002809140000010001
277,277,0,1000000000000000000000000000001002809140000010001
278,278,0,1000000000000000000000000000001002809140000010001
279,279,0,1000000000000000000000000000001002809140000010001
280,280,0,1000000000000000000000000000001002809140000010001
281,281,0,1000000000000000000000000000001002809140000010001
282,282,0,1000000000000000000000000000001002809140000010001
283,283,0,1000000000000000000000000000001002809140000010001
284,284,0,1000000000000000000000000000001002809140000010001
285,285,0,1000000000000000000000000000001002809140000010001
286,286,0,1000000000000000000000000000001002809140000010001
287,287,0,1000000000000000000000000000001002809140000010001
288,288,0,1000000000000000000000000000001002809140000010001
289,289,0,1000000000000000000000000000001002809140000010001
290,290,0,1000000000000000000000000000001002809140000010001
291,291,0,1000000000000000000000000000001002809140000010001
292,292,0,1000000000000000000000000000001002809140000010001
293,293,0,1000000000000000000000000000001002809140000010001
294,294,0,1000000000000000000000000000001002809140000010001
295,295,0,1000000000000000000000000000001002809140000010001
296,296,0,1000000000000000000000000000001002809140000010001
297,297,0,1000000000000000000000000000001002809140000010001
298,298,0,1000000000000000000000000000001002809140000010001
299,299,0,1000000000000000000000000000001002809140000010001
300,300,0,1000000000000000000000000000001002809140000010001
301,301,0,1000000000000000000000000000001002809140000010001
302,302,0,1000000000000000000000000000001002809140000010001
303,303,0,1000000000000000000000000000001002809140000010001
304,304,0,1000000000000000000000000000001002809140000010001
305,305,0,1000000000000000000000000000001002809140000010001
306,306,0,1000000000000000000000000000001002809140000010001
307,307,0,1000000000000000000000000000001002809140000010001
308,308,0,1000000000000000000000000000001002809140000010001
309,309,0,1000000000000000000000000000001002809140000010001
310,310,0,1000000000000000000000000000001002809140000010001
311,311,0,1000000000000000000000000000001002809140000010001
312,312,0,1000000000000000000000000000001002809140000010001
313,313,0,1000000000000000000000000000001002809140000010001
314,314,0,1000000000000000000000000000001002809140000010001
315,315,0,1000000000000000000000000000001002809140000010001
316,316,0,1000000000000000000000000000001002809140000010001
317,317,0,1000000000000000000000000000001002809140000010001
318,318,0,1000000000000000000000000000001002809140000010001
319,319,0,1000000000000000000000000000001002809140000010001
320,320,0,1000000000000000000000000000001002809140000010001
321,321,0,1000000000000000000000000000001002809140000010001
322,322,0,1000000000000000000000000000001002809140000010001
323,323,0,1000000000000000000000000000001002809140000010001
324,324,0,1000000000000000000000000000001002809140000010001
325,325,0,1000000000000000000000000000001002809140000010001
326,326,0,1000000000000000000000000000001002809140000010001
327,327,0,1000000000000000000000000000001002809140000010001
328,328,0,1000000000000000000000000000001002809140000010001
329,329,0,1000000000000000000000000000001002809140000010001
330,330,0,1000000000000000000000000000001002809140000010001
331,331,0,1000000000000000000000000000001002809140000010001
332,332,0,1000000000000000000000000000001002809140000010001
333,333,0,1000000000000000000000000000001002809140000010001
334,334,0,1000000000000000000000000000001002809140000010001
335,335,0,1000000000000000000000000000001002809140000010001
336,336,0,1000000000000000000000000000001002809140000010001
337,337,0,1000000000000000000000000000001002809140000010001
338,338,0,1000000000000000000000000000001002809140000010001
339,339,0,1000000000000000000000000000001002809140000010001
340,340,0,1000000000000000000000000000001002809140000010001
341,341,0,1000000000000000000000000000001002809140000010001
342,342,0,1000000000000000000000000000001002809140000010001
343,343,0,1000000000000000000000000000001002809140000010001
344,344,0,1000000000000000000000000000001002809140000010001
345,345,0,1000000000000000000000000000001002809140000010001
346,346,0,1000000000000000000000000000001002809140000010001
347,347,0,1000000000000000000000000000001002809140000010001
348,348,0,1000000000000000000000000000001002809140000010001
349,349,0,1000000000000000000000000000001002809140000010001
350,350,0,1000000000000000000000000000001002809140000010001
351,351,0,1000000000000000000000000000001002809140000010001
352,352,0,1000000000000000000000000000001002809140000010001
353,353,0,1000000000000000000000000000001002809140000010001
354,354,0,1000000000000000000000000000001002809140000010001
355,355,0,1000000000000000000000000000001002809140000010001
356,356,0,1000000000000000000000000000001002809140000010001
357,357,0,1000000000000000000000000000001002809140000010001
358,358,0,1000000000000000000000000000001002809140000010001
359,359,0,1000000000000000000000000000001002809140000010001
360,360,0,1000000000000000000000000000001002809140000010001
361,361,0,1000000000000000000000000000001002809140000010001
362,362,0,1000000000000000000000000000001002809140000010001
363,363,0,1000000000000000000000000000001002809140000010001
364,364,0,1000000000000000000000000000001002809140000010001
365,365,0,1000000000000000000000000000001002809140000010001
366,366,0,1000000000000000000000000000001002809140000010001
367,367,0,1000000000000000000000000000001002809140000010001
368,368,0,1000000000000000000000000000001002809140000010001
369,369,0,1000000000000000000000000000001002809140000010001
370,370,0,1000000000000000000000000000001002809140000010001
371,371,0,1000000000000000000000000000001002809140000010001
372,372,0,1000000000000000000000000000001002809140000010001
373,373,0,1000000000000000000000000000001002809140000010001
374,374,0,1000000000000000000000000000001002809140000010001
375,375,0,1000000000000000000000000000001002809140000010001
376,376,0,1000000000000000000000000000001002809140000010001
377,377,0,1000000000000000000000000000001002809140000010001
378,378,0,1000000000000000000000000000001002809140000010001
379,379,0,1000000000000000000000000000001002809140000010001
380,380,0,1000000000000000000000000000001002809140000010001
381,381,0,1000000000000000000000000000001002809140000010001
382,382,0,1000000000000000000000000000001002809140000010001
383,383,0,1000000000000000000000000000001002809140000010001
384,384,0,1000000000000000000000000000001002809140000010001
385,385,0,1000000000000000000000000000001002809140000010001
386,386,0,1000000000000000000000000000001002809140000010001
387,387,0,1000000000000000000000000000001002809140000010001
388,388,0,1000000000000000000000000000001002809140000010001
389,389,0,1000000000000000000000000000001002809140000010001
390,390,0,1000000000000000000000000000001002809140000010001
391,391,0,1000000000000000000000000000001002809140000010001
392,392,0,1000000000000000000000000000001002809140000010001
393,393,0,1000000000000000000000000000001002809140000010001
394,394,0,1000000000000000000000000000001002809140000010001
395,395,0,1000000000000000000000000000001002809140000010001
396,396,0,1000000000000000000000000000001002809140000010001
397,397,0,1000000000000000000000000000001002809140000010001
398,398,0,1000000000000000000000000000001002809140000010001
399,399,0,1000000000000000000000000000001002809140000010001
400,400,0,1000000000000000000000000000001002809140000010001
401,401,0,1000000000000000000000000000001002809140000010001
402,402,0,1000000000000000000000000000001002809140000010001
403,403,0,1000000000000000000000000000001002809140000010001
404,404,0,1000000000000000000000000000001002809140000010001
405,405,0,1000000000000000000000000000001002809140000010001
406,406,0,1000000000000000000000000000001002809140000010001
407,407,0,1000000000000000000000000000001002809140000010001
408,408,0,1000000000000000000000000000001002809140000010001
409,409,0,1000000000000000000000000000001002809140000010001
410,410,0,1000000000000000000000000000001002809140000010001
411,411,0,1000000000000000000000000000001002809140000010001
412,412,0,1000000000000000000000000000001002809140000010001
413,413,0,1000000000000000000000000000001002809140000010001
414,414,0,1000000000000000000000000000001002809140000010001
415,415,0,1000000000000000000000000000001002809140000010001
416,416,0,1000000000000000000000000000001002809140000010001
417,417,0,1000000000000000000000000000001002809140000010001
418,418,0,1000000000000000000000000000001002809140000010001
419,419,0,1000000000000000000000000000001002809140000010001
420,420,0,1000000000000000000000000000001002809140000010001
421,421,0,1000000000000000000000000000001002809140000010001
422,422,0,1000000000000000000000000000001002809140000010001
423,423,0,1000000000000000000000000000001002809140000010001
424,424,0,1000000000000000000000000000001002809140000010001
425,425,0,1000000000000000000000000000001002809140000010001
426,426,0,1000000000000000000000000000001002809140000010001
427,427,0,1000000000000000000000000000001002809140000010001
428,428,0,1000000000000000000000000000001002809140000010001
429,429,0,1000000000000000000000000000001002809140000010001
430,430,0,1000000000000000000000000000001002809140000010001
431,431,0,1000000000000000000000000000001002809140000010001
432,432,0,1000000000000000000000000000001002809140000010001
433,433,0,1000000000000000000000000000001002809140000010001
434,434,0,1000000000000000000000000000001002809140000010001
435,435,0,1000000000000000000000000000001002809140000010001
436,436,0,1000000000000000000000000000001002809140000010001
437,437,0,1000000000000000000000000000001002809140000010001
438,438,0,1000000000000000000000000000001002809140000010001
439,439,0,1000000000000000000000000000001002809140000010001
440,440,0,1000000000000000000000000000001002809140000010001
441,441,0,1000000000000000000000000000001002809140000010001
442,442,0,1000000000000000000000000000001002809140000010001
443,443,0,1000000000000000000000000000001002809140000010001
444,444,0,1000000000000000000000000000001002809140000010001
445,445,0,1000000000000000000000000000001002809140000010001
446,446,0,1000000000000000000000000000001002809140000010001
447,447,0,1000000000000000000000000000001002809140000010001
448,448,0,1000000000000000000000000000001002809140000010001
449,449,0,1000000000000000000000000000001002809140000010001
450,450,0,1000000000000000000000000000001002809140000010001
451,451,0,1000000000000000000000000000001002809140000010001
452,452,0,1000000000000000000000000000001002809140000010001
453,453,0,1000000000000000000000000000001002809140000010001
454,454,0,1000000000000000000000000000001002809140000010001
455,455,0,1000000000000000000000000000001002809140000010001
456,456,0,1000000000000000000000000000001002809140000010001
457,457,0,1000000000000000000000000000001002809140000010001
458,458,0,1000000000000000000000000000001002809140000010001
459,459,0,1000000000000000000000000000001002809140000010001
460,460,0,1000000000000000000000000000001002809140000010001
461,461,0,1000000000000000000000000000001002809140000010001
462,462,0,1000000000000000000000000000001002809140000010001
463,463,0,1000000000000000000000000000001002809140000010001
464,464,0,1000000000000000000000000000001002809140000010001
465,465,0,1000000000000000000000000000001002809140000010001
466,466,0,1000000000000000000000000000001002809140000010001
467,467,0,1000000000000000000000000000001002809140000010001
468,468,0,1000000000000000000000000000001002809140000010001
469,469,0,1000000000000000000000000000001002809140000010001
470,470,0,1000000000000000000000000000001002809140000010001
471,471,0,1000000000000000000000000000001002809140000010001
472,472,0,1000000000000000000000000000001002809140000010001
473,473,0,1000000000000000000000000000001002809140000010001
474,474,0,1000000000000000000000000000001002809140000010001
475,475,0,1000000000000000000000000000001002809140000010001
476,476,0,1000000000000000000000000000001002809140000010001
477,477,0,1000000000000000000000000000001002809140000010001
478,478,0,1000000000000000000000000000001002809140000010001
479,479,0,1000000000000000000000000000001002809140000010001
480,480,0,1000000000000000000000000000001002809140000010001
481,481,0,1000000000000000000000000000001002809140000010001
482,482,0,1000000000000000000000000000001002809140000010001
483,483,0,1000000000000000000000000000001002809140000010001
484,484,0,1000000000000000000000000000001002809140000010001
485,485,0,1000000000000000000000000000001002809140000010001
486,486,0,1000000000000000000000000000001002809140000010001
487,487,0,1000000000000000000000000000001002809140000010001
488,488,0,1000000000000000000000000000001002809140000010001
489,489,0,1000000000000000000000000000001002809140000010001
490,490,0,1000000000000000000000000000001002809140000010001
491,491,0,1000000000000000000000000000001002809140000010001
492,492,0,1000000000000000000000000000001002809140000010001
493,493,0,1000000000000000000000000000001002809140000010001
494,494,0,1000000000000000000000000000001002809140000010001
495,495,0,1000000000000000000000000000001002809140000010001
496,496,0,1000000000000000000000000000001002809140000010001
497,497,0,1000000000000000000000000000001002809140000010001
498,498,0,1000000000000000000000000000001002809140000010001
499,499,0,1000000000000000000000000000001002809140000010001
500,500,0,1000000000000000000000000000001002809140000010001
501,501,0,1000000000000000000000000000001002809140000010001
502,502,0,1000000000000000000000000000001002809140000010001
503,503,0,1000000000000000000000000000001002809140000010001
504,504,0,1000000000000000000000000000001002809140000010001
505,505,0,1000000000000000000000000000001002809140000010001
506,506,0,1000000000000000000000000000001002809140000010001
507,507,0,1000000000000000000000000000001002809140000010001
508,508,0,1000000000000000000000000000001002809140000010001
509,509,0,1000000000000000000000000000001002809140000010001
510,510,0,1000000000000000000000000000001002809140000010001
511,511,0,1000000000000000000000000000001002809140000010001
512,512,0,1000000000000000000000000000001002809140000010001
513,513,0,1000000000000000000000000000001002809140000010001
514,514,0,1000000000000000000000000000001002809140000010001
515,515,0,1000000000000000000000000000001002809140000010001
516,516,0,1000000000000000000000000000001002809140000010001
517,517,0,1000000000000000000000000000001002809140000010001
518,518,0,1000000000000000000000000000001002809140000010001
519,519,0,1000000000000000000000000000001002809140000010001
520,520,0,1000000000000000000000000000001002809140000010001
521,521,0,1000000000000000000000000000001002809140000010001
522,522,0,1000000000000000000000000000001002809140000010001
523,523,0,1000000000000000000000000000001002809140000010001
524,524,0,1000000000000000000000000000001002809140000010001
525,525,0,1000000000000000000000000000001002809140000010001
526,526,0,1000000000000000000000000000001002809140000010001
527,527,0,1000000000000000000000000000001002809140000010001
528,528,0,1000000000000000000000000000001002809140000010001
529,529,0,1000000000000000000000000000001002809140000010001
530,530,0,1000000000000000000000000000001002809140000010001
531,531,0,1000000000000000000000000000001002809140000010001
532,532,0,1000000000000000000000000000001002809140000010001
533,533,0,1000000000000000000000000000001002809140000010001
534,534,0,1000000000000000000000000000001002809140000010001
535,535,0,1000000000000000000000000000001002809140000010001
536,536,0,1000000000000000000000000000001002809140000010001
537,537,0,1000000000000000000000000000001002809140000010001
538,538,0,1000000000000000000000000000001002809140000010001
539,539,0,1000000000000000000000000000001002809140000010001
540,540,0,1000000000000000000000000000001002809140000010001
541,541,0,1000000000000000000000000000001002809140000010001
542,542,0,1000000000000000000000000000001002809140000010001
543,543,0,1000000000000000000000000000001002809140000010001
544,544,0,1000000000000000000000000000001002809140000010001
545,545,0,1000000000000000000000000000001002809140000010001
546,546,0,1000000000000000000000000000001002809140000010001
547,547,0,1000000000000000000000000000001002809140000010001
548,548,0,1000000000000000000000000000001002809140000010001
549,549,0,1000000000000000000000000000001002809140000010001
550,550,0,1000000000000000000000000000001002809140000010001
551,551,0,1000000000000000000000000000001002809140000010001
552,552,0,1000000000000000000000000000001002809140000010001
553,553,0,1000000000000000000000000000001002809140000010001
554,554,0,1000000000000000000000000000001002809140000010001
555,555,0,1000000000000000000000000000001002809140000010001
556,556,0,1000000000000000000000000000001002809140000010001
557,557,0,1000000000000000000000000000001002809140000010001
558,558,0,1000000000000000000000000000001002809140000010001
559,559,0,1000000000000000000000000000001002809140000010001
560,560,0,1000000000000000000000000000001002809140000010001
561,561,0,1000000000000000000000000000001002809140000010001
562,562,0,1000000000000000000000000000001002809140000010001
563,563,0,1000000000000000000000000000001002809140000010001
564,564,0,1000000000000000000000000000001002809140000010001
565,565,0,1000000000000000000000000000001002809140000010001
566,566,0,1000000000000000000000000000001002809140000010001
567,567,0,1000000000000000000000000000001002809140000010001
568,568,0,1000000000000000000000000000001002809140000010001
569,569,0,1000000000000000000000000000001002809140000010001
570,570,0,1000000000000000000000000000001002809140000010001
571,571,0,1000000000000000000000000000001002809140000010001
572,572,0,1000000000000000000000000000001002809140000010001
573,573,0,1000000000000000000000000000001002809140000010001
574,574,0,1000000000000000000000000000001002809140000010001
575,575,0,1000000000000000000000000000001002809140000010001
576,576,0,1000000000000000000000000000001002809140000010001
577,577,0,1000000000000000000000000000001002809140000010001
578,578,0,1000000000000000000000000000001002809140000010001
579,579,0,1000000000000000000000000000001002809140000010001
580,580,0,1000000000000000000000000000001002809140000010001
581,581,0,1000000000000000000000000000001002809140000010001
582,582,0,1000000000000000000000000000001002809140000010001
583,583,0,1000000000000000000000000000001002809140000010001
584,584,0,1000000000000000000000000000001002809140000010001
585,585,0,1000000000000000000000000000001002809140000010001
586,586,0,1000000000000000000000000000001002809140000010001
587,587,0,1000000000000000000000000000001002809140000010001
588,588,0,1000000000000000000000000000001002809140000010001
589,589,0,1000000000000000000000000000001002809140000010001
590,590,0,1000000000000000000000000000001002809140000010001
591,591,0,1000000000000000000000000000001002809140000010001
592,592,0,1000000000000000000000000000001002809140000010001
593,593,0,1000000000000000000000000000001002809140000010001
594,594,0,1000000000000000000000000000001002809140000010001
595,595,0,1000000000000000000000000000001002809140000010001
596,596,0,1000000000000000000000000000001002809140000010001
597,597,0,1000000000000000000000000000001002809140000010001
598,598,0,1000000000000000000000000000001002809140000010001
599,599,0,1000000000000000000000000000001002809140000010001
600,600,0,1000000000000000000000000000001002809140000010001
601,601,0,1000000000000000000000000000001002809140000010001
602,602,0,1000000000000000000000000000001002809140000010001
603,603,0,1000000000000000000000000000001002809140000010001
604,604,0,1000000000000000000000000000001002809140000010001
605,605,0,1000000000000000000000000000001002809140000010001
606,606,0,1000000000000000000000000000001002809140000010001
607,607,0,1000000000000000000000000000001002809140000010001
608,608,0,1000000000000000000000000000001002809140000010001
609,609,0,1000000000000000000000000000001002809140000010001
610,610,0,1000000000000000000000000000001002809140000010001
611,611,0,1000000000000000000000000000001002809140000010001
612,612,0,1000000000000000000000000000001002809140000010001
613,613,0,1000000000000000000000000000001002809140000010001
614,614,0,1000000000000000000000000000001002809140000010001
615,615,0,1000000000000000000000000000001002809140000010001
616,616,0,1000000000000000000000000000001002809140000010001
617,617,0,1000000000000000000000000000001002809140000010001
618,618,0,1000000000000000000000000000001002809140000010001
619,619,0,1000000000000000000000000000001002809140000010001
620,620,0,1000000000000000000000000000001002809140000010001
621,621,0,1000000000000000000000000000001002809140000010001
622,622,0,1000000000000000000000000000001002809140000010001
623,623,0,1000000000000000000000000000001002809140000010001
624,624,0,1000000000000000000000000000001002809140000010001
625,625,0,1000000000000000000000000000001002809140000010001
626,626,0,1000000000000000000000000000001002809140000010001
627,627,0,1000000000000000000000000000001002809140000010001
628,628,0,1000000000000000000000000000001002809140000010001
629,629,0,1000000000000000000000000000001002809140000010001
630,630,0,1000000000000000000000000000001002809140000010001
631,631,0,1000000000000000000000000000001002809140000010001
632,632,0,1000000000000000000000000000001002809140000010001
633,633,0,1000000000000000000000000000001002809140000010001
634,634,0,1000000000000000000000000000001002809140000010001
635,635,0,1000000000000000000000000000001002809140000010001
636,636,0,1000000000000000000000000000001002809140000010001
637,637,0,1000000000000000000000000000001002809140000010001
638,638,0,1000000000000000000000000000001002809140000010001
639,639,0,1000000000000000000000000000001002809140000010001
640,640,0,1000000000000000000000000000001002809140000010001
641,641,0,1000000000000000000000000000001002809140000010001
642,642,0,1000000000000000000000000000001002809140000010001
643,643,0,1000000000000000000000000000001002809140000010001
644,644,0,1000000000000000000000000000001002809140000010001
645,645,0,1000000000000000000000000000001002809140000010001
646,646,0,1000000000000000000000000000001002809140000010001
647,647,0,1000000000000000000000000000001002809140000010001
648,648,0,1000000000000000000000000000001002809140000010001
649,649,0,1000000000000000000000000000001002809140000010001
650,650,0,1000000000000000000000000000001002809140000010001
651,651,0,1000000000000000000000000000001002809140000010001
652,652,0,1000000000000000000000000000001002809140000010001
653,653,0,1000000000000000000000000000001002809140000010001
654,654,0,1000000000000000000000000000001002809140000010001
655,655,0,1000000000000000000000000000001002809140000010001
656,656,0,1000000000000000000000000000001002809140000010001
657,657,0,1000000000000000000000000000001002809140000010001
658,658,0,1000000000000000000000000000001002809140000010001
659,659,0,1000000000000000000000000000001002809140000010001
660,660,0,1000000000000000000000000000001002809140000010001
661,661,0,1000000000000000000000000000001002809140000010001
662,662,0,1000000000000000000000000000001002809140000010001
663,663,0,1000000000000000000000000000001002809140000010001
664,664,0,1000000000000000000000000000001002809140000010001
665,665,0,1000000000000000000000000000001002809140000010001
666,666,0,1000000000000000000000000000001002809140000010001
667,667,0,1000000000000000000000000000001002809140000010001
668,668,0,1000000000000000000000000000001002809140000010001
669,669,0,1000000000000000000000000000001002809140000010001
670,670,0,1000000000000000000000000000001002809140000010001
671,671,0,1000000000000000000000000000001002809140000010001
672,672,0,1000000000000000000000000000001002809140000010001
673,673,0,1000000000000000000000000000001002809140000010001
674,674,0,1000000000000000000000000000001002809140000010001
675,675,0,1000000000000000000000000000001002809140000010001
676,676,0,1000000000000000000000000000001002809140000010001
677,677,0,1000000000000000000000000000001002809140000010001
678,678,0,1000000000000000000000000000001002809140000010001
679,679,0,1000000000000000000000000000001002809140000010001
680,680,0,1000000000000000000000000000001002809140000010001
681,681,0,1000000000000000000000000000001002809140000010001
682,682,0,1000000000000000000000000000001002809140000010001
683,683,0,1000000000000000000000000000001002809140000010001
684,684,0,1000000000000000000000000000001002809140000010001
685,685,0,1000000000000000000000000000001002809140000010001
686,686,0,1000000000000000000000000000001002809140000010001
687,687,0,1000000000000000000000000000001002809140000010001
688,688,0,1000000000000000000000000000001002809140000010001
689,689,0,1000000000000000000000000000001002809140000010001
690,690,0,1000000000000000000000000000001002809140000010001
691,691,0,1000000000000000000000000000001002809140000010001
692,692,0,1000000000000000000000000000001002809140000010001
693,693,0,1000000000000000000000000000001002809140000010001
694,694,0,1000000000000000000000000000001002809140000010001
695,695,0,1000000000000000000000000000001002809140000010001
696,696,0,1000000000000000000000000000001002809140000010001
697,697,0,1000000000000000000000000000001002809140000010001
698,698,0,1000000000000000000000000000001002809140000010001
699,699,0,1000000000000000000000000000001002809140000010001
700,700,0,1000000000000000000000000000001002809140000010001
701,701,0,1000000000000000000000000000001002809140000010001
702,702,0,1000000000000000000000000000001002809140000010001
703,703,0,1000000000000000000000000000001002809140000010001
704,704,0,1000000000000000000000000000001002809140000010001
705,705,0,1000000000000000000000000000001002809140000010001
706,706,0,1000000000000000000000000000001002809140000010001
707,707,0,1000000000000000000000000000001002809140000010001
708,708,0,1000000000000000000000000000001002809140000010001
709,709,0,1000000000000000000000000000001002809140000010001
710,710,0,1000000000000000000000000000001002809140000010001
711,711,0,1000000000000000000000000000001002809140000010001
712,712,0,1000000000000000000000000000001002809140000010001
713,713,0,1000000000000000000000000000001002809140000010001
714,714,0,1000000000000000000000000000001002809140000010001
715,715,0,1000000000000000000000000000001002809140000010001
716,716,0,1000000000000000000000000000001002809140000010001
717,717,0,1000000000000000000000000000001002809140000010001
718,718,0,1000000000000000000000000000001002809140000010001
719,719,0,1000000000000000000000000000001002809140000010001
720,720,0,1000000000000000000000000000001002809140000010001
721,721,0,1000000000000000000000000000001002809140000010001
722,722,0,1000000000000000000000000000001002809140000010001
723,723,0,1000000000000000000000000000001002809140000010001
724,724,0,1000000000000000000000000000001002809140000010001
725,725,0,1000000000000000000000000000001002809140000010001
726,726,0,1000000000000000000000000000001002809140000010001
727,727,0,1000000000000000000000000000001002809140000010001
728,728,0,1000000000000000000000000000001002809140000010001
729,729,0,1000000000000000000000000000001002809140000010001
730,730,0,1000000000000000000000000000001002809140000010001
731,731,0,1000000000000000000000000000001002809140000010001
732,732,0,1000000000000000000000000000001002809140000010001
733,733,0,1000000000000000000000000000001002809140000010001
734,734,0,1000000000000000000000000000001002809140000010001
735,735,0,1000000000000000000000000000001002809140000010001
736,736,0,1000000000000000000000000000001002809140000010001
737,737,0,1000000000000000000000000000001002809140000010001
738,738,0,1000000000000000000000000000001002809140000010001
739,739,0,1000000000000000000000000000001002809140000010001
740,740,0,1000000000000000000000000000001002809140000010001
741,741,0,1000000000000000000000000000001002809140000010001
742,742,0,1000000000000000000000000000001002809140000010001
743,743,0,1000000000000000000000000000001002809140000010001
744,744,0,1000000000000000000000000000001002809140000010001
745,745,0,1000000000000000000000000000001002809140000010001
746,746,0,1000000000000000000000000000001002809140000010001
747,747,0,1000000000000000000000000000001002809140000010001
748,748,0,1000000000000000000000000000001002809140000010001
749,749,0,1000000000000000000000000000001002809140000010001
750,750,0,1000000000000000000000000000001002809140000010001
751,751,0,1000000000000000000000000000001002809140000010001
752,752,0,1000000000000000000000000000001002809140000010001
753,753,0,1000000000000000000000000000001002809140000010001
754,754,0,1000000000000000000000000000001002809140000010001
755,755,0,1000000000000000000000000000001002809140000010001
756,756,0,1000000000000000000000000000001002809140000010001
757,757,0,1000000000000000000000000000001002809140000010001
758,758,0,1000000000000000000000000000001002809140000010001
759,759,0,1000000000000000000000000000001002809140000010001
760,760,0,1000000000000000000000000000001002809140000010001
761,761,0,1000000000000000000000000000001002809140000010001
762,762,0,1000000000000000000000000000001002809140000010001
763,763,0,1000000000000000000000000000001002809140000010001
764,764,0,1000000000000000000000000000001002809140000010001
765,765,0,1000000000000000000000000000001002809140000010001
766,766,0,1000000000000000000000000000001002809140000010001
767,767,0,1000000000000000000000000000001002809140000010001
768,768,0,1000000000000000000000000000001002809140000010001
769,769,0,1000000000000000000000000000001002809140000010001
770,770,0,1000000000000000000000000000001002809140000010001
771,771,0,1000000000000000000000000000001002809140000010001
772,772,0,1000000000000000000000000000001002809140000010001
773,773,0,1000000000000000000000000000001002809140000010001
774,774,0,1000000000000000000000000000001002809140000010001
775,775,0,1000000000000000000000000000001002809140000010001
776,776,0,1000000000000000000000000000001002809140000010001
777,777,0,1000000000000000000000000000001002809140000010001
778,778,0,1000000000000000000000000000001002809140000010001
779,779,0,1000000000000000000000000000001002809140000010001
780,780,0,1000000000000000000000000000001002809140000010001
781,781,0,1000000000000000000000000000001002809140000010001
782,782,0,1000000000000000000000000000001002809140000010001
783,783,0,1000000000000000000000000000001002809140000010001
784,784,0,1000000000000000000000000000001002809140000010001
785,785,0,1000000000000000000000000000001002809140000010001
786,786,0,1000000000000000000000000000001002809140000010001
787,787,0,1000000000000000000000000000001002809140000010001
788,788,0,1000000000000000000000000000001002809140000010001
789,789,0,1000000000000000000000000000001002809140000010001
790,790,0,1000000000000000000000000000001002809140000010001
791,791,0,1000000000000000000000000000001002809140000010001
792,792,0,1000000000000000000000000000001002809140000010001
793,793,0,1000000000000000000000000000001002809140000010001
794,794,0,1000000000000000000000000000001002809140000010001
795,795,0,1000000000000000000000000000001002809140000010001
796,796,0,1000000000000000000000000000001002809140000010001
797,797,0,1000000000000000000000000000001002809140000010001
798,798,0,1000000000000000000000000000001002809140000010001
799,799,0,1000000000000000000000000000001002809140000010001
800,800,0,1000000000000000000000000000001002809140000010001
801,801,0,1000000000000000000000000000001002809140000010001
802,802,0,1000000000000000000000000000001002809140000010001
803,803,0,1000000000000000000000000000001002809140000010001
804,804,0,1000000000000000000000000000001002809140000010001
805,805,0,1000000000000000000000000000001002809140000010001
806,806,0,1000000000000000000000000000001002809140000010001
807,807,0,1000000000000000000000000000001002809140000010001
808,808,0,1000000000000000000000000000001002809140000010001
809,809,0,1000000000000000000000000000001002809140000010001
810,810,0,1000000000000000000000000000001002809140000010001
811,811,0,1000000000000000000000000000001002809140000010001
812,812,0,1000000000000000000000000000001002809140000010001
813,813,0,1000000000000000000000000000001002809140000010001
814,814,0,1000000000000000000000000000001002809140000010001
815,815,0,1000000000000000000000000000001002809140000010001
816,816,0,1000000000000000000000000000001002809140000010001
817,817,0,1000000000000000000000000000001002809140000010001
818,818,0,1000000000000000000000000000001002809140000010001
819,819,0,1000000000000000000000000000001002809140000010001
820,820,0,1000000000000000000000000000001002809140000010001
821,821,0,1000000000000000000000000000001002809140000010001
822,822,0,1000000000000000000000000000001002809140000010001
823,823,0,1000000000000000000000000000001002809140000010001
824,824,0,1000000000000000000000000000001002809140000010001
825,825,0,1000000000000000000000000000001002809140000010001
826,826,0,1000000000000000000000000000001002809140000010001
827,827,0,1000000000000000000000000000001002809140000010001
828,828,0,1000000000000000000000000000001002809140000010001
829,829,0,1000000000000000000000000000001002809140000010001
830,830,0,1000000000000000000000000000001002809140000010001
831,831,0,1000000000000000000000000000001002809140000010001
832,832,0,1000000000000000000000000000001002809140000010001
833,833,0,1000000000000000000000000000001002809140000010001
834,834,0,1000000000000000000000000000001002809140000010001
835,835,0,1000000000000000000000000000001002809140000010001
836,836,0,1000000000000000000000000000001002809140000010001
837,837,0,1000000000000000000000000000001002809140000010001
838,838,0,1000000000000000000000000000001002809140000010001
839,839,0,1000000000000000000000000000001002809140000010001
840,840,0,1000000000000000000000000000001002809140000010001
841,841,0,1000000000000000000000000000001002809140000010001
842,842,0,1000000000000000000000000000001002809140000010001
843,843,0,1000000000000000000000000000001002809140000010001
844,844,0,1000000000000000000000000000001002809140000010001
845,845,0,1000000000000000000000000000001002809140000010001
846,846,0,1000000000000000000000000000001002809140000010001
847,847,0,1000000000000000000000000000001002809140000010001
848,848,0,1000000000000000000000000000001002809140000010001
849,849,0,1000000000000000000000000000001002809140000010001
850,850,0,1000000000000000000000000000001002809140000010001
851,851,0,1000000000000000000000000000001002809140000010001
852,852,0,1000000000000000000000000000001002809140000010001
853,853,0,1000000000000000000000000000001002809140000010001
854,854,0,1000000000000000000000000000001002809140000010001
855,855,0,1000000000000000000000000000001002809140000010001
856,856,0,1000000000000000000000000000001002809140000010001
857,857,0,1000000000000000000000000000001002809140000010001
858,858,0,1000000000000000000000000000001002809140000010001
859,859,0,1000000000000000000000000000001002809140000010001
860,860,0,1000000000000000000000000000001002809140000010001
861,861,0,1000000000000000000000000000001002809140000010001
862,862,0,1000000000000000000000000000001002809140000010001
863,863,0,1000000000000000000000000000001002809140000010001
864,864,0,1000000000000000000000000000001002809140000010001
865,865,0,1000000000000000000000000000001002809140000010001
866,866,0,1000000000000000000000000000001002809140000010001
867,867,0,1000000000000000000000000000001002809140000010001
868,868,0,1000000000000000000000000000001002809140000010001
869,869,0,1000000000000000000000000000001002809140000010001
870,870,0,1000000000000000000000000000001002809140000010001
871,871,0,1000000000000000000000000000001002809140000010001
872,872,0,1000000000000000000000000000001002809140000010001
873,873,0,1000000000000000000000000000001002809140000010001
874,874,0,1000000000000000000000000000001002809140000010001
875,875,0,1000000000000000000000000000001002809140000010001
876,876,0,1000000000000000000000000000001002809140000010001
877,877,0,1000000000000000000000000000001002809140000010001
878,878,0,1000000000000000000000000000001002809140000010001
879,879,0,1000000000000000000000000000001002809140000010001
880,880,0,1000000000000000000000000000001002809140000010001
881,881,0,1000000000000000000000000000001002809140000010001
882,882,0,1000000000000000000000000000001002809140000010001
883,883,0,1000000000000000000000000000001002809140000010001
884,884,0,1000000000000000000000000000001002809140000010001
885,885,0,1000000000000000000000000000001002809140000010001
886,886,0,1000000000000000000000000000001002809140000010001
887,887,0,1000000000000000000000000000001002809140000010001
888,888,0,1000000000000000000000000000001002809140000010001
889,889,0,1000000000000000000000000000001002809140000010001
890,890,0,1000000000000000000000000000001002809140000010001
891,891,0,1000000000000000000000000000001002809140000010001
892,892,0,1000000000000000000000000000001002809140000010001
893,893,0,1000000000000000000000000000001002809140000010001
894,894,0,1000000000000000000000000000001002809140000010001
895,895,0,1000000000000000000000000000001002809140000010001
896,896,0,1000000000000000000000000000001002809140000010001
897,897,0,1000000000000000000000000000001002809140000010001
898,898,0,1000000000000000000000000000001002809140000010001
899,899,0,1000000000000000000000000000001002809140000010001
900,900,0,1000000000000000000000000000001002809140000010001
901,901,0,1000000000000000000000000000001002809140000010001
902,902,0,1000000000000000000000000000001002809140000010001
903,903,0,1000000000000000000000000000001002809140000010001
904,904,0,1000000000000000000000000000001002809140000010001
905,905,0,1000000000000000000000000000001002809140000010001
906,906,0,1000000000000000000000000000001002809140000010001
907,907,0,1000000000000000000000000000001002809140000010001
908,908,0,1000000000000000000000000000001002809140000010001
909,909,0,1000000000000000000000000000001002809140000010001
910,910,0,1000000000000000000000000000001002809140000010001
911,911,0,1000000000000000000000000000001002809140000010001
912,912,0,1000000000000000000000000000001002809140000010001
913,913,0,1000000000000000000000000000001002809140000010001
914,914,0,1000000000000000000000000000001002809140000010001
915,915,0,1000000000000000000000000000001002809140000010001
916,916,0,1000000000000000000000000000001002809140000010001
917,917,0,1000000000000000000000000000001002809140000010001
918,918,0,1000000000000000000000000000001002809140000010001
919,919,0,1000000000000000000000000000001002809140000010001
920,920,0,1000000000000000000000000000001002809140000010001
921,921,0,1000000000000000000000000000001002809140000010001
922,922,0,1000000000000000000000000000001002809140000010001
923,923,0,1000000000000000000000000000001002809140000010001
924,924,0,1000000000000000000000000000001002809140000010001
925,925,0,1000000000000000000000000000001002809140000010001
926,926,0,1000000000000000000000000000001002809140000010001
927,927,0,1000000000000000000000000000001002809140000010001
928,928,0,1000000000000000000000000000001002809140000010001
929,929,0,1000000000000000000000000000001002809140000010001
930,930,0,1000000000000000000000000000001002809140000010001
931,931,0,1000000000000000000000000000001002809140000010001
932,932,0,1000000000000000000000000000001002809140000010001
933,933,0,1000000000000000000000000000001002809140000010001
934,934,0,1000000000000000000000000000001002809140000010001
935,935,0,1000000000000000000000000000001002809140000010001
936,936,0,1000000000000000000000000000001002809140000010001
937,937,0,1000000000000000000000000000001002809140000010001
938,938,0,1000000000000000000000000000001002809140000010001
939,939,0,1000000000000000000000000000001002809140000010001
940,940,0,1000000000000000000000000000001002809140000010001
941,941,0,1000000000000000000000000000001002809140000010001
942,942,0,1000000000000000000000000000001002809140000010001
943,943,0,1000000000000000000000000000001002809140000010001
944,944,0,1000000000000000000000000000001002809140000010001
945,945,0,1000000000000000000000000000001002809140000010001
946,946,0,1000000000000000000000000000001002809140000010001
947,947,0,1000000000000000000000000000001002809140000010001
948,948,0,1000000000000000000000000000001002809140000010001
949,949,0,1000000000000000000000000000001002809140000010001
950,950,0,1000000000000000000000000000001002809140000010001
951,951,0,1000000000000000000000000000001002809140000010001
952,952,0,1000000000000000000000000000001002809140000010001
953,953,0,1000000000000000000000000000001002809140000010001
954,954,0,1000000000000000000000000000001002809140000010001
955,955,0,1000000000000000000000000000001002809140000010001
956,956,0,1000000000000000000000000000001002809140000010001
957,957,0,1000000000000000000000000000001002809140000010001
958,958,0,1000000000000000000000000000001002809140000010001
959,959,0,1000000000000000000000000000001002809140000010001
960,960,0,1000000000000000000000000000001002809140000010001
961,961,0,1000000000000000000000000000001002809140000010001
962,962,0,1000000000000000000000000000001002809140000010001
963,963,0,1000000000000000000000000000001002809140000010001
964,964,0,1000000000000000000000000000001002809140000010001
965,965,0,1000000000000000000000000000001002809140000010001
966,966,0,1000000000000000000000000000001002809140000010001
967,967,0,1000000000000000000000000000001002809140000010001
968,968,0,1000000000000000000000000000001002809140000010001
969,969,0,1000000000000000000000000000001002809140000010001
970,970,0,1000000000000000000000000000001002809140000010001
971,971,0,1000000000000000000000000000001002809140000010001
972,972,0,1000000000000000000000000000001002809140000010001
973,973,0,1000000000000000000000000000001002809140000010001
974,974,0,1000000000000000000000000000001002809140000010001
975,975,0,1000000000000000000000000000001002809140000010001
976,976,0,1000000000000000000000000000001002809140000010001
977,977,0,1000000000000000000000000000001002809140000010001
978,978,0,1000000000000000000000000000001002809140000010001
979,979,0,1000000000000000000000000000001002809140000010001
980,980,0,1000000000000000000000000000001002809140000010001
981,981,0,1000000000000000000000000000001002809140000010001
982,982,0,1000000000000000000000000000001002809140000010001
983,983,0,1000000000000000000000000000001002809140000010001
984,984,0,1000000000000000000000000000001002809140000010001
985,985,0,1000000000000000000000000000001002809140000010001
986,986,0,1000000000000000000000000000001002809140000010001
987,987,0,1000000000000000000000000000001002809140000010001
988,988,0,1000000000000000000000000000001002809140000010001
989,989,0,1000000000000000000000000000001002809140000010001
990,990,0,1000000000000000000000000000001002809140000010001
991,991,0,1000000000000000000000000000001002809140000010001
992,992,0,1000000000000000000000000000001002809140000010001
993,993,0,1000000000000000000000000000001002809140000010001
994,994,0,1000000000000000000000000000001002809140000010001
995,995,0,1000000000000000000000000000001002809140000010001
996,996,0,1000000000000000000000000000001002809140000010001
997,997,0,1000000000000000000000000000001002809140000010001
998,998,0,1000000000000000000000000000001002809140000010001
999,999,0,1000000000000000000000000000001002809140000010001
1000,1000,0,1000000000000000000000000000001002809140000010001
1001,1001,0,1000000000000000000000000000001002809140000010001
1002,1002,0,1000000000000000000000000000001002809140000010001
1003,1003,0,1000000000000000000000000000001002809140000010001
1004,1004,0,1000000000000000000000000000001002809140000010001
1005,1005,0,1000000000000000000000000000001002809140000010001
1006,1006,0,1000000000000000000000000000001002809140000010001
1007,1007,0,1000000000000000000000000000001002809140000010001
1008,1008,0,1000000000000000000000000000001002809140000010001
1009,1009,0,1000000000000000000000000000001002809140000010001
1010,1010,0,1000000000000000000000000000001002809140000010001
1011,1011,0,1000000000000000000000000000001002809140000010001
1012,1012,0,1000000000000000000000000000001002809140000010001
1013,1013,0,1000000000000000000000000000001002809140000010001
1014,1014,0,1000000000000000000000000000001002809140000010001
1015,1015,0,1000000000000000000000000000001002809140000010001
1016,1016,0,1000000000000000000000000000001002809140000010001
1017,1017,0,1000000000000000000000000000001002809140000010001
1018,1018,0,1000000000000000000000000000001002809140000010001
1019,1019,0,1000000000000000000000000000001002809140000010001
1020,1020,0,1000000000000000000000000000001002809140000010001
1021,1021,0,1000000000000000000000000000001002809140000010001
1022,1022,0,1000000000000000000000000000001002809140000010001
1023,1023,0,1000000000000000000000000000001002809140000010001
1024,1024,1,1000000000000000000000000000001002809140000010001
1025,1025,0,1000000000000000000000000000001002809140000010001
1026,1026,0,1000000000000000000000000000001002809140000010001
1027,1027,0,1000000000000000000000000000001002809140000010001
1028,1028,0,1000000000000000000000000000001002809140000010001
1029,1029,0,1000000000000000000000000000001002809140000010001
1030,1030,0,1000000000000000000000000000001002809140000010001
1031,1031,0,1000000000000000000000000000001002809140000010001
1032,1032,0,1000000000000000000000000000001002809140000010001
1033,1033,0,1000000000000000000000000000001002809140000010001
1034,1034,0,1000000000000000000000000000001002809140000010001
1035,1035,0,1000000000000000000000000000001002809140000010001
1036,1036,0,1000000000000000000000000000001002809140000010001
1037,1037,0,1000000000000000000000000000001002809140000010001
1038,1038,0,1000000000000000000000000000001002809140000010001
1039,1039,0,1000000000000000000000000000001002809140000010001
1040,1040,0,1000000000000000000000000000001002809140000010001
1041,1041,0,1000000000000000000000000000001002809140000010001
1042,1042,0,1000000000000000000000000000001002809140000010001
1043,1043,0,1000000000000000000000000000001002809140000010001
1044,1044,0,1000000000000000000000000000001002809140000010001
1045,1045,0,1000000000000000000000000000001002809140000010001
1046,1046,0,1000000000000000000000000000001002809140000010001
1047,1047,0,1000000000000000000000000000001002809140000010001
1048,1048,0,1000000000000000000000000000001002809140000010001
1049,1049,0,1000000000000000000000000000001002809140000010001
1050,1050,0,1000000000000000000000000000001002809140000010001
1051,1051,0,1000000000000000000000000000001002809140000010001
1052,1052,0,1000000000000000000000000000001002809140000010001
1053,1053,0,1000000000000000000000000000001002809140000010001
1054,1054,0,1000000000000000000000000000001002809140000010001
1055,1055,0,1000000000000000000000000000001002809140000010001
1056,1056,0,1000000000000000000000000000001002809140000010001
1057,1057,0,1000000000000000000000000000001002809140000010001
1058,1058,0,1000000000000000000000000000001002809140000010001
1059,1059,0,1000000000000000000000000000001002809140000010001
1060,1060,0,1000000000000000000000000000001002809140000010001
1061,1061,0,1000000000000000000000000000001002809140000010001
1062,1062,0,1000000000000000000000000000001002809140000010001
1063,1063,0,1000000000000000000000000000001002809140000010001
1064,1064,0,1000000000000000000000000000001002809140000010001
1065,1065,0,1000000000000000000000000000001002809140000010001
1066,1066,0,1000000000000000000000000000001002809140000010001
1067,1067,0,1000000000000000000000000000001002809140000010001
1068,1068,0,1000000000000000000000000000001002809140000010001
1069,1069,0,1000000000000000000000000000001002809140000010001
1070,1070,0,1000000000000000000000000000001002809140000010001
1071,1071,0,1000000000000000000000000000001002809140000010001
1072,1072,0,1000000000000000000000000000001002809140000010001
1073,1073,0,1000000000000000000000000000001002809140000010001
1074,1074,0,1000000000000000000000000000001002809140000010001
1075,1075,0,1000000000000000000000000000001002809140000010001
1076,1076,0,1000000000000000000000000000001002809140000010001
1077,1077,0,1000000000000000000000000000001002809140000010001
1078,1078,0,1000000000000000000000000000001002809140000010001
1079,1079,0,1000000000000000000000000000001002809140000010001
1080,1080,0,1000000000000000000000000000001002809140000010001
1081,1081,0,1000000000000000000000000000001002809140000010001
1082,1082,0,1000000000000000000000000000001002809140000010001
1083,1083,0,1000000000000000000000000000001002809140000010001
1084,1084,0,1000000000000000000000000000001002809140000010001
1085,1085,0,1000000000000000000000000000001002809140000010001
1086,1086,0,1000000000000000000000000000001002809140000010001
1087,1087,0,1000000000000000000000000000001002809140000010001
1088,1088,0,1000000000000000000000000000001002809140000010001
1089,1089,0,1000000000000000000000000000001002809140000010001
1090,1090,0,1000000000000000000000000000001002809140000010001
1091,1091,0,1000000000000000000000000000001002809140000010001
1092,1092,0,1000000000000000000000000000001002809140000010001
1093,1093,0,1000000000000000000000000000001002809140000010001
1094,1094,0,1000000000000000000000000000001002809140000010001
1095,1095,0,1000000000000000000000000000001002809140000010001
1096,1096,0,1000000000000000000000000000001002809140000010001
1097,1097,0,1000000000000000000000000000001002809140000010001
1098,1098,0,1000000000000000000000000000001002809140000010001
1099,1099,0,1000000000000000000000000000001002809140000010001
1100,1100,0,1000000000000000000000000000001002809140000010001
1101,1101,0,1000000000000000000000000000001002809140000010001
1102,1102,0,1000000000000000000000000000001002809140000010001
1103,1103,0,1000000000000000000000000000001002809140000010001
1104,1104,0,1000000000000000000000000000001002809140000010001
1105,1105,0,1000000000000000000000000000001002809140000010001
1106,1106,0,1000000000000000000000000000001002809140000010001
1107,1107,0,1000000000000000000000000000001002809140000010001
1108,1108,0,1000000000000000000000000000001002809140000010001
1109,1109,0,1000000000000000000000000000001002809140000010001
1110,1110,0,1000000000000000000000000000001002809140000010001
1111,1111,0,1000000000000000000000000000001002809140000010001
1112,1112,0,1000000000000000000000000000001002809140000010001
1113,1113,0,1000000000000000000000000000001002809140000010001
1114,1114,0,1000000000000000000000000000001002809140000010001
1115,1115,0,1000000000000000000000000000001002809140000010001
1116,1116,0,1000000000000000000000000000001002809140000010001
1117,1117,0,1000000000000000000000000000001002809140000010001
1118,1118,0,1000000000000000000000000000001002809140000010001
1119,1119,0,1000000000000000000000000000001002809140000010001
1120,1120,0,1000000000000000000000000000001002809140000010001
1121,1121,0,1000000000000000000000000000001002809140000010001
1122,1122,0,1000000000000000000000000000001002809140000010001
1123,1123,0,1000000000000000000000000000001002809140000010001
1124,1124,0,1000000000000000000000000000001002809140000010001
1125,1125,0,1000000000000000000000000000001002809140000010001
1126,1126,0,1000000000000000000000000000001002809140000010001
1127,1127,0,1000000000000000000000000000001002809140000010001
1128,1128,0,1000000000000000000000000000001002809140000010001
1129,1129,0,1000000000000000000000000000001002809140000010001
1130,1130,0,1000000000000000000000000000001002809140000010001
1131,1131,0,1000000000000000000000000000001002809140000010001
1132,1132,0,1000000000000000000000000000001002809140000010001
1133,1133,0,1000000000000000000000000000001002809140000010001
1134,1134,0,1000000000000000000000000000001002809140000010001
1135,1135,0,1000000000000000000000000000001002809140000010001
1136,1136,0,1000000000000000000000000000001002809140000010001
1137,1137,0,1000000000000000000000000000001002809140000010001
1138,1138,0,1000000000000000000000000000001002809140000010001
1139,1139,0,1000000000000000000000000000001002809140000010001
1140,1140,0,1000000000000000000000000000001002809140000010001
1141,1141,0,1000000000000000000000000000001002809140000010001
1142,1142,0,1000000000000000000000000000001002809140000010001
1143,1143,0,1000000000000000000000000000001002809140000010001
1144,1144,0,1000000000000000000000000000001002809140000010001
1145,1145,0,1000000000000000000000000000001002809140000010001
1146,1146,0,1000000000000000000000000000001002809140000010001
1147,1147,0,1000000000000000000000000000001002809140000010001
1148,1148,0,1000000000000000000000000000001002809140000010001
1149,1149,0,1000000000000000000000000000001002809140000010001
1150,1150,0,1000000000000000000000000000001002809140000010001
1151,1151,0,1000000000000000000000000000001002809140000010001
1152,1152,0,1000000000000000000000000000001002809140000010001
1153,1153,0,1000000000000000000000000000001002809140000010001
1154,1154,0,1000000000000000000000000000001002809140000010001
1155,1155,0,1000000000000000000000000000001002809140000010001
1156,1156,0,1000000000000000000000000000001002809140000010001
1157,1157,0,1000000000000000000000000000001002809140000010001
1158,1158,0,1000000000000000000000000000001002809140000010001
1159,1159,0,1000000000000000000000000000001002809140000010001
1160,1160,0,1000000000000000000000000000001002809140000010001
1161,1161,0,1000000000000000000000000000001002809140000010001
1162,1162,0,1000000000000000000000000000001002809140000010001
1163,1163,0,1000000000000000000000000000001002809140000010001
1164,1164,0,1000000000000000000000000000001002809140000010001
1165,1165,0,1000000000000000000000000000001002809140000010001
1166,1166,0,1000000000000000000000000000001002809140000010001
1167,1167,0,1000000000000000000000000000001002809140000010001
1168,1168,0,1000000000000000000000000000001002809140000010001
1169,1169,0,1000000000000000000000000000001002809140000010001
1170,1170,0,1000000000000000000000000000001002809140000010001
1171,1171,0,1000000000000000000000000000001002809140000010001
1172,1172,0,1000000000000000000000000000001002809140000010001
1173,1173,0,1000000000000000000000000000001002809140000010001
1174,1174,0,1000000000000000000000000000001002809140000010001
1175,1175,0,1000000000000000000000000000001002809140000010001
1176,1176,0,1000000000000000000000000000001002809140000010001
1177,1177,0,1000000000000000000000000000001002809140000010001
1178,1178,0,1000000000000000000000000000001002809140000010001
1179,1179,0,1000000000000000000000000000001002809140000010001
1180,1180,0,1000000000000000000000000000001002809140000010001
1181,1181,0,1000000000000000000000000000001002809140000010001
1182,1182,0,1000000000000000000000000000001002809140000010001
1183,1183,0,1000000000000000000000000000001002809140000010001
1184,1184,0,1000000000000000000000000000001002809140000010001
1185,1185,0,1000000000000000000000000000001002809140000010001
1186,1186,0,1000000000000000000000000000001002809140000010001
1187,1187,0,1000000000000000000000000000001002809140000010001
1188,1188,0,1000000000000000000000000000001002809140000010001
1189,1189,0,1000000000000000000000000000001002809140000010001
1190,1190,0,1000000000000000000000000000001002809140000010001
1191,1191,0,1000000000000000000000000000001002809140000010001
1192,1192,0,1000000000000000000000000000001002809140000010001
1193,1193,0,1000000000000000000000000000001002809140000010001
1194,1194,0,1000000000000000000000000000001002809140000010001
1195,1195,0,1000000000000000000000000000001002809140000010001
1196,1196,0,1000000000000000000000000000001002809140000010001
1197,1197,0,1000000000000000000000000000001002809140000010001
1198,1198,0,1000000000000000000000000000001002809140000010001
1199,1199,0,1000000000000000000000000000001002809140000010001
1200,1200,0,1000000000000000000000000000001002809140000010001
1201,1201,0,1000000000000000000000000000001002809140000010001
1202,1202,0,1000000000000000000000000000001002809140000010001
1203,1203,0,1000000000000000000000000000001002809140000010001
1204,1204,0,1000000000000000000000000000001002809140000010001
1205,1205,0,1000000000000000000000000000001002809140000010001
1206,1206,0,1000000000000000000000000000001002809140000010001
1207,1207,0,1000000000000000000000000000001002809140000010001
1208,1208,0,1000000000000000000000000000001002809140000010001
1209,1209,0,1000000000000000000000000000001002809140000010001
1210,1210,0,1000000000000000000000000000001002809140000010001
1211,1211,0,1000000000000000000000000000001002809140000010001
1212,1212,0,1000000000000000000000000000001002809140000010001
1213,1213,0,1000000000000000000000000000001002809140000010001
1214,1214,0,1000000000000000000000000000001002809140000010001
1215,1215,0,1000000000000000000000000000001002809140000010001
1216,1216,0,1000000000000000000000000000001002809140000010001
1217,1217,0,1000000000000000000000000000001002809140000010001
1218,1218,0,1000000000000000000000000000001002809140000010001
1219,1219,0,1000000000000000000000000000001002809140000010001
1220,1220,0,1000000000000000000000000000001002809140000010001
1221,1221,0,1000000000000000000000000000001002809140000010001
1222,1222,0,1000000000000000000000000000001002809140000010001
1223,1223,0,1000000000000000000000000000001002809140000010001
1224,1224,0,1000000000000000000000000000001002809140000010001
1225,1225,0,1000000000000000000000000000001002809140000010001
1226,1226,0,1000000000000000000000000000001002809140000010001
1227,1227,0,1000000000000000000000000000001002809140000010001
1228,1228,0,1000000000000000000000000000001002809140000010001
1229,1229,0,1000000000000000000000000000001002809140000010001
1230,1230,0,1000000000000000000000000000001002809140000010001
1231,1231,0,1000000000000000000000000000001002809140000010001
1232,1232,0,1000000000000000000000000000001002809140000010001
1233,1233,0,1000000000000000000000000000001002809140000010001
1234,1234,0,1000000000000000000000000000001002809140000010001
1235,1235,0,1000000000000000000000000000001002809140000010001
1236,1236,0,1000000000000000000000000000001002809140000010001
1237,1237,0,1000000000000000000000000000001002809140000010001
1238,1238,0,1000000000000000000000000000001002809140000010001
1239,1239,0,1000000000000000000000000000001002809140000010001
1240,1240,0,1000000000000000000000000000001002809140000010001
1241,1241,0,1000000000000000000000000000001002809140000010001
1242,1242,0,1000000000000000000000000000001002809140000010001
1243,1243,0,1000000000000000000000000000001002809140000010001
1244,1244,0,1000000000000000000000000000001002809140000010001
1245,1245,0,1000000000000000000000000000001002809140000010001
1246,1246,0,1000000000000000000000000000001002809140000010001
1247,1247,0,1000000000000000000000000000001002809140000010001
1248,1248,0,1000000000000000000000000000001002809140000010001
1249,1249,0,1000000000000000000000000000001002809140000010001
1250,1250,0,1000000000000000000000000000001002809140000010001
1251,1251,0,1000000000000000000000000000001002809140000010001
1252,1252,0,1000000000000000000000000000001002809140000010001
1253,1253,0,1000000000000000000000000000001002809140000010001
1254,1254,0,1000000000000000000000000000001002809140000010001
1255,1255,0,1000000000000000000000000000001002809140000010001
1256,1256,0,1000000000000000000000000000001002809140000010001
1257,1257,0,1000000000000000000000000000001002809140000010001
1258,1258,0,1000000000000000000000000000001002809140000010001
1259,1259,0,1000000000000000000000000000001002809140000010001
1260,1260,0,1000000000000000000000000000001002809140000010001
1261,1261,0,1000000000000000000000000000001002809140000010001
1262,1262,0,1000000000000000000000000000001002809140000010001
1263,1263,0,1000000000000000000000000000001002809140000010001
1264,1264,0,1000000000000000000000000000001002809140000010001
1265,1265,0,1000000000000000000000000000001002809140000010001
1266,1266,0,1000000000000000000000000000001002809140000010001
1267,1267,0,1000000000000000000000000000001002809140000010001
1268,1268,0,1000000000000000000000000000001002809140000010001
1269,1269,0,1000000000000000000000000000001002809140000010001
1270,1270,0,1000000000000000000000000000001002809140000010001
1271,1271,0,1000000000000000000000000000001002809140000010001
1272,1272,0,1000000000000000000000000000001002809140000010001
1273,1273,0,1000000000000000000000000000001002809140000010001
1274,1274,0,1000000000000000000000000000001002809140000010001
1275,1275,0,1000000000000000000000000000001002809140000010001
1276,1276,0,1000000000000000000000000000001002809140000010001
1277,1277,0,1000000000000000000000000000001002809140000010001
1278,1278,0,1000000000000000000000000000001002809140000010001
1279,1279,0,1000000000000000000000000000001002809140000010001
1280,1280,0,1000000000000000000000000000001002809140000010001
1281,1281,0,1000000000000000000000000000001002809140000010001
1282,1282,0,1000000000000000000000000000001002809140000010001
1283,1283,0,1000000000000000000000000000001002809140000010001
1284,1284,0,1000000000000000000000000000001002809140000010001
1285,1285,0,1000000000000000000000000000001002809140000010001
1286,1286,0,1000000000000000000000000000001002809140000010001
1287,1287,0,1000000000000000000000000000001002809140000010001
1288,1288,0,1000000000000000000000000000001002809140000010001
1289,1289,0,1000000000000000000000000000001002809140000010001
1290,1290,0,1000000000000000000000000000001002809140000010001
1291,1291,0,1000000000000000000000000000001002809140000010001
1292,1292,0,1000000000000000000000000000001002809140000010001
1293,1293,0,1000000000000000000000000000001002809140000010001
1294,1294,0,1000000000000000000000000000001002809140000010001
1295,1295,0,1000000000000000000000000000001002809140000010001
1296,1296,0,1000000000000000000000000000001002809140000010001
1297,1297,0,1000000000000000000000000000001002809140000010001
1298,1298,0,1000000000000000000000000000001002809140000010001
1299,1299,0,1000000000000000000000000000001002809140000010001
1300,1300,0,1000000000000000000000000000001002809140000010001
1301,1301,0,1000000000000000000000000000001002809140000010001
1302,1302,0,1000000000000000000000000000001002809140000010001
1303,1303,0,1000000000000000000000000000001002809140000010001
1304,1304,0,1000000000000000000000000000001002809140000010001
1305,1305,0,1000000000000000000000000000001002809140000010001
1306,1306,0,1000000000000000000000000000001002809140000010001
1307,1307,0,1000000000000000000000000000001002809140000010001
1308,1308,0,1000000000000000000000000000001002809140000010001
1309,1309,0,1000000000000000000000000000001002809140000010001
1310,1310,0,1000000000000000000000000000001002809140000010001
1311,1311,0,1000000000000000000000000000001002809140000010001
1312,1312,0,1000000000000000000000000000001002809140000010001
1313,1313,0,1000000000000000000000000000001002809140000010001
1314,1314,0,1000000000000000000000000000001002809140000010001
1315,1315,0,1000000000000000000000000000001002809140000010001
1316,1316,0,1000000000000000000000000000001002809140000010001
1317,1317,0,1000000000000000000000000000001002809140000010001
1318,1318,0,1000000000000000000000000000001002809140000010001
1319,1319,0,1000000000000000000000000000001002809140000010001
1320,1320,0,1000000000000000000000000000001002809140000010001
1321,1321,0,1000000000000000000000000000001002809140000010001
1322,1322,0,1000000000000000000000000000001002809140000010001
1323,1323,0,1000000000000000000000000000001002809140000010001
1324,1324,0,1000000000000000000000000000001002809140000010001
1325,1325,0,1000000000000000000000000000001002809140000010001
1326,1326,0,1000000000000000000000000000001002809140000010001
1327,1327,0,1000000000000000000000000000001002809140000010001
1328,1328,0,1000000000000000000000000000001002809140000010001
1329,1329,0,1000000000000000000000000000001002809140000010001
1330,1330,0,1000000000000000000000000000001002809140000010001
1331,1331,0,1000000000000000000000000000001002809140000010001
1332,1332,0,1000000000000000000000000000001002809140000010001
1333,1333,0,1000000000000000000000000000001002809140000010001
1334,1334,0,1000000000000000000000000000001002809140000010001
1335,1335,0,1000000000000000000000000000001002809140000010001
1336,1336,0,1000000000000000000000000000001002809140000010001
1337,1337,0,1000000000000000000000000000001002809140000010001
1338,1338,0,1000000000000000000000000000001002809140000010001
1339,1339,0,1000000000000000000000000000001002809140000010001
1340,1340,0,1000000000000000000000000000001002809140000010001
1341,1341,0,1000000000000000000000000000001002809140000010001
1342,1342,0,1000000000000000000000000000001002809140000010001
1343,1343,0,1000000000000000000000000000001002809140000010001
1344,1344,0,1000000000000000000000000000001002809140000010001
1345,1345,0,1000000000000000000000000000001002809140000010001
1346,1346,0,1000000000000000000000000000001002809140000010001
1347,1347,0,1000000000000000000000000000001002809140000010001
1348,1348,0,1000000000000000000000000000001002809140000010001
1349,1349,0,1000000000000000000000000000001002809140000010001
1350,1350,0,1000000000000000000000000000001002809140000010001
1351,1351,0,1000000000000000000000000000001002809140000010001
1352,1352,0,1000000000000000000000000000001002809140000010001
1353,1353,0,1000000000000000000000000000001002809140000010001
1354,1354,0,1000000000000000000000000000001002809140000010001
1355,1355,0,1000000000000000000000000000001002809140000010001
1356,1356,0,1000000000000000000000000000001002809140000010001
1357,1357,0,1000000000000000000000000000001002809140000010001
1358,1358,0,1000000000000000000000000000001002809140000010001
1359,1359,0,1000000000000000000000000000001002809140000010001
1360,1360,0,1000000000000000000000000000001002809140000010001
1361,1361,0,1000000000000000000000000000001002809140000010001
1362,1362,0,1000000000000000000000000000001002809140000010001
1363,1363,0,1000000000000000000000000000001002809140000010001
1364,1364,0,1000000000000000000000000000001002809140000010001
1365,1365,0,1000000000000000000000000000001002809140000010001
1366,1366,0,1000000000000000000000000000001002809140000010001
1367,1367,0,1000000000000000000000000000001002809140000010001
1368,1368,0,1000000000000000000000000000001002809140000010001
1369,1369,0,1000000000000000000000000000001002809140000010001
1370,1370,0,1000000000000000000000000000001002809140000010001
1371,1371,0,1000000000000000000000000000001002809140000010001
1372,1372,0,1000000000000000000000000000001002809140000010001
1373,1373,0,1000000000000000000000000000001002809140000010001
1374,1374,0,1000000000000000000000000000001002809140000010001
1375,1375,0,1000000000000000000000000000001002809140000010001
1376,1376,0,1000000000000000000000000000001002809140000010001
1377,1377,0,1000000000000000000000000000001002809140000010001
1378,1378,0,1000000000000000000000000000001002809140000010001
1379,1379,0,1000000000000000000000000000001002809140000010001
1380,1380,0,1000000000000000000000000000001002809140000010001
1381,1381,0,1000000000000000000000000000001002809140000010001
1382,1382,0,1000000000000000000000000000001002809140000010001
1383,1383,0,1000000000000000000000000000001002809140000010001
1384,1384,0,1000000000000000000000000000001002809140000010001
1385,1385,0,1000000000000000000000000000001002809140000010001
1386,1386,0,1000000000000000000000000000001002809140000010001
1387,1387,0,1000000000000000000000000000001002809140000010001
1388,1388,0,1000000000000000000000000000001002809140000010001
1389,1389,0,1000000000000000000000000000001002809140000010001
1390,1390,0,1000000000000000000000000000001002809140000010001
1391,1391,0,1000000000000000000000000000001002809140000010001
1392,1392,0,1000000000000000000000000000001002809140000010001
1393,1393,0,1000000000000000000000000000001002809140000010001
1394,1394,0,1000000000000000000000000000001002809140000010001
1395,1395,0,1000000000000000000000000000001002809140000010001
1396,1396,0,1000000000000000000000000000001002809140000010001
1397,1397,0,1000000000000000000000000000001002809140000010001
1398,1398,0,1000000000000000000000000000001002809140000010001
1399,1399,0,1000000000000000000000000000001002809140000010001
1400,1400,0,1000000000000000000000000000001002809140000010001
1401,1401,0,1000000000000000000000000000001002809140000010001
1402,1402,0,1000000000000000000000000000001002809140000010001
1403,1403,0,1000000000000000000000000000001002809140000010001
1404,1404,0,1000000000000000000000000000001002809140000010001
1405,1405,0,1000000000000000000000000000001002809140000010001
1406,1406,0,1000000000000000000000000000001002809140000010001
1407,1407,0,1000000000000000000000000000001002809140000010001
1408,1408,0,1000000000000000000000000000001002809140000010001
1409,1409,0,1000000000000000000000000000001002809140000010001
1410,1410,0,1000000000000000000000000000001002809140000010001
1411,1411,0,1000000000000000000000000000001002809140000010001
1412,1412,0,1000000000000000000000000000001002809140000010001
1413,1413,0,1000000000000000000000000000001002809140000010001
1414,1414,0,1000000000000000000000000000001002809140000010001
1415,1415,0,1000000000000000000000000000001002809140000010001
1416,1416,0,1000000000000000000000000000001002809140000010001
1417,1417,0,1000000000000000000000000000001002809140000010001
1418,1418,0,1000000000000000000000000000001002809140000010001
1419,1419,0,1000000000000000000000000000001002809140000010001
1420,1420,0,1000000000000000000000000000001002809140000010001
1421,1421,0,1000000000000000000000000000001002809140000010001
1422,1422,0,1000000000000000000000000000001002809140000010001
1423,1423,0,1000000000000000000000000000001002809140000010001
1424,1424,0,1000000000000000000000000000001002809140000010001
1425,1425,0,1000000000000000000000000000001002809140000010001
1426,1426,0,1000000000000000000000000000001002809140000010001
1427,1427,0,1000000000000000000000000000001002809140000010001
1428,1428,0,1000000000000000000000000000001002809140000010001
1429,1429,0,1000000000000000000000000000001002809140000010001
1430,1430,0,1000000000000000000000000000001002809140000010001
1431,1431,0,1000000000000000000000000000001002809140000010001
1432,1432,0,1000000000000000000000000000001002809140000010001
1433,1433,0,1000000000000000000000000000001002809140000010001
1434,1434,0,1000000000000000000000000000001002809140000010001
1435,1435,0,1000000000000000000000000000001002809140000010001
1436,1436,0,1000000000000000000000000000001002809140000010001
1437,1437,0,1000000000000000000000000000001002809140000010001
1438,1438,0,1000000000000000000000000000001002809140000010001
1439,1439,0,1000000000000000000000000000001002809140000010001
1440,1440,0,1000000000000000000000000000001002809140000010001
1441,1441,0,1000000000000000000000000000001002809140000010001
1442,1442,0,1000000000000000000000000000001002809140000010001
1443,1443,0,1000000000000000000000000000001002809140000010001
1444,1444,0,1000000000000000000000000000001002809140000010001
1445,1445,0,1000000000000000000000000000001002809140000010001
1446,1446,0,1000000000000000000000000000001002809140000010001
1447,1447,0,1000000000000000000000000000001002809140000010001
1448,1448,0,1000000000000000000000000000001002809140000010001
1449,1449,0,1000000000000000000000000000001002809140000010001
1450,1450,0,1000000000000000000000000000001002809140000010001
1451,1451,0,1000000000000000000000000000001002809140000010001
1452,1452,0,1000000000000000000000000000001002809140000010001
1453,1453,0,1000000000000000000000000000001002809140000010001
1454,1454,0,1000000000000000000000000000001002809140000010001
1455,1455,0,1000000000000000000000000000001002809140000010001
1456,1456,0,1000000000000000000000000000001002809140000010001
1457,1457,0,1000000000000000000000000000001002809140000010001
1458,1458,0,1000000000000000000000000000001002809140000010001
1459,1459,0,1000000000000000000000000000001002809140000010001
1460,1460,0,1000000000000000000000000000001002809140000010001
1461,1461,0,1000000000000000000000000000001002809140000010001
1462,1462,0,1000000000000000000000000000001002809140000010001
1463,1463,0,1000000000000000000000000000001002809140000010001
1464,1464,0,1000000000000000000000000000001002809140000010001
1465,1465,0,1000000000000000000000000000001002809140000010001
1466,1466,0,1000000000000000000000000000001002809140000010001
1467,1467,0,1000000000000000000000000000001002809140000010001
1468,1468,0,1000000000000000000000000000001002809140000010001
1469,1469,0,1000000000000000000000000000001002809140000010001
1470,1470,0,1000000000000000000000000000001002809140000010001
1471,1471,0,1000000000000000000000000000001002809140000010001
1472,1472,0,1000000000000000000000000000001002809140000010001
1473,1473,0,1000000000000000000000000000001002809140000010001
1474,1474,0,1000000000000000000000000000001002809140000010001
1475,1475,0,1000000000000000000000000000001002809140000010001
1476,1476,0,1000000000000000000000000000001002809140000010001
1477,1477,0,1000000000000000000000000000001002809140000010001
1478,1478,0,1000000000000000000000000000001002809140000010001
1479,1479,0,1000000000000000000000000000001002809140000010001
1480,1480,0,1000000000000000000000000000001002809140000010001
1481,1481,0,1000000000000000000000000000001002809140000010001
1482,1482,0,1000000000000000000000000000001002809140000010001
1483,1483,0,1000000000000000000000000000001002809140000010001
1484,1484,0,1000000000000000000000000000001002809140000010001
1485,1485,0,1000000000000000000000000000001002809140000010001
1486,1486,0,1000000000000000000000000000001002809140000010001
1487,1487,0,1000000000000000000000000000001002809140000010001
1488,1488,0,1000000000000000000000000000001002809140000010001
1489,1489,0,1000000000000000000000000000001002809140000010001
1490,1490,0,1000000000000000000000000000001002809140000010001
1491,1491,0,1000000000000000000000000000001002809140000010001
1492,1492,0,1000000000000000000000000000001002809140000010001
1493,1493,0,1000000000000000000000000000001002809140000010001
1494,1494,0,1000000000000000000000000000001002809140000010001
1495,1495,0,1000000000000000000000000000001002809140000010001
1496,1496,0,1000000000000000000000000000001002809140000010001
1497,1497,0,1000000000000000000000000000001002809140000010001
1498,1498,0,1000000000000000000000000000001002809140000010001
1499,1499,0,1000000000000000000000000000001002809140000010001
1500,1500,0,1000000000000000000000000000001002809140000010001
1501,1501,0,1000000000000000000000000000001002809140000010001
1502,1502,0,1000000000000000000000000000001002809140000010001
1503,1503,0,1000000000000000000000000000001002809140000010001
1504,1504,0,1000000000000000000000000000001002809140000010001
1505,1505,0,1000000000000000000000000000001002809140000010001
1506,1506,0,1000000000000000000000000000001002809140000010001
1507,1507,0,1000000000000000000000000000001002809140000010001
1508,1508,0,1000000000000000000000000000001002809140000010001
1509,1509,0,1000000000000000000000000000001002809140000010001
1510,1510,0,1000000000000000000000000000001002809140000010001
1511,1511,0,1000000000000000000000000000001002809140000010001
1512,1512,0,1000000000000000000000000000001002809140000010001
1513,1513,0,1000000000000000000000000000001002809140000010001
1514,1514,0,1000000000000000000000000000001002809140000010001
1515,1515,0,1000000000000000000000000000001002809140000010001
1516,1516,0,1000000000000000000000000000001002809140000010001
1517,1517,0,1000000000000000000000000000001002809140000010001
1518,1518,0,1000000000000000000000000000001002809140000010001
1519,1519,0,1000000000000000000000000000001002809140000010001
1520,1520,0,1000000000000000000000000000001002809140000010001
1521,1521,0,1000000000000000000000000000001002809140000010001
1522,1522,0,1000000000000000000000000000001002809140000010001
1523,1523,0,1000000000000000000000000000001002809140000010001
1524,1524,0,1000000000000000000000000000001002809140000010001
1525,1525,0,1000000000000000000000000000001002809140000010001
1526,1526,0,1000000000000000000000000000001002809140000010001
1527,1527,0,1000000000000000000000000000001002809140000010001
1528,1528,0,1000000000000000000000000000001002809140000010001
1529,1529,0,1000000000000000000000000000001002809140000010001
1530,1530,0,1000000000000000000000000000001002809140000010001
1531,1531,0,1000000000000000000000000000001002809140000010001
1532,1532,0,1000000000000000000000000000001002809140000010001
1533,1533,0,1000000000000000000000000000001002809140000010001
1534,1534,0,1000000000000000000000000000001002809140000010001
1535,1535,0,1000000000000000000000000000001002809140000010001
1536,1536,0,1000000000000000000000000000001002809140000010001
1537,1537,0,1000000000000000000000000000001002809140000010001
1538,1538,0,1000000000000000000000000000001002809140000010001
1539,1539,0,1000000000000000000000000000001002809140000010001
1540,1540,0,1000000000000000000000000000001002809140000010001
1541,1541,0,1000000000000000000000000000001002809140000010001
1542,1542,0,1000000000000000000000000000001002809140000010001
1543,1543,0,1000000000000000000000000000001002809140000010001
1544,1544,0,1000000000000000000000000000001002809140000010001
1545,1545,0,1000000000000000000000000000001002809140000010001
1546,1546,0,1000000000000000000000000000001002809140000010001
1547,1547,0,1000000000000000000000000000001002809140000010001
1548,1548,0,1000000000000000000000000000001002809140000010001
1549,1549,0,1000000000000000000000000000001002809140000010001
1550,1550,0,1000000000000000000000000000001002809140000010001
1551,1551,0,1000000000000000000000000000001002809140000010001
1552,1552,0,1000000000000000000000000000001002809140000010001
1553,1553,0,1000000000000000000000000000001002809140000010001
1554,1554,0,1000000000000000000000000000001002809140000010001
1555,1555,0,1000000000000000000000000000001002809140000010001
1556,1556,0,1000000000000000000000000000001002809140000010001
1557,1557,0,1000000000000000000000000000001002809140000010001
1558,1558,0,1000000000000000000000000000001002809140000010001
1559,1559,0,1000000000000000000000000000001002809140000010001
1560,1560,0,1000000000000000000000000000001002809140000010001
1561,1561,0,1000000000000000000000000000001002809140000010001
1562,1562,0,1000000000000000000000000000001002809140000010001
1563,1563,0,1000000000000000000000000000001002809140000010001
1564,1564,0,1000000000000000000000000000001002809140000010001
1565,1565,0,1000000000000000000000000000001002809140000010001
1566,1566,0,1000000000000000000000000000001002809140000010001
1567,1567,0,1000000000000000000000000000001002809140000010001
1568,1568,0,1000000000000000000000000000001002809140000010001
1569,1569,0,1000000000000000000000000000001002809140000010001
1570,1570,0,1000000000000000000000000000001002809140000010001
1571,1571,0,1000000000000000000000000000001002809140000010001
1572,1572,0,1000000000000000000000000000001002809140000010001
1573,1573,0,1000000000000000000000000000001002809140000010001
1574,1574,0,1000000000000000000000000000001002809140000010001
1575,1575,0,1000000000000000000000000000001002809140000010001
1576,1576,0,1000000000000000000000000000001002809140000010001
1577,1577,0,1000000000000000000000000000001002809140000010001
1578,1578,0,1000000000000000000000000000001002809140000010001
1579,1579,0,1000000000000000000000000000001002809140000010001
1580,1580,0,1000000000000000000000000000001002809140000010001
1581,1581,0,1000000000000000000000000000001002809140000010001
1582,1582,0,1000000000000000000000000000001002809140000010001
1583,1583,0,1000000000000000000000000000001002809140000010001
1584,1584,0,1000000000000000000000000000001002809140000010001
1585,1585,0,1000000000000000000000000000001002809140000010001
1586,1586,0,1000000000000000000000000000001002809140000010001
1587,1587,0,1000000000000000000000000000001002809140000010001
1588,1588,0,1000000000000000000000000000001002809140000010001
1589,1589,0,1000000000000000000000000000001002809140000010001
1590,1590,0,1000000000000000000000000000001002809140000010001
1591,1591,0,1000000000000000000000000000001002809140000010001
1592,1592,0,1000000000000000000000000000001002809140000010001
1593,1593,0,1000000000000000000000000000001002809140000010001
1594,1594,0,1000000000000000000000000000001002809140000010001
1595,1595,0,1000000000000000000000000000001002809140000010001
1596,1596,0,1000000000000000000000000000001002809140000010001
1597,1597,0,1000000000000000000000000000001002809140000010001
1598,1598,0,1000000000000000000000000000001002809140000010001
1599,1599,0,1000000000000000000000000000001002809140000010001
1600,1600,0,1000000000000000000000000000001002809140000010001
1601,1601,0,1000000000000000000000000000001002809140000010001
1602,1602,0,1000000000000000000000000000001002809140000010001
1603,1603,0,1000000000000000000000000000001002809140000010001
1604,1604,0,1000000000000000000000000000001002809140000010001
1605,1605,0,1000000000000000000000000000001002809140000010001
1606,1606,0,1000000000000000000000000000001002809140000010001
1607,1607,0,1000000000000000000000000000001002809140000010001
1608,1608,0,1000000000000000000000000000001002809140000010001
1609,1609,0,1000000000000000000000000000001002809140000010001
1610,1610,0,1000000000000000000000000000001002809140000010001
1611,1611,0,1000000000000000000000000000001002809140000010001
1612,1612,0,1000000000000000000000000000001002809140000010001
1613,1613,0,1000000000000000000000000000001002809140000010001
1614,1614,0,1000000000000000000000000000001002809140000010001
1615,1615,0,1000000000000000000000000000001002809140000010001
1616,1616,0,1000000000000000000000000000001002809140000010001
1617,1617,0,1000000000000000000000000000001002809140000010001
1618,1618,0,1000000000000000000000000000001002809140000010001
1619,1619,0,1000000000000000000000000000001002809140000010001
1620,1620,0,1000000000000000000000000000001002809140000010001
1621,1621,0,1000000000000000000000000000001002809140000010001
1622,1622,0,1000000000000000000000000000001002809140000010001
1623,1623,0,1000000000000000000000000000001002809140000010001
1624,1624,0,1000000000000000000000000000001002809140000010001
1625,1625,0,1000000000000000000000000000001002809140000010001
1626,1626,0,1000000000000000000000000000001002809140000010001
1627,1627,0,1000000000000000000000000000001002809140000010001
1628,1628,0,1000000000000000000000000000001002809140000010001
1629,1629,0,1000000000000000000000000000001002809140000010001
1630,1630,0,1000000000000000000000000000001002809140000010001
1631,1631,0,1000000000000000000000000000001002809140000010001
1632,1632,0,1000000000000000000000000000001002809140000010001
1633,1633,0,1000000000000000000000000000001002809140000010001
1634,1634,0,1000000000000000000000000000001002809140000010001
1635,1635,0,1000000000000000000000000000001002809140000010001
1636,1636,0,1000000000000000000000000000001002809140000010001
1637,1637,0,1000000000000000000000000000001002809140000010001
1638,1638,0,1000000000000000000000000000001002809140000010001
1639,1639,0,1000000000000000000000000000001002809140000010001
1640,1640,0,1000000000000000000000000000001002809140000010001
1641,1641,0,1000000000000000000000000000001002809140000010001
1642,1642,0,1000000000000000000000000000001002809140000010001
1643,1643,0,1000000000000000000000000000001002809140000010001
1644,1644,0,1000000000000000000000000000001002809140000010001
1645,1645,0,1000000000000000000000000000001002809140000010001
1646,1646,0,1000000000000000000000000000001002809140000010001
1647,1647,0,1000000000000000000000000000001002809140000010001
1648,1648,0,1000000000000000000000000000001002809140000010001
1649,1649,0,1000000000000000000000000000001002809140000010001
1650,1650,0,1000000000000000000000000000001002809140000010001
1651,1651,0,1000000000000000000000000000001002809140000010001
1652,1652,0,1000000000000000000000000000001002809140000010001
1653,1653,0,1000000000000000000000000000001002809140000010001
1654,1654,0,1000000000000000000000000000001002809140000010001
1655,1655,0,1000000000000000000000000000001002809140000010001
1656,1656,0,1000000000000000000000000000001002809140000010001
1657,1657,0,1000000000000000000000000000001002809140000010001
1658,1658,0,1000000000000000000000000000001002809140000010001
1659,1659,0,1000000000000000000000000000001002809140000010001
1660,1660,0,1000000000000000000000000000001002809140000010001
1661,1661,0,1000000000000000000000000000001002809140000010001
1662,1662,0,1000000000000000000000000000001002809140000010001
1663,1663,0,1000000000000000000000000000001002809140000010001
1664,1664,0,1000000000000000000000000000001002809140000010001
1665,1665,0,1000000000000000000000000000001002809140000010001
1666,1666,0,1000000000000000000000000000001002809140000010001
1667,1667,0,1000000000000000000000000000001002809140000010001
1668,1668,0,1000000000000000000000000000001002809140000010001
1669,1669,0,1000000000000000000000000000001002809140000010001
1670,1670,0,1000000000000000000000000000001002809140000010001
1671,1671,0,1000000000000000000000000000001002809140000010001
1672,1672,0,1000000000000000000000000000001002809140000010001
1673,1673,0,1000000000000000000000000000001002809140000010001
1674,1674,0,1000000000000000000000000000001002809140000010001
1675,1675,0,1000000000000000000000000000001002809140000010001
1676,1676,0,1000000000000000000000000000001002809140000010001
1677,1677,0,1000000000000000000000000000001002809140000010001
1678,1678,0,1000000000000000000000000000001002809140000010001
1679,1679,0,1000000000000000000000000000001002809140000010001
1680,1680,0,1000000000000000000000000000001002809140000010001
1681,1681,0,1000000000000000000000000000001002809140000010001
1682,1682,0,1000000000000000000000000000001002809140000010001
1683,1683,0,1000000000000000000000000000001002809140000010001
1684,1684,0,1000000000000000000000000000001002809140000010001
1685,1685,0,1000000000000000000000000000001002809140000010001
1686,1686,0,1000000000000000000000000000001002809140000010001
1687,1687,0,1000000000000000000000000000001002809140000010001
1688,1688,0,1000000000000000000000000000001002809140000010001
1689,1689,0,1000000000000000000000000000001002809140000010001
1690,1690,0,1000000000000000000000000000001002809140000010001
1691,1691,0,1000000000000000000000000000001002809140000010001
1692,1692,0,1000000000000000000000000000001002809140000010001
1693,1693,0,1000000000000000000000000000001002809140000010001
1694,1694,0,1000000000000000000000000000001002809140000010001
1695,1695,0,1000000000000000000000000000001002809140000010001
1696,1696,0,1000000000000000000000000000001002809140000010001
1697,1697,0,1000000000000000000000000000001002809140000010001
1698,1698,0,1000000000000000000000000000001002809140000010001
1699,1699,0,1000000000000000000000000000001002809140000010001
1700,1700,0,1000000000000000000000000000001002809140000010001
1701,1701,0,1000000000000000000000000000001002809140000010001
1702,1702,0,1000000000000000000000000000001002809140000010001
1703,1703,0,1000000000000000000000000000001002809140000010001
1704,1704,0,1000000000000000000000000000001002809140000010001
1705,1705,0,1000000000000000000000000000001002809140000010001
1706,1706,0,1000000000000000000000000000001002809140000010001
1707,1707,0,1000000000000000000000000000001002809140000010001
1708,1708,0,1000000000000000000000000000001002809140000010001
1709,1709,0,1000000000000000000000000000001002809140000010001
1710,1710,0,1000000000000000000000000000001002809140000010001
1711,1711,0,1000000000000000000000000000001002809140000010001
1712,1712,0,1000000000000000000000000000001002809140000010001
1713,1713,0,1000000000000000000000000000001002809140000010001
1714,1714,0,1000000000000000000000000000001002809140000010001
1715,1715,0,1000000000000000000000000000001002809140000010001
1716,1716,0,1000000000000000000000000000001002809140000010001
1717,1717,0,1000000000000000000000000000001002809140000010001
1718,1718,0,1000000000000000000000000000001002809140000010001
1719,1719,0,1000000000000000000000000000001002809140000010001
1720,1720,0,1000000000000000000000000000001002809140000010001
1721,1721,0,1000000000000000000000000000001002809140000010001
1722,1722,0,1000000000000000000000000000001002809140000010001
1723,1723,0,1000000000000000000000000000001002809140000010001
1724,1724,0,1000000000000000000000000000001002809140000010001
1725,1725,0,1000000000000000000000000000001002809140000010001
1726,1726,0,1000000000000000000000000000001002809140000010001
1727,1727,0,1000000000000000000000000000001002809140000010001
1728,1728,0,1000000000000000000000000000001002809140000010001
1729,1729,0,1000000000000000000000000000001002809140000010001
1730,1730,0,1000000000000000000000000000001002809140000010001
1731,1731,0,1000000000000000000000000000001002809140000010001
1732,1732,0,1000000000000000000000000000001002809140000010001
1733,1733,0,1000000000000000000000000000001002809140000010001
1734,1734,0,1000000000000000000000000000001002809140000010001
1735,1735,0,1000000000000000000000000000001002809140000010001
1736,1736,0,1000000000000000000000000000001002809140000010001
1737,1737,0,1000000000000000000000000000001002809140000010001
1738,1738,0,1000000000000000000000000000001002809140000010001
1739,1739,0,1000000000000000000000000000001002809140000010001
1740,1740,0,1000000000000000000000000000001002809140000010001
1741,1741,0,1000000000000000000000000000001002809140000010001
1742,1742,0,1000000000000000000000000000001002809140000010001
1743,1743,0,1000000000000000000000000000001002809140000010001
1744,1744,0,1000000000000000000000000000001002809140000010001
1745,1745,0,1000000000000000000000000000001002809140000010001
1746,1746,0,1000000000000000000000000000001002809140000010001
1747,1747,0,1000000000000000000000000000001002809140000010001
1748,1748,0,1000000000000000000000000000001002809140000010001
1749,1749,0,1000000000000000000000000000001002809140000010001
1750,1750,0,1000000000000000000000000000001002809140000010001
1751,1751,0,1000000000000000000000000000001002809140000010001
1752,1752,0,1000000000000000000000000000001002809140000010001
1753,1753,0,1000000000000000000000000000001002809140000010001
1754,1754,0,1000000000000000000000000000001002809140000010001
1755,1755,0,1000000000000000000000000000001002809140000010001
1756,1756,0,1000000000000000000000000000001002809140000010001
1757,1757,0,1000000000000000000000000000001002809140000010001
1758,1758,0,1000000000000000000000000000001002809140000010001
1759,1759,0,1000000000000000000000000000001002809140000010001
1760,1760,0,1000000000000000000000000000001002809140000010001
1761,1761,0,1000000000000000000000000000001002809140000010001
1762,1762,0,1000000000000000000000000000001002809140000010001
1763,1763,0,1000000000000000000000000000001002809140000010001
1764,1764,0,1000000000000000000000000000001002809140000010001
1765,1765,0,1000000000000000000000000000001002809140000010001
1766,1766,0,1000000000000000000000000000001002809140000010001
1767,1767,0,1000000000000000000000000000001002809140000010001
1768,1768,0,1000000000000000000000000000001002809140000010001
1769,1769,0,1000000000000000000000000000001002809140000010001
1770,1770,0,1000000000000000000000000000001002809140000010001
1771,1771,0,1000000000000000000000000000001002809140000010001
1772,1772,0,1000000000000000000000000000001002809140000010001
1773,1773,0,1000000000000000000000000000001002809140000010001
1774,1774,0,1000000000000000000000000000001002809140000010001
1775,1775,0,1000000000000000000000000000001002809140000010001
1776,1776,0,1000000000000000000000000000001002809140000010001
1777,1777,0,1000000000000000000000000000001002809140000010001
1778,1778,0,1000000000000000000000000000001002809140000010001
1779,1779,0,1000000000000000000000000000001002809140000010001
1780,1780,0,1000000000000000000000000000001002809140000010001
1781,1781,0,1000000000000000000000000000001002809140000010001
1782,1782,0,1000000000000000000000000000001002809140000010001
1783,1783,0,1000000000000000000000000000001002809140000010001
1784,1784,0,1000000000000000000000000000001002809140000010001
1785,1785,0,1000000000000000000000000000001002809140000010001
1786,1786,0,1000000000000000000000000000001002809140000010001
1787,1787,0,1000000000000000000000000000001002809140000010001
1788,1788,0,1000000000000000000000000000001002809140000010001
1789,1789,0,1000000000000000000000000000001002809140000010001
1790,1790,0,1000000000000000000000000000001002809140000010001
1791,1791,0,1000000000000000000000000000001002809140000010001
1792,1792,0,1000000000000000000000000000001002809140000010001
1793,1793,0,1000000000000000000000000000001002809140000010001
1794,1794,0,1000000000000000000000000000001002809140000010001
1795,1795,0,1000000000000000000000000000001002809140000010001
1796,1796,0,1000000000000000000000000000001002809140000010001
1797,1797,0,1000000000000000000000000000001002809140000010001
1798,1798,0,1000000000000000000000000000001002809140000010001
1799,1799,0,1000000000000000000000000000001002809140000010001
1800,1800,0,1000000000000000000000000000001002809140000010001
1801,1801,0,1000000000000000000000000000001002809140000010001
1802,1802,0,1000000000000000000000000000001002809140000010001
1803,1803,0,1000000000000000000000000000001002809140000010001
1804,1804,0,1000000000000000000000000000001002809140000010001
1805,1805,0,1000000000000000000000000000001002809140000010001
1806,1806,0,1000000000000000000000000000001002809140000010001
1807,1807,0,1000000000000000000000000000001002809140000010001
1808,1808,0,1000000000000000000000000000001002809140000010001
1809,1809,0,1000000000000000000000000000001002809140000010001
1810,1810,0,1000000000000000000000000000001002809140000010001
1811,1811,0,1000000000000000000000000000001002809140000010001
1812,1812,0,1000000000000000000000000000001002809140000010001
1813,1813,0,1000000000000000000000000000001002809140000010001
1814,1814,0,1000000000000000000000000000001002809140000010001
1815,1815,0,1000000000000000000000000000001002809140000010001
1816,1816,0,1000000000000000000000000000001002809140000010001
1817,1817,0,1000000000000000000000000000001002809140000010001
1818,1818,0,1000000000000000000000000000001002809140000010001
1819,1819,0,1000000000000000000000000000001002809140000010001
1820,1820,0,1000000000000000000000000000001002809140000010001
1821,1821,0,1000000000000000000000000000001002809140000010001
1822,1822,0,1000000000000000000000000000001002809140000010001
1823,1823,0,1000000000000000000000000000001002809140000010001
1824,1824,0,1000000000000000000000000000001002809140000010001
1825,1825,0,1000000000000000000000000000001002809140000010001
1826,1826,0,1000000000000000000000000000001002809140000010001
1827,1827,0,1000000000000000000000000000001002809140000010001
1828,1828,0,1000000000000000000000000000001002809140000010001
1829,1829,0,1000000000000000000000000000001002809140000010001
1830,1830,0,1000000000000000000000000000001002809140000010001
1831,1831,0,1000000000000000000000000000001002809140000010001
1832,1832,0,1000000000000000000000000000001002809140000010001
1833,1833,0,1000000000000000000000000000001002809140000010001
1834,1834,0,1000000000000000000000000000001002809140000010001
1835,1835,0,1000000000000000000000000000001002809140000010001
1836,1836,0,1000000000000000000000000000001002809140000010001
1837,1837,0,1000000000000000000000000000001002809140000010001
1838,1838,0,1000000000000000000000000000001002809140000010001
1839,1839,0,1000000000000000000000000000001002809140000010001
1840,1840,0,1000000000000000000000000000001002809140000010001
1841,1841,0,1000000000000000000000000000001002809140000010001
1842,1842,0,1000000000000000000000000000001002809140000010001
1843,1843,0,1000000000000000000000000000001002809140000010001
1844,1844,0,1000000000000000000000000000001002809140000010001
1845,1845,0,1000000000000000000000000000001002809140000010001
1846,1846,0,1000000000000000000000000000001002809140000010001
1847,1847,0,1000000000000000000000000000001002809140000010001
1848,1848,0,1000000000000000000000000000001002809140000010001
1849,1849,0,1000000000000000000000000000001002809140000010001
1850,1850,0,1000000000000000000000000000001002809140000010001
1851,1851,0,1000000000000000000000000000001002809140000010001
1852,1852,0,1000000000000000000000000000001002809140000010001
1853,1853,0,1000000000000000000000000000001002809140000010001
1854,1854,0,1000000000000000000000000000001002809140000010001
1855,1855,0,1000000000000000000000000000001002809140000010001
1856,1856,0,1000000000000000000000000000001002809140000010001
1857,1857,0,1000000000000000000000000000001002809140000010001
1858,1858,0,1000000000000000000000000000001002809140000010001
1859,1859,0,1000000000000000000000000000001002809140000010001
1860,1860,0,1000000000000000000000000000001002809140000010001
1861,1861,0,1000000000000000000000000000001002809140000010001
1862,1862,0,1000000000000000000000000000001002809140000010001
1863,1863,0,1000000000000000000000000000001002809140000010001
1864,1864,0,1000000000000000000000000000001002809140000010001
1865,1865,0,1000000000000000000000000000001002809140000010001
1866,1866,0,1000000000000000000000000000001002809140000010001
1867,1867,0,1000000000000000000000000000001002809140000010001
1868,1868,0,1000000000000000000000000000001002809140000010001
1869,1869,0,1000000000000000000000000000001002809140000010001
1870,1870,0,1000000000000000000000000000001002809140000010001
1871,1871,0,1000000000000000000000000000001002809140000010001
1872,1872,0,1000000000000000000000000000001002809140000010001
1873,1873,0,1000000000000000000000000000001002809140000010001
1874,1874,0,1000000000000000000000000000001002809140000010001
1875,1875,0,1000000000000000000000000000001002809140000010001
1876,1876,0,1000000000000000000000000000001002809140000010001
1877,1877,0,1000000000000000000000000000001002809140000010001
1878,1878,0,1000000000000000000000000000001002809140000010001
1879,1879,0,1000000000000000000000000000001002809140000010001
1880,1880,0,1000000000000000000000000000001002809140000010001
1881,1881,0,1000000000000000000000000000001002809140000010001
1882,1882,0,1000000000000000000000000000001002809140000010001
1883,1883,0,1000000000000000000000000000001002809140000010001
1884,1884,0,1000000000000000000000000000001002809140000010001
1885,1885,0,1000000000000000000000000000001002809140000010001
1886,1886,0,1000000000000000000000000000001002809140000010001
1887,1887,0,1000000000000000000000000000001002809140000010001
1888,1888,0,1000000000000000000000000000001002809140000010001
1889,1889,0,1000000000000000000000000000001002809140000010001
1890,1890,0,1000000000000000000000000000001002809140000010001
1891,1891,0,1000000000000000000000000000001002809140000010001
1892,1892,0,1000000000000000000000000000001002809140000010001
1893,1893,0,1000000000000000000000000000001002809140000010001
1894,1894,0,1000000000000000000000000000001002809140000010001
1895,1895,0,1000000000000000000000000000001002809140000010001
1896,1896,0,1000000000000000000000000000001002809140000010001
1897,1897,0,1000000000000000000000000000001002809140000010001
1898,1898,0,1000000000000000000000000000001002809140000010001
1899,1899,0,1000000000000000000000000000001002809140000010001
1900,1900,0,1000000000000000000000000000001002809140000010001
1901,1901,0,1000000000000000000000000000001002809140000010001
1902,1902,0,1000000000000000000000000000001002809140000010001
1903,1903,0,1000000000000000000000000000001002809140000010001
1904,1904,0,1000000000000000000000000000001002809140000010001
1905,1905,0,1000000000000000000000000000001002809140000010001
1906,1906,0,1000000000000000000000000000001002809140000010001
1907,1907,0,1000000000000000000000000000001002809140000010001
1908,1908,0,1000000000000000000000000000001002809140000010001
1909,1909,0,1000000000000000000000000000001002809140000010001
1910,1910,0,1000000000000000000000000000001002809140000010001
1911,1911,0,1000000000000000000000000000001002809140000010001
1912,1912,0,1000000000000000000000000000001002809140000010001
1913,1913,0,1000000000000000000000000000001002809140000010001
1914,1914,0,1000000000000000000000000000001002809140000010001
1915,1915,0,1000000000000000000000000000001002809140000010001
1916,1916,0,1000000000000000000000000000001002809140000010001
1917,1917,0,1000000000000000000000000000001002809140000010001
1918,1918,0,1000000000000000000000000000001002809140000010001
1919,1919,0,1000000000000000000000000000001002809140000010001
1920,1920,0,1000000000000000000000000000001002809140000010001
1921,1921,0,1000000000000000000000000000001002809140000010001
1922,1922,0,1000000000000000000000000000001002809140000010001
1923,1923,0,1000000000000000000000000000001002809140000010001
1924,1924,0,1000000000000000000000000000001002809140000010001
1925,1925,0,1000000000000000000000000000001002809140000010001
1926,1926,0,1000000000000000000000000000001002809140000010001
1927,1927,0,1000000000000000000000000000001002809140000010001
1928,1928,0,1000000000000000000000000000001002809140000010001
1929,1929,0,1000000000000000000000000000001002809140000010001
1930,1930,0,1000000000000000000000000000001002809140000010001
1931,1931,0,1000000000000000000000000000001002809140000010001
1932,1932,0,1000000000000000000000000000001002809140000010001
1933,1933,0,1000000000000000000000000000001002809140000010001
1934,1934,0,1000000000000000000000000000001002809140000010001
1935,1935,0,1000000000000000000000000000001002809140000010001
1936,1936,0,1000000000000000000000000000001002809140000010001
1937,1937,0,1000000000000000000000000000001002809140000010001
1938,1938,0,1000000000000000000000000000001002809140000010001
1939,1939,0,1000000000000000000000000000001002809140000010001
1940,1940,0,1000000000000000000000000000001002809140000010001
1941,1941,0,1000000000000000000000000000001002809140000010001
1942,1942,0,1000000000000000000000000000001002809140000010001
1943,1943,0,1000000000000000000000000000001002809140000010001
1944,1944,0,1000000000000000000000000000001002809140000010001
1945,1945,0,1000000000000000000000000000001002809140000010001
1946,1946,0,1000000000000000000000000000001002809140000010001
1947,1947,0,1000000000000000000000000000001002809140000010001
1948,1948,0,1000000000000000000000000000001002809140000010001
1949,1949,0,1000000000000000000000000000001002809140000010001
1950,1950,0,1000000000000000000000000000001002809140000010001
1951,1951,0,1000000000000000000000000000001002809140000010001
1952,1952,0,1000000000000000000000000000001002809140000010001
1953,1953,0,1000000000000000000000000000001002809140000010001
1954,1954,0,1000000000000000000000000000001002809140000010001
1955,1955,0,1000000000000000000000000000001002809140000010001
1956,1956,0,1000000000000000000000000000001002809140000010001
1957,1957,0,1000000000000000000000000000001002809140000010001
1958,1958,0,1000000000000000000000000000001002809140000010001
1959,1959,0,1000000000000000000000000000001002809140000010001
1960,1960,0,1000000000000000000000000000001002809140000010001
1961,1961,0,1000000000000000000000000000001002809140000010001
1962,1962,0,1000000000000000000000000000001002809140000010001
1963,1963,0,1000000000000000000000000000001002809140000010001
1964,1964,0,1000000000000000000000000000001002809140000010001
1965,1965,0,1000000000000000000000000000001002809140000010001
1966,1966,0,1000000000000000000000000000001002809140000010001
1967,1967,0,1000000000000000000000000000001002809140000010001
1968,1968,0,1000000000000000000000000000001002809140000010001
1969,1969,0,1000000000000000000000000000001002809140000010001
1970,1970,0,1000000000000000000000000000001002809140000010001
1971,1971,0,1000000000000000000000000000001002809140000010001
1972,1972,0,1000000000000000000000000000001002809140000010001
1973,1973,0,1000000000000000000000000000001002809140000010001
1974,1974,0,1000000000000000000000000000001002809140000010001
1975,1975,0,1000000000000000000000000000001002809140000010001
1976,1976,0,1000000000000000000000000000001002809140000010001
1977,1977,0,1000000000000000000000000000001002809140000010001
1978,1978,0,1000000000000000000000000000001002809140000010001
1979,1979,0,1000000000000000000000000000001002809140000010001
1980,1980,0,1000000000000000000000000000001002809140000010001
1981,1981,0,1000000000000000000000000000001002809140000010001
1982,1982,0,1000000000000000000000000000001002809140000010001
1983,1983,0,1000000000000000000000000000001002809140000010001
1984,1984,0,1000000000000000000000000000001002809140000010001
1985,1985,0,1000000000000000000000000000001002809140000010001
1986,1986,0,1000000000000000000000000000001002809140000010001
1987,1987,0,1000000000000000000000000000001002809140000010001
1988,1988,0,1000000000000000000000000000001002809140000010001
1989,1989,0,1000000000000000000000000000001002809140000010001
1990,1990,0,1000000000000000000000000000001002809140000010001
1991,1991,0,1000000000000000000000000000001002809140000010001
1992,1992,0,1000000000000000000000000000001002809140000010001
1993,1993,0,1000000000000000000000000000001002809140000010001
1994,1994,0,1000000000000000000000000000001002809140000010001
1995,1995,0,1000000000000000000000000000001002809140000010001
1996,1996,0,1000000000000000000000000000001002809140000010001
1997,1997,0,1000000000000000000000000000001002809140000010001
1998,1998,0,1000000000000000000000000000001002809140000010001
1999,1999,0,1000000000000000000000000000001002809140000010001
2000,2000,0,1000000000000000000000000000001002809140000010001
2001,2001,0,1000000000000000000000000000001002809140000010001
2002,2002,0,1000000000000000000000000000001002809140000010001
2003,2003,0,1000000000000000000000000000001002809140000010001
2004,2004,0,1000000000000000000000000000001002809140000010001
2005,2005,0,1000000000000000000000000000001002809140000010001
2006,2006,0,1000000000000000000000000000001002809140000010001
2007,2007,0,1000000000000000000000000000001002809140000010001
2008,2008,0,1000000000000000000000000000001002809140000010001
2009,2009,0,1000000000000000000000000000001002809140000010001
2010,2010,0,1000000000000000000000000000001002809140000010001
2011,2011,0,1000000000000000000000000000001002809140000010001
2012,2012,0,1000000000000000000000000000001002809140000010001
2013,2013,0,1000000000000000000000000000001002809140000010001
2014,2014,0,1000000000000000000000000000001002809140000010001
2015,2015,0,1000000000000000000000000000001002809140000010001
2016,2016,0,1000000000000000000000000000001002809140000010001
2017,2017,0,1000000000000000000000000000001002809140000010001
2018,2018,0,1000000000000000000000000000001002809140000010001
2019,2019,0,1000000000000000000000000000001002809140000010001
2020,2020,0,1000000000000000000000000000001002809140000010001
2021,2021,0,1000000000000000000000000000001002809140000010001
2022,2022,0,1000000000000000000000000000001002809140000010001
2023,2023,0,1000000000000000000000000000001002809140000010001
2024,2024,0,1000000000000000000000000000001002809140000010001
2025,2025,0,1000000000000000000000000000001002809140000010001
2026,2026,0,1000000000000000000000000000001002809140000010001
2027,2027,0,1000000000000000000000000000001002809140000010001
2028,2028,0,1000000000000000000000000000001002809140000010001
2029,2029,0,1000000000000000000000000000001002809140000010001
2030,2030,0,1000000000000000000000000000001002809140000010001
2031,2031,0,1000000000000000000000000000001002809140000010001
2032,2032,0,1000000000000000000000000000001002809140000010001
2033,2033,0,1000000000000000000000000000001002809140000010001
2034,2034,0,1000000000000000000000000000001002809140000010001
2035,2035,0,1000000000000000000000000000001002809140000010001
2036,2036,0,1000000000000000000000000000001002809140000010001
2037,2037,0,1000000000000000000000000000001002809140000010001
2038,2038,0,1000000000000000000000000000001002809140000010001
2039,2039,0,1000000000000000000000000000001002809140000010001
2040,2040,0,1000000000000000000000000000001002809140000010001
2041,2041,0,1000000000000000000000000000001002809140000010001
2042,2042,0,1000000000000000000000000000001002809140000010001
2043,2043,0,1000000000000000000000000000001002809140000010001
2044,2044,0,1000000000000000000000000000001002809140000010001
2045,2045,0,1000000000000000000000000000001002809140000010001
2046,2046,0,1000000000000000000000000000001002809140000010001
2047,2047,0,1000000000000000000000000000001002809140000010001
