Sample in Buffer,Sample in Window,TRIGGER,kv_guard_bd_i/kv_lifecycle_guard_0_dbg_rstn,kv_guard_bd_i/kv_lifecycle_guard_0_dbg_heartbeat[15:0],kv_guard_bd_i/kv_lifecycle_guard_0_dbg_refcount[7:0],kv_guard_bd_i/kv_lifecycle_guard_0_dbg_reservation[7:0],kv_guard_bd_i/kv_lifecycle_guard_0_dbg_inflight[5:0],kv_guard_bd_i/kv_lifecycle_guard_0_dbg_fill_pending[3:0],kv_guard_bd_i/kv_lifecycle_guard_0_dbg_generation[7:0],kv_guard_bd_i/kv_lifecycle_guard_0_dbg_exp_generation[7:0],kv_guard_bd_i/kv_lifecycle_guard_0_dbg_slot[5:0],kv_guard_bd_i/kv_lifecycle_guard_0_dbg_phys[5:0],kv_guard_bd_i/kv_lifecycle_guard_0_dbg_reuse_req,kv_guard_bd_i/kv_lifecycle_guard_0_dbg_reuse_grant,kv_guard_bd_i/kv_lifecycle_guard_0_dbg_reuse_refused,kv_guard_bd_i/kv_lifecycle_guard_0_dbg_stale,kv_guard_bd_i/kv_lifecycle_guard_0_dbg_payload_mm,kv_guard_bd_i/kv_lifecycle_guard_0_dbg_evictable,kv_guard_bd_i/kv_lifecycle_guard_0_dbg_outstanding[1:0],kv_guard_bd_i/kv_lifecycle_guard_0_dbg_ar_wait[15:0],kv_guard_bd_i/kv_lifecycle_guard_0_dbg_rd_latency[15:0],kv_guard_bd_i/kv_lifecycle_guard_0_dbg_rd_latency_max[15:0],kv_guard_bd_i/kv_lifecycle_guard_0_dbg_sticky[7:0]
Radix - UNSIGNED,UNSIGNED,UNSIGNED,HEX,HEX,HEX,HEX,HEX,HEX,HEX,HEX,HEX,HEX,HEX,HEX,HEX,HEX,HEX,HEX,HEX,HEX,HEX,HEX,HEX
0,0,0,1,3197,00,00,01,0,01,00,05,09,0,0,0,0,0,0,0,0000,0000,0000,00
1,1,0,1,3198,00,00,01,0,01,00,05,09,0,0,0,0,0,0,0,0000,0000,0000,00
2,2,0,1,3199,00,00,01,0,01,00,05,09,0,0,0,0,0,0,0,0000,0000,0000,00
3,3,0,1,319a,00,00,01,0,01,00,05,09,0,0,0,0,0,0,0,0000,0000,0000,00
4,4,0,1,319b,00,00,01,0,01,00,05,09,0,0,0,0,0,0,0,0000,0000,0000,00
5,5,0,1,319c,00,00,01,0,01,00,05,09,0,0,0,0,0,0,0,0000,0000,0000,00
6,6,0,1,319d,00,00,01,0,01,00,05,09,0,0,0,0,0,0,0,0000,0000,0000,00
7,7,0,1,319e,00,00,01,0,01,00,05,09,0,0,0,0,0,0,0,0000,0000,0000,00
8,8,0,1,319f,00,00,01,0,01,00,05,09,0,0,0,0,0,0,0,0000,0000,0000,00
9,9,0,1,31a0,00,00,01,0,01,00,05,09,0,0,0,0,0,0,0,0000,0000,0000,00
10,10,0,1,31a1,00,00,01,0,01,00,05,09,0,0,0,0,0,0,0,0000,0000,0000,00
11,11,0,1,31a2,00,00,01,0,01,00,05,09,0,0,0,0,0,0,0,0000,0000,0000,00
12,12,0,1,31a3,00,00,01,0,01,00,05,09,0,0,0,0,0,0,0,0000,0000,0000,00
13,13,0,1,31a4,00,00,01,0,01,00,05,09,0,0,0,0,0,0,0,0000,0000,0000,00
14,14,0,1,31a5,00,00,01,0,01,00,05,09,0,0,0,0,0,0,0,0000,0000,0000,00
15,15,0,1,31a6,00,00,01,0,01,00,05,09,0,0,0,0,0,0,0,0000,0000,0000,00
16,16,0,1,31a7,00,00,01,0,01,00,05,09,0,0,0,0,0,0,0,0000,0000,0000,00
17,17,0,1,31a8,00,00,01,0,01,00,05,09,0,0,0,0,0,0,0,0000,0000,0000,00
18,18,0,1,31a9,00,00,01,0,01,00,05,09,0,0,0,0,0,0,0,0000,0000,0000,00
19,19,0,1,31aa,00,00,01,0,01,00,05,09,0,0,0,0,0,0,0,0000,0000,0000,00
20,20,0,1,31ab,00,00,01,0,01,00,05,09,0,0,0,0,0,0,0,0000,0000,0000,00
21,21,0,1,31ac,00,00,01,0,01,00,05,09,0,0,0,0,0,0,0,0000,0000,0000,00
22,22,0,1,31ad,00,00,01,0,01,00,05,09,0,0,0,0,0,0,0,0000,0000,0000,00
23,23,0,1,31ae,00,00,01,0,01,00,05,09,0,0,0,0,0,0,0,0000,0000,0000,00
24,24,0,1,31af,00,00,01,0,01,00,05,09,0,0,0,0,0,0,0,0000,0000,0000,00
25,25,0,1,31b0,00,00,01,0,01,00,05,09,0,0,0,0,0,0,0,0000,0000,0000,00
26,26,0,1,31b1,00,00,01,0,01,00,05,09,0,0,0,0,0,0,0,0000,0000,0000,00
27,27,0,1,31b2,00,00,01,0,01,00,05,09,0,0,0,0,0,0,0,0000,0000,0000,00
28,28,0,1,31b3,00,00,01,0,01,00,05,09,0,0,0,0,0,0,0,0000,0000,0000,00
29,29,0,1,31b4,00,00,01,0,01,00,05,09,0,0,0,0,0,0,0,0000,0000,0000,00
30,30,0,1,31b5,00,00,01,0,01,00,05,09,0,0,0,0,0,0,0,0000,0000,0000,00
31,31,0,1,31b6,00,00,01,0,01,00,05,09,0,0,0,0,0,0,0,0000,0000,0000,00
32,32,0,1,31b7,00,00,01,0,01,00,05,09,0,0,0,0,0,0,0,0000,0000,0000,00
33,33,0,1,31b8,00,00,01,0,01,00,05,09,0,0,0,0,0,0,0,0000,0000,0000,00
34,34,0,1,31b9,00,00,01,0,01,00,05,09,0,0,0,0,0,0,0,0000,0000,0000,00
35,35,0,1,31ba,00,00,01,0,01,00,05,09,0,0,0,0,0,0,0,0000,0000,0000,00
36,36,0,1,31bb,00,00,01,0,01,00,05,09,0,0,0,0,0,0,0,0000,0000,0000,00
37,37,0,1,31bc,00,00,01,0,01,00,05,09,0,0,0,0,0,0,0,0000,0000,0000,00
38,38,0,1,31bd,00,00,01,0,01,00,05,09,0,0,0,0,0,0,0,0000,0000,0000,00
39,39,0,1,31be,00,00,01,0,01,00,05,09,0,0,0,0,0,0,0,0000,0000,0000,00
40,40,0,1,31bf,00,00,01,0,01,00,05,09,0,0,0,0,0,0,0,0000,0000,0000,00
41,41,0,1,31c0,00,00,01,0,01,00,05,09,0,0,0,0,0,0,0,0000,0000,0000,00
42,42,0,1,31c1,00,00,01,0,01,00,05,09,0,0,0,0,0,0,0,0000,0000,0000,00
43,43,0,1,31c2,00,00,01,0,01,00,05,09,0,0,0,0,0,0,0,0000,0000,0000,00
44,44,0,1,31c3,00,00,01,0,01,00,05,09,0,0,0,0,0,0,0,0000,0000,0000,00
45,45,0,1,31c4,00,00,01,0,01,00,05,09,0,0,0,0,0,0,0,0000,0000,0000,00
46,46,0,1,31c5,00,00,01,0,01,00,05,09,0,0,0,0,0,0,0,0000,0000,0000,00
47,47,0,1,31c6,00,00,01,0,01,00,05,09,0,0,0,0,0,0,0,0000,0000,0000,00
48,48,0,1,31c7,00,00,01,0,01,00,05,09,0,0,0,0,0,0,0,0000,0000,0000,00
49,49,0,1,31c8,00,00,01,0,01,00,05,09,0,0,0,0,0,0,0,0000,0000,0000,00
50,50,0,1,31c9,00,00,01,0,01,00,05,09,0,0,0,0,0,0,0,0000,0000,0000,00
51,51,0,1,31ca,00,00,01,0,01,00,05,09,0,0,0,0,0,0,0,0000,0000,0000,00
52,52,0,1,31cb,00,00,01,0,01,00,05,09,0,0,0,0,0,0,0,0000,0000,0000,00
53,53,0,1,31cc,00,00,01,0,01,00,05,09,0,0,0,0,0,0,0,0000,0000,0000,00
54,54,0,1,31cd,00,00,01,0,01,00,05,09,0,0,0,0,0,0,0,0000,0000,0000,00
55,55,0,1,31ce,00,00,01,0,01,00,05,09,0,0,0,0,0,0,0,0000,0000,0000,00
56,56,0,1,31cf,00,00,01,0,01,00,05,09,0,0,0,0,0,0,0,0000,0000,0000,00
57,57,0,1,31d0,00,00,01,0,01,00,05,09,0,0,0,0,0,0,0,0000,0000,0000,00
58,58,0,1,31d1,00,00,01,0,01,00,05,09,0,0,0,0,0,0,0,0000,0000,0000,00
59,59,0,1,31d2,00,00,01,0,01,00,05,09,0,0,0,0,0,0,0,0000,0000,0000,00
60,60,0,1,31d3,00,00,01,0,01,00,05,09,0,0,0,0,0,0,0,0000,0000,0000,00
61,61,0,1,31d4,00,00,01,0,01,00,05,09,0,0,0,0,0,0,0,0000,0000,0000,00
62,62,0,1,31d5,00,00,01,0,01,00,05,09,0,0,0,0,0,0,0,0000,0000,0000,00
63,63,0,1,31d6,00,00,01,0,01,00,05,09,0,0,0,0,0,0,0,0000,0000,0000,00
64,64,0,1,31d7,00,00,01,0,01,00,05,09,0,0,0,0,0,0,0,0000,0000,0000,00
65,65,0,1,31d8,00,00,01,0,01,00,05,09,0,0,0,0,0,0,0,0000,0000,0000,00
66,66,0,1,31d9,00,00,01,0,01,00,05,09,0,0,0,0,0,0,0,0000,0000,0000,00
67,67,0,1,31da,00,00,01,0,01,00,05,09,0,0,0,0,0,0,0,0000,0000,0000,00
68,68,0,1,31db,00,00,01,0,01,00,05,09,0,0,0,0,0,0,0,0000,0000,0000,00
69,69,0,1,31dc,00,00,01,0,01,00,05,09,0,0,0,0,0,0,0,0000,0000,0000,00
70,70,0,1,31dd,00,00,01,0,01,00,05,09,0,0,0,0,0,0,0,0000,0000,0000,00
71,71,0,1,31de,00,00,01,0,01,00,05,09,0,0,0,0,0,0,0,0000,0000,0000,00
72,72,0,1,31df,00,00,01,0,01,00,05,09,0,0,0,0,0,0,0,0000,0000,0000,00
73,73,0,1,31e0,00,00,01,0,01,00,05,09,0,0,0,0,0,0,0,0000,0000,0000,00
74,74,0,1,31e1,00,00,01,0,01,00,05,09,0,0,0,0,0,0,0,0000,0000,0000,00
75,75,0,1,31e2,00,00,01,0,01,00,05,09,0,0,0,0,0,0,0,0000,0000,0000,00
76,76,0,1,31e3,00,00,01,0,01,00,05,09,0,0,0,0,0,0,0,0000,0000,0000,00
77,77,0,1,31e4,00,00,01,0,01,00,05,09,0,0,0,0,0,0,0,0000,0000,0000,00
78,78,0,1,31e5,00,00,01,0,01,00,05,09,0,0,0,0,0,0,0,0000,0000,0000,00
79,79,0,1,31e6,00,00,01,0,01,00,05,09,0,0,0,0,0,0,0,0000,0000,0000,00
80,80,0,1,31e7,00,00,01,0,01,00,05,09,0,0,0,0,0,0,0,0000,0000,0000,00
81,81,0,1,31e8,00,00,01,0,01,00,05,09,0,0,0,0,0,0,0,0000,0000,0000,00
82,82,0,1,31e9,00,00,01,0,01,00,05,09,0,0,0,0,0,0,0,0000,0000,0000,00
83,83,0,1,31ea,00,00,01,0,01,00,05,09,0,0,0,0,0,0,0,0000,0000,0000,00
84,84,0,1,31eb,00,00,01,0,01,00,05,09,0,0,0,0,0,0,0,0000,0000,0000,00
85,85,0,1,31ec,00,00,01,0,01,00,05,09,0,0,0,0,0,0,0,0000,0000,0000,00
86,86,0,1,31ed,00,00,01,0,01,00,05,09,0,0,0,0,0,0,0,0000,0000,0000,00
87,87,0,1,31ee,00,00,01,0,01,00,05,09,0,0,0,0,0,0,0,0000,0000,0000,00
88,88,0,1,31ef,00,00,01,0,01,00,05,09,0,0,0,0,0,0,0,0000,0000,0000,00
89,89,0,1,31f0,00,00,01,0,01,00,05,09,0,0,0,0,0,0,0,0000,0000,0000,00
90,90,0,1,31f1,00,00,01,0,01,00,05,09,0,0,0,0,0,0,0,0000,0000,0000,00
91,91,0,1,31f2,00,00,01,0,01,00,05,09,0,0,0,0,0,0,0,0000,0000,0000,00
92,92,0,1,31f3,00,00,01,0,01,00,05,09,0,0,0,0,0,0,0,0000,0000,0000,00
93,93,0,1,31f4,00,00,01,0,01,00,05,09,0,0,0,0,0,0,0,0000,0000,0000,00
94,94,0,1,31f5,00,00,01,0,01,00,05,09,0,0,0,0,0,0,0,0000,0000,0000,00
95,95,0,1,31f6,00,00,01,0,01,00,05,09,0,0,0,0,0,0,0,0000,0000,0000,00
96,96,0,1,31f7,00,00,01,0,01,00,05,09,0,0,0,0,0,0,0,0000,0000,0000,00
97,97,0,1,31f8,00,00,01,0,01,00,05,09,0,0,0,0,0,0,0,0000,0000,0000,00
98,98,0,1,31f9,00,00,01,0,01,00,05,09,0,0,0,0,0,0,0,0000,0000,0000,00
99,99,0,1,31fa,00,00,01,0,01,00,05,09,0,0,0,0,0,0,0,0000,0000,0000,00
100,100,0,1,31fb,00,00,01,0,01,00,05,09,0,0,0,0,0,0,0,0000,0000,0000,00
101,101,0,1,31fc,00,00,01,0,01,00,05,09,0,0,0,0,0,0,0,0000,0000,0000,00
102,102,0,1,31fd,00,00,01,0,01,00,05,09,0,0,0,0,0,0,0,0000,0000,0000,00
103,103,0,1,31fe,00,00,01,0,01,00,05,09,0,0,0,0,0,0,0,0000,0000,0000,00
104,104,0,1,31ff,00,00,01,0,01,00,05,09,0,0,0,0,0,0,0,0000,0000,0000,00
105,105,0,1,3200,00,00,01,0,01,00,05,09,0,0,0,0,0,0,0,0000,0000,0000,00
106,106,0,1,3201,00,00,01,0,01,00,05,09,0,0,0,0,0,0,0,0000,0000,0000,00
107,107,0,1,3202,00,00,01,0,01,00,05,09,0,0,0,0,0,0,0,0000,0000,0000,00
108,108,0,1,3203,00,00,01,0,01,00,05,09,0,0,0,0,0,0,0,0000,0000,0000,00
109,109,0,1,3204,00,00,01,0,01,00,05,09,0,0,0,0,0,0,0,0000,0000,0000,00
110,110,0,1,3205,00,00,01,0,01,00,05,09,0,0,0,0,0,0,0,0000,0000,0000,00
111,111,0,1,3206,00,00,01,0,01,00,05,09,0,0,0,0,0,0,0,0000,0000,0000,00
112,112,0,1,3207,00,00,01,0,01,00,05,09,0,0,0,0,0,0,0,0000,0000,0000,00
113,113,0,1,3208,00,00,01,0,01,00,05,09,0,0,0,0,0,0,0,0000,0000,0000,00
114,114,0,1,3209,00,00,01,0,01,00,05,09,0,0,0,0,0,0,0,0000,0000,0000,00
115,115,0,1,320a,00,00,01,0,01,00,05,09,0,0,0,0,0,0,0,0000,0000,0000,00
116,116,0,1,320b,00,00,01,0,01,00,05,09,0,0,0,0,0,0,0,0000,0000,0000,00
117,117,0,1,320c,00,00,01,0,01,00,05,09,0,0,0,0,0,0,0,0000,0000,0000,00
118,118,0,1,320d,00,00,01,0,01,00,05,09,0,0,0,0,0,0,0,0000,0000,0000,00
119,119,0,1,320e,00,00,01,0,01,00,05,09,0,0,0,0,0,0,0,0000,0000,0000,00
120,120,0,1,320f,00,00,01,0,01,00,05,09,0,0,0,0,0,0,0,0000,0000,0000,00
121,121,0,1,3210,00,00,01,0,01,00,05,09,0,0,0,0,0,0,0,0000,0000,0000,00
122,122,0,1,3211,00,00,01,0,01,00,05,09,0,0,0,0,0,0,0,0000,0000,0000,00
123,123,0,1,3212,00,00,01,0,01,00,05,09,0,0,0,0,0,0,0,0000,0000,0000,00
124,124,0,1,3213,00,00,01,0,01,00,05,09,0,0,0,0,0,0,0,0000,0000,0000,00
125,125,0,1,3214,00,00,01,0,01,00,05,09,0,0,0,0,0,0,0,0000,0000,0000,00
126,126,0,1,3215,00,00,01,0,01,00,05,09,0,0,0,0,0,0,0,0000,0000,0000,00
127,127,0,1,3216,00,00,01,0,01,00,05,09,0,0,0,0,0,0,0,0000,0000,0000,00
128,128,0,1,3217,00,00,01,0,01,00,05,09,0,0,0,0,0,0,0,0000,0000,0000,00
129,129,0,1,3218,00,00,01,0,01,00,05,09,0,0,0,0,0,0,0,0000,0000,0000,00
130,130,0,1,3219,00,00,01,0,01,00,05,09,0,0,0,0,0,0,0,0000,0000,0000,00
131,131,0,1,321a,00,00,01,0,01,00,05,09,0,0,0,0,0,0,0,0000,0000,0000,00
132,132,0,1,321b,00,00,01,0,01,00,05,09,0,0,0,0,0,0,0,0000,0000,0000,00
133,133,0,1,321c,00,00,01,0,01,00,05,09,0,0,0,0,0,0,0,0000,0000,0000,00
134,134,0,1,321d,00,00,01,0,01,00,05,09,0,0,0,0,0,0,0,0000,0000,0000,00
135,135,0,1,321e,00,00,01,0,01,00,05,09,0,0,0,0,0,0,0,0000,0000,0000,00
136,136,0,1,321f,00,00,01,0,01,00,05,09,0,0,0,0,0,0,0,0000,0000,0000,00
137,137,0,1,3220,00,00,01,0,01,00,05,09,0,0,0,0,0,0,0,0000,0000,0000,00
138,138,0,1,3221,00,00,01,0,01,00,05,09,0,0,0,0,0,0,0,0000,0000,0000,00
139,139,0,1,3222,00,00,01,0,01,00,05,09,0,0,0,0,0,0,0,0000,0000,0000,00
140,140,0,1,3223,00,00,01,0,01,00,05,09,0,0,0,0,0,0,0,0000,0000,0000,00
141,141,0,1,3224,00,00,01,0,01,00,05,09,0,0,0,0,0,0,0,0000,0000,0000,00
142,142,0,1,3225,00,00,01,0,01,00,05,09,0,0,0,0,0,0,0,0000,0000,0000,00
143,143,0,1,3226,00,00,01,0,01,00,05,09,0,0,0,0,0,0,0,0000,0000,0000,00
144,144,0,1,3227,00,00,01,0,01,00,05,09,0,0,0,0,0,0,0,0000,0000,0000,00
145,145,0,1,3228,00,00,01,0,01,00,05,09,0,0,0,0,0,0,0,0000,0000,0000,00
146,146,0,1,3229,00,00,01,0,01,00,05,09,0,0,0,0,0,0,0,0000,0000,0000,00
147,147,0,1,322a,00,00,01,0,01,00,05,09,0,0,0,0,0,0,0,0000,0000,0000,00
148,148,0,1,322b,00,00,01,0,01,00,05,09,0,0,0,0,0,0,0,0000,0000,0000,00
149,149,0,1,322c,00,00,01,0,01,00,05,09,0,0,0,0,0,0,0,0000,0000,0000,00
150,150,0,1,322d,00,00,01,0,01,00,05,09,0,0,0,0,0,0,0,0000,0000,0000,00
151,151,0,1,322e,00,00,01,0,01,00,05,09,0,0,0,0,0,0,0,0000,0000,0000,00
152,152,0,1,322f,00,00,01,0,01,00,05,09,0,0,0,0,0,0,0,0000,0000,0000,00
153,153,0,1,3230,00,00,01,0,01,00,05,09,0,0,0,0,0,0,0,0000,0000,0000,00
154,154,0,1,3231,00,00,01,0,01,00,05,09,0,0,0,0,0,0,0,0000,0000,0000,00
155,155,0,1,3232,00,00,01,0,01,00,05,09,0,0,0,0,0,0,0,0000,0000,0000,00
156,156,0,1,3233,00,00,01,0,01,00,05,09,0,0,0,0,0,0,0,0000,0000,0000,00
157,157,0,1,3234,00,00,01,0,01,00,05,09,0,0,0,0,0,0,0,0000,0000,0000,00
158,158,0,1,3235,00,00,01,0,01,00,05,09,0,0,0,0,0,0,0,0000,0000,0000,00
159,159,0,1,3236,00,00,01,0,01,00,05,09,0,0,0,0,0,0,0,0000,0000,0000,00
160,160,0,1,3237,00,00,01,0,01,00,05,09,0,0,0,0,0,0,0,0000,0000,0000,00
161,161,0,1,3238,00,00,01,0,01,00,05,09,0,0,0,0,0,0,0,0000,0000,0000,00
162,162,0,1,3239,00,00,01,0,01,00,05,09,0,0,0,0,0,0,0,0000,0000,0000,00
163,163,0,1,323a,00,00,01,0,01,00,05,09,0,0,0,0,0,0,0,0000,0000,0000,00
164,164,0,1,323b,00,00,01,0,01,00,05,09,0,0,0,0,0,0,0,0000,0000,0000,00
165,165,0,1,323c,00,00,01,0,01,00,05,09,0,0,0,0,0,0,0,0000,0000,0000,00
166,166,0,1,323d,00,00,01,0,01,00,05,09,0,0,0,0,0,0,0,0000,0000,0000,00
167,167,0,1,323e,00,00,01,0,01,00,05,09,0,0,0,0,0,0,0,0000,0000,0000,00
168,168,0,1,323f,00,00,01,0,01,00,05,09,0,0,0,0,0,0,0,0000,0000,0000,00
169,169,0,1,3240,00,00,01,0,01,00,05,09,0,0,0,0,0,0,0,0000,0000,0000,00
170,170,0,1,3241,00,00,01,0,01,00,05,09,0,0,0,0,0,0,0,0000,0000,0000,00
171,171,0,1,3242,00,00,01,0,01,00,05,09,0,0,0,0,0,0,0,0000,0000,0000,00
172,172,0,1,3243,00,00,01,0,01,00,05,09,0,0,0,0,0,0,0,0000,0000,0000,00
173,173,0,1,3244,00,00,01,0,01,00,05,09,0,0,0,0,0,0,0,0000,0000,0000,00
174,174,0,1,3245,00,00,01,0,01,00,05,09,0,0,0,0,0,0,0,0000,0000,0000,00
175,175,0,1,3246,00,00,01,0,01,00,05,09,0,0,0,0,0,0,0,0000,0000,0000,00
176,176,0,1,3247,00,00,01,0,01,00,05,09,0,0,0,0,0,0,0,0000,0000,0000,00
177,177,0,1,3248,00,00,01,0,01,00,05,09,0,0,0,0,0,0,0,0000,0000,0000,00
178,178,0,1,3249,00,00,01,0,01,00,05,09,0,0,0,0,0,0,0,0000,0000,0000,00
179,179,0,1,324a,00,00,01,0,01,00,05,09,0,0,0,0,0,0,0,0000,0000,0000,00
180,180,0,1,324b,00,00,01,0,01,00,05,09,0,0,0,0,0,0,0,0000,0000,0000,00
181,181,0,1,324c,00,00,01,0,01,00,05,09,0,0,0,0,0,0,0,0000,0000,0000,00
182,182,0,1,324d,00,00,01,0,01,00,05,09,0,0,0,0,0,0,0,0000,0000,0000,00
183,183,0,1,324e,00,00,01,0,01,00,05,09,0,0,0,0,0,0,0,0000,0000,0000,00
184,184,0,1,324f,00,00,01,0,01,00,05,09,0,0,0,0,0,0,0,0000,0000,0000,00
185,185,0,1,3250,00,00,01,0,01,00,05,09,0,0,0,0,0,0,0,0000,0000,0000,00
186,186,0,1,3251,00,00,01,0,01,00,05,09,0,0,0,0,0,0,0,0000,0000,0000,00
187,187,0,1,3252,00,00,01,0,01,00,05,09,0,0,0,0,0,0,0,0000,0000,0000,00
188,188,0,1,3253,00,00,01,0,01,00,05,09,0,0,0,0,0,0,0,0000,0000,0000,00
189,189,0,1,3254,00,00,01,0,01,00,05,09,0,0,0,0,0,0,0,0000,0000,0000,00
190,190,0,1,3255,00,00,01,0,01,00,05,09,0,0,0,0,0,0,0,0000,0000,0000,00
191,191,0,1,3256,00,00,01,0,01,00,05,09,0,0,0,0,0,0,0,0000,0000,0000,00
192,192,0,1,3257,00,00,01,0,01,00,05,09,0,0,0,0,0,0,0,0000,0000,0000,00
193,193,0,1,3258,00,00,01,0,01,00,05,09,0,0,0,0,0,0,0,0000,0000,0000,00
194,194,0,1,3259,00,00,01,0,01,00,05,09,0,0,0,0,0,0,0,0000,0000,0000,00
195,195,0,1,325a,00,00,01,0,01,00,05,09,0,0,0,0,0,0,0,0000,0000,0000,00
196,196,0,1,325b,00,00,01,0,01,00,05,09,0,0,0,0,0,0,0,0000,0000,0000,00
197,197,0,1,325c,00,00,01,0,01,00,05,09,0,0,0,0,0,0,0,0000,0000,0000,00
198,198,0,1,325d,00,00,01,0,01,00,05,09,0,0,0,0,0,0,0,0000,0000,0000,00
199,199,0,1,325e,00,00,01,0,01,00,05,09,0,0,0,0,0,0,0,0000,0000,0000,00
200,200,0,1,325f,00,00,01,0,01,00,05,09,0,0,0,0,0,0,0,0000,0000,0000,00
201,201,0,1,3260,00,00,01,0,01,00,05,09,0,0,0,0,0,0,0,0000,0000,0000,00
202,202,0,1,3261,00,00,01,0,01,00,05,09,0,0,0,0,0,0,0,0000,0000,0000,00
203,203,0,1,3262,00,00,01,0,01,00,05,09,0,0,0,0,0,0,0,0000,0000,0000,00
204,204,0,1,3263,00,00,01,0,01,00,05,09,0,0,0,0,0,0,0,0000,0000,0000,00
205,205,0,1,3264,00,00,01,0,01,00,05,09,0,0,0,0,0,0,0,0000,0000,0000,00
206,206,0,1,3265,00,00,01,0,01,00,05,09,0,0,0,0,0,0,0,0000,0000,0000,00
207,207,0,1,3266,00,00,01,0,01,00,05,09,0,0,0,0,0,0,0,0000,0000,0000,00
208,208,0,1,3267,00,00,01,0,01,00,05,09,0,0,0,0,0,0,0,0000,0000,0000,00
209,209,0,1,3268,00,00,01,0,01,00,05,09,0,0,0,0,0,0,0,0000,0000,0000,00
210,210,0,1,3269,00,00,01,0,01,00,05,09,0,0,0,0,0,0,0,0000,0000,0000,00
211,211,0,1,326a,00,00,01,0,01,00,05,09,0,0,0,0,0,0,0,0000,0000,0000,00
212,212,0,1,326b,00,00,01,0,01,00,05,09,0,0,0,0,0,0,0,0000,0000,0000,00
213,213,0,1,326c,00,00,01,0,01,00,05,09,0,0,0,0,0,0,0,0000,0000,0000,00
214,214,0,1,326d,00,00,01,0,01,00,05,09,0,0,0,0,0,0,0,0000,0000,0000,00
215,215,0,1,326e,00,00,01,0,01,00,05,09,0,0,0,0,0,0,0,0000,0000,0000,00
216,216,0,1,326f,00,00,01,0,01,00,05,09,0,0,0,0,0,0,0,0000,0000,0000,00
217,217,0,1,3270,00,00,01,0,01,00,05,09,0,0,0,0,0,0,0,0000,0000,0000,00
218,218,0,1,3271,00,00,01,0,01,00,05,09,0,0,0,0,0,0,0,0000,0000,0000,00
219,219,0,1,3272,00,00,01,0,01,00,05,09,0,0,0,0,0,0,0,0000,0000,0000,00
220,220,0,1,3273,00,00,01,0,01,00,05,09,0,0,0,0,0,0,0,0000,0000,0000,00
221,221,0,1,3274,00,00,01,0,01,00,05,09,0,0,0,0,0,0,0,0000,0000,0000,00
222,222,0,1,3275,00,00,01,0,01,00,05,09,0,0,0,0,0,0,0,0000,0000,0000,00
223,223,0,1,3276,00,00,01,0,01,00,05,09,0,0,0,0,0,0,0,0000,0000,0000,00
224,224,0,1,3277,00,00,01,0,01,00,05,09,0,0,0,0,0,0,0,0000,0000,0000,00
225,225,0,1,3278,00,00,01,0,01,00,05,09,0,0,0,0,0,0,0,0000,0000,0000,00
226,226,0,1,3279,00,00,01,0,01,00,05,09,0,0,0,0,0,0,0,0000,0000,0000,00
227,227,0,1,327a,00,00,01,0,01,00,05,09,0,0,0,0,0,0,0,0000,0000,0000,00
228,228,0,1,327b,00,00,01,0,01,00,05,09,0,0,0,0,0,0,0,0000,0000,0000,00
229,229,0,1,327c,00,00,01,0,01,00,05,09,0,0,0,0,0,0,0,0000,0000,0000,00
230,230,0,1,327d,00,00,01,0,01,00,05,09,0,0,0,0,0,0,0,0000,0000,0000,00
231,231,0,1,327e,00,00,01,0,01,00,05,09,0,0,0,0,0,0,0,0000,0000,0000,00
232,232,0,1,327f,00,00,01,0,01,00,05,09,0,0,0,0,0,0,0,0000,0000,0000,00
233,233,0,1,3280,00,00,01,0,01,00,05,09,0,0,0,0,0,0,0,0000,0000,0000,00
234,234,0,1,3281,00,00,01,0,01,00,05,09,0,0,0,0,0,0,0,0000,0000,0000,00
235,235,0,1,3282,00,00,01,0,01,00,05,09,0,0,0,0,0,0,0,0000,0000,0000,00
236,236,0,1,3283,00,00,01,0,01,00,05,09,0,0,0,0,0,0,0,0000,0000,0000,00
237,237,0,1,3284,00,00,01,0,01,00,05,09,0,0,0,0,0,0,0,0000,0000,0000,00
238,238,0,1,3285,00,00,01,0,01,00,05,09,0,0,0,0,0,0,0,0000,0000,0000,00
239,239,0,1,3286,00,00,01,0,01,00,05,09,0,0,0,0,0,0,0,0000,0000,0000,00
240,240,0,1,3287,00,00,01,0,01,00,05,09,0,0,0,0,0,0,0,0000,0000,0000,00
241,241,0,1,3288,00,00,01,0,01,00,05,09,0,0,0,0,0,0,0,0000,0000,0000,00
242,242,0,1,3289,00,00,01,0,01,00,05,09,0,0,0,0,0,0,0,0000,0000,0000,00
243,243,0,1,328a,00,00,01,0,01,00,05,09,0,0,0,0,0,0,0,0000,0000,0000,00
244,244,0,1,328b,00,00,01,0,01,00,05,09,0,0,0,0,0,0,0,0000,0000,0000,00
245,245,0,1,328c,00,00,01,0,01,00,05,09,0,0,0,0,0,0,0,0000,0000,0000,00
246,246,0,1,328d,00,00,01,0,01,00,05,09,0,0,0,0,0,0,0,0000,0000,0000,00
247,247,0,1,328e,00,00,01,0,01,00,05,09,0,0,0,0,0,0,0,0000,0000,0000,00
248,248,0,1,328f,00,00,01,0,01,00,05,09,0,0,0,0,0,0,0,0000,0000,0000,00
249,249,0,1,3290,00,00,01,0,01,00,05,09,0,0,0,0,0,0,0,0000,0000,0000,00
250,250,0,1,3291,00,00,01,0,01,00,05,09,0,0,0,0,0,0,0,0000,0000,0000,00
251,251,0,1,3292,00,00,01,0,01,00,05,09,0,0,0,0,0,0,0,0000,0000,0000,00
252,252,0,1,3293,00,00,01,0,01,00,05,09,0,0,0,0,0,0,0,0000,0000,0000,00
253,253,0,1,3294,00,00,01,0,01,00,05,09,0,0,0,0,0,0,0,0000,0000,0000,00
254,254,0,1,3295,00,00,01,0,01,00,05,09,0,0,0,0,0,0,0,0000,0000,0000,00
255,255,0,1,3296,00,00,01,0,01,00,05,09,0,0,0,0,0,0,0,0000,0000,0000,00
256,256,0,1,3297,00,00,01,0,01,00,05,09,0,0,0,0,0,0,0,0000,0000,0000,00
257,257,0,1,3298,00,00,01,0,01,00,05,09,0,0,0,0,0,0,0,0000,0000,0000,00
258,258,0,1,3299,00,00,01,0,01,00,05,09,0,0,0,0,0,0,0,0000,0000,0000,00
259,259,0,1,329a,00,00,01,0,01,00,05,09,0,0,0,0,0,0,0,0000,0000,0000,00
260,260,0,1,329b,00,00,01,0,01,00,05,09,0,0,0,0,0,0,0,0000,0000,0000,00
261,261,0,1,329c,00,00,01,0,01,00,05,09,0,0,0,0,0,0,0,0000,0000,0000,00
262,262,0,1,329d,00,00,01,0,01,00,05,09,0,0,0,0,0,0,0,0000,0000,0000,00
263,263,0,1,329e,00,00,01,0,01,00,05,09,0,0,0,0,0,0,0,0000,0000,0000,00
264,264,0,1,329f,00,00,01,0,01,00,05,09,0,0,0,0,0,0,0,0000,0000,0000,00
265,265,0,1,32a0,00,00,01,0,01,00,05,09,0,0,0,0,0,0,0,0000,0000,0000,00
266,266,0,1,32a1,00,00,01,0,01,00,05,09,0,0,0,0,0,0,0,0000,0000,0000,00
267,267,0,1,32a2,00,00,01,0,01,00,05,09,0,0,0,0,0,0,0,0000,0000,0000,00
268,268,0,1,32a3,00,00,01,0,01,00,05,09,0,0,0,0,0,0,0,0000,0000,0000,00
269,269,0,1,32a4,00,00,01,0,01,00,05,09,0,0,0,0,0,0,0,0000,0000,0000,00
270,270,0,1,32a5,00,00,01,0,01,00,05,09,0,0,0,0,0,0,0,0000,0000,0000,00
271,271,0,1,32a6,00,00,01,0,01,00,05,09,0,0,0,0,0,0,0,0000,0000,0000,00
272,272,0,1,32a7,00,00,01,0,01,00,05,09,0,0,0,0,0,0,0,0000,0000,0000,00
273,273,0,1,32a8,00,00,01,0,01,00,05,09,0,0,0,0,0,0,0,0000,0000,0000,00
274,274,0,1,32a9,00,00,01,0,01,00,05,09,0,0,0,0,0,0,0,0000,0000,0000,00
275,275,0,1,32aa,00,00,01,0,01,00,05,09,0,0,0,0,0,0,0,0000,0000,0000,00
276,276,0,1,32ab,00,00,01,0,01,00,05,09,0,0,0,0,0,0,0,0000,0000,0000,00
277,277,0,1,32ac,00,00,01,0,01,00,05,09,0,0,0,0,0,0,0,0000,0000,0000,00
278,278,0,1,32ad,00,00,01,0,01,00,05,09,0,0,0,0,0,0,0,0000,0000,0000,00
279,279,0,1,32ae,00,00,01,0,01,00,05,09,0,0,0,0,0,0,0,0000,0000,0000,00
280,280,0,1,32af,00,00,01,0,01,00,05,09,0,0,0,0,0,0,0,0000,0000,0000,00
281,281,0,1,32b0,00,00,01,0,01,00,05,09,0,0,0,0,0,0,0,0000,0000,0000,00
282,282,0,1,32b1,00,00,01,0,01,00,05,09,0,0,0,0,0,0,0,0000,0000,0000,00
283,283,0,1,32b2,00,00,01,0,01,00,05,09,0,0,0,0,0,0,0,0000,0000,0000,00
284,284,0,1,32b3,00,00,01,0,01,00,05,09,0,0,0,0,0,0,0,0000,0000,0000,00
285,285,0,1,32b4,00,00,01,0,01,00,05,09,0,0,0,0,0,0,0,0000,0000,0000,00
286,286,0,1,32b5,00,00,01,0,01,00,05,09,0,0,0,0,0,0,0,0000,0000,0000,00
287,287,0,1,32b6,00,00,01,0,01,00,05,09,0,0,0,0,0,0,0,0000,0000,0000,00
288,288,0,1,32b7,00,00,01,0,01,00,05,09,0,0,0,0,0,0,0,0000,0000,0000,00
289,289,0,1,32b8,00,00,01,0,01,00,05,09,0,0,0,0,0,0,0,0000,0000,0000,00
290,290,0,1,32b9,00,00,01,0,01,00,05,09,0,0,0,0,0,0,0,0000,0000,0000,00
291,291,0,1,32ba,00,00,01,0,01,00,05,09,0,0,0,0,0,0,0,0000,0000,0000,00
292,292,0,1,32bb,00,00,01,0,01,00,05,09,0,0,0,0,0,0,0,0000,0000,0000,00
293,293,0,1,32bc,00,00,01,0,01,00,05,09,0,0,0,0,0,0,0,0000,0000,0000,00
294,294,0,1,32bd,00,00,01,0,01,00,05,09,0,0,0,0,0,0,0,0000,0000,0000,00
295,295,0,1,32be,00,00,01,0,01,00,05,09,0,0,0,0,0,0,0,0000,0000,0000,00
296,296,0,1,32bf,00,00,01,0,01,00,05,09,0,0,0,0,0,0,0,0000,0000,0000,00
297,297,0,1,32c0,00,00,01,0,01,00,05,09,0,0,0,0,0,0,0,0000,0000,0000,00
298,298,0,1,32c1,00,00,01,0,01,00,05,09,0,0,0,0,0,0,0,0000,0000,0000,00
299,299,0,1,32c2,00,00,01,0,01,00,05,09,0,0,0,0,0,0,0,0000,0000,0000,00
300,300,0,1,32c3,00,00,01,0,01,00,05,09,0,0,0,0,0,0,0,0000,0000,0000,00
301,301,0,1,32c4,00,00,01,0,01,00,05,09,0,0,0,0,0,0,0,0000,0000,0000,00
302,302,0,1,32c5,00,00,01,0,01,00,05,09,0,0,0,0,0,0,0,0000,0000,0000,00
303,303,0,1,32c6,00,00,01,0,01,00,05,09,0,0,0,0,0,0,0,0000,0000,0000,00
304,304,0,1,32c7,00,00,01,0,01,00,05,09,0,0,0,0,0,0,0,0000,0000,0000,00
305,305,0,1,32c8,00,00,01,0,01,00,05,09,0,0,0,0,0,0,0,0000,0000,0000,00
306,306,0,1,32c9,00,00,01,0,01,00,05,09,0,0,0,0,0,0,0,0000,0000,0000,00
307,307,0,1,32ca,00,00,01,0,01,00,05,09,0,0,0,0,0,0,0,0000,0000,0000,00
308,308,0,1,32cb,00,00,01,0,01,00,05,09,0,0,0,0,0,0,0,0000,0000,0000,00
309,309,0,1,32cc,00,00,01,0,01,00,05,09,0,0,0,0,0,0,0,0000,0000,0000,00
310,310,0,1,32cd,00,00,01,0,01,00,05,09,0,0,0,0,0,0,0,0000,0000,0000,00
311,311,0,1,32ce,00,00,01,0,01,00,05,09,0,0,0,0,0,0,0,0000,0000,0000,00
312,312,0,1,32cf,00,00,01,0,01,00,05,09,0,0,0,0,0,0,0,0000,0000,0000,00
313,313,0,1,32d0,00,00,01,0,01,00,05,09,0,0,0,0,0,0,0,0000,0000,0000,00
314,314,0,1,32d1,00,00,01,0,01,00,05,09,0,0,0,0,0,0,0,0000,0000,0000,00
315,315,0,1,32d2,00,00,01,0,01,00,05,09,0,0,0,0,0,0,0,0000,0000,0000,00
316,316,0,1,32d3,00,00,01,0,01,00,05,09,0,0,0,0,0,0,0,0000,0000,0000,00
317,317,0,1,32d4,00,00,01,0,01,00,05,09,0,0,0,0,0,0,0,0000,0000,0000,00
318,318,0,1,32d5,00,00,01,0,01,00,05,09,0,0,0,0,0,0,0,0000,0000,0000,00
319,319,0,1,32d6,00,00,01,0,01,00,05,09,0,0,0,0,0,0,0,0000,0000,0000,00
320,320,0,1,32d7,00,00,01,0,01,00,05,09,0,0,0,0,0,0,0,0000,0000,0000,00
321,321,0,1,32d8,00,00,01,0,01,00,05,09,0,0,0,0,0,0,0,0000,0000,0000,00
322,322,0,1,32d9,00,00,01,0,01,00,05,09,0,0,0,0,0,0,0,0000,0000,0000,00
323,323,0,1,32da,00,00,01,0,01,00,05,09,0,0,0,0,0,0,0,0000,0000,0000,00
324,324,0,1,32db,00,00,01,0,01,00,05,09,0,0,0,0,0,0,0,0000,0000,0000,00
325,325,0,1,32dc,00,00,01,0,01,00,05,09,0,0,0,0,0,0,0,0000,0000,0000,00
326,326,0,1,32dd,00,00,01,0,01,00,05,09,0,0,0,0,0,0,0,0000,0000,0000,00
327,327,0,1,32de,00,00,01,0,01,00,05,09,0,0,0,0,0,0,0,0000,0000,0000,00
328,328,0,1,32df,00,00,01,0,01,00,05,09,0,0,0,0,0,0,0,0000,0000,0000,00
329,329,0,1,32e0,00,00,01,0,01,00,05,09,0,0,0,0,0,0,0,0000,0000,0000,00
330,330,0,1,32e1,00,00,01,0,01,00,05,09,0,0,0,0,0,0,0,0000,0000,0000,00
331,331,0,1,32e2,00,00,01,0,01,00,05,09,0,0,0,0,0,0,0,0000,0000,0000,00
332,332,0,1,32e3,00,00,01,0,01,00,05,09,0,0,0,0,0,0,0,0000,0000,0000,00
333,333,0,1,32e4,00,00,01,0,01,00,05,09,0,0,0,0,0,0,0,0000,0000,0000,00
334,334,0,1,32e5,00,00,01,0,01,00,05,09,0,0,0,0,0,0,0,0000,0000,0000,00
335,335,0,1,32e6,00,00,01,0,01,00,05,09,0,0,0,0,0,0,0,0000,0000,0000,00
336,336,0,1,32e7,00,00,01,0,01,00,05,09,0,0,0,0,0,0,0,0000,0000,0000,00
337,337,0,1,32e8,00,00,01,0,01,00,05,09,0,0,0,0,0,0,0,0000,0000,0000,00
338,338,0,1,32e9,00,00,01,0,01,00,05,09,0,0,0,0,0,0,0,0000,0000,0000,00
339,339,0,1,32ea,00,00,01,0,01,00,05,09,0,0,0,0,0,0,0,0000,0000,0000,00
340,340,0,1,32eb,00,00,01,0,01,00,05,09,0,0,0,0,0,0,0,0000,0000,0000,00
341,341,0,1,32ec,00,00,01,0,01,00,05,09,0,0,0,0,0,0,0,0000,0000,0000,00
342,342,0,1,32ed,00,00,01,0,01,00,05,09,0,0,0,0,0,0,0,0000,0000,0000,00
343,343,0,1,32ee,00,00,01,0,01,00,05,09,0,0,0,0,0,0,0,0000,0000,0000,00
344,344,0,1,32ef,00,00,01,0,01,00,05,09,0,0,0,0,0,0,0,0000,0000,0000,00
345,345,0,1,32f0,00,00,01,0,01,00,05,09,0,0,0,0,0,0,0,0000,0000,0000,00
346,346,0,1,32f1,00,00,01,0,01,00,05,09,0,0,0,0,0,0,0,0000,0000,0000,00
347,347,0,1,32f2,00,00,01,0,01,00,05,09,0,0,0,0,0,0,0,0000,0000,0000,00
348,348,0,1,32f3,00,00,01,0,01,00,05,09,0,0,0,0,0,0,0,0000,0000,0000,00
349,349,0,1,32f4,00,00,01,0,01,00,05,09,0,0,0,0,0,0,0,0000,0000,0000,00
350,350,0,1,32f5,00,00,01,0,01,00,05,09,0,0,0,0,0,0,0,0000,0000,0000,00
351,351,0,1,32f6,00,00,01,0,01,00,05,09,0,0,0,0,0,0,0,0000,0000,0000,00
352,352,0,1,32f7,00,00,01,0,01,00,05,09,0,0,0,0,0,0,0,0000,0000,0000,00
353,353,0,1,32f8,00,00,01,0,01,00,05,09,0,0,0,0,0,0,0,0000,0000,0000,00
354,354,0,1,32f9,00,00,01,0,01,00,05,09,0,0,0,0,0,0,0,0000,0000,0000,00
355,355,0,1,32fa,00,00,01,0,01,00,05,09,0,0,0,0,0,0,0,0000,0000,0000,00
356,356,0,1,32fb,00,00,01,0,01,00,05,09,0,0,0,0,0,0,0,0000,0000,0000,00
357,357,0,1,32fc,00,00,01,0,01,00,05,09,0,0,0,0,0,0,0,0000,0000,0000,00
358,358,0,1,32fd,00,00,01,0,01,00,05,09,0,0,0,0,0,0,0,0000,0000,0000,00
359,359,0,1,32fe,00,00,01,0,01,00,05,09,0,0,0,0,0,0,0,0000,0000,0000,00
360,360,0,1,32ff,00,00,01,0,01,00,05,09,0,0,0,0,0,0,0,0000,0000,0000,00
361,361,0,1,3300,00,00,01,0,01,00,05,09,0,0,0,0,0,0,0,0000,0000,0000,00
362,362,0,1,3301,00,00,01,0,01,00,05,09,0,0,0,0,0,0,0,0000,0000,0000,00
363,363,0,1,3302,00,00,01,0,01,00,05,09,0,0,0,0,0,0,0,0000,0000,0000,00
364,364,0,1,3303,00,00,01,0,01,00,05,09,0,0,0,0,0,0,0,0000,0000,0000,00
365,365,0,1,3304,00,00,01,0,01,00,05,09,0,0,0,0,0,0,0,0000,0000,0000,00
366,366,0,1,3305,00,00,01,0,01,00,05,09,0,0,0,0,0,0,0,0000,0000,0000,00
367,367,0,1,3306,00,00,01,0,01,00,05,09,0,0,0,0,0,0,0,0000,0000,0000,00
368,368,0,1,3307,00,00,01,0,01,00,05,09,0,0,0,0,0,0,0,0000,0000,0000,00
369,369,0,1,3308,00,00,01,0,01,00,05,09,0,0,0,0,0,0,0,0000,0000,0000,00
370,370,0,1,3309,00,00,01,0,01,00,05,09,0,0,0,0,0,0,0,0000,0000,0000,00
371,371,0,1,330a,00,00,01,0,01,00,05,09,0,0,0,0,0,0,0,0000,0000,0000,00
372,372,0,1,330b,00,00,01,0,01,00,05,09,0,0,0,0,0,0,0,0000,0000,0000,00
373,373,0,1,330c,00,00,01,0,01,00,05,09,0,0,0,0,0,0,0,0000,0000,0000,00
374,374,0,1,330d,00,00,01,0,01,00,05,09,0,0,0,0,0,0,0,0000,0000,0000,00
375,375,0,1,330e,00,00,01,0,01,00,05,09,0,0,0,0,0,0,0,0000,0000,0000,00
376,376,0,1,330f,00,00,01,0,01,00,05,09,0,0,0,0,0,0,0,0000,0000,0000,00
377,377,0,1,3310,00,00,01,0,01,00,05,09,0,0,0,0,0,0,0,0000,0000,0000,00
378,378,0,1,3311,00,00,01,0,01,00,05,09,0,0,0,0,0,0,0,0000,0000,0000,00
379,379,0,1,3312,00,00,01,0,01,00,05,09,0,0,0,0,0,0,0,0000,0000,0000,00
380,380,0,1,3313,00,00,01,0,01,00,05,09,0,0,0,0,0,0,0,0000,0000,0000,00
381,381,0,1,3314,00,00,01,0,01,00,05,09,0,0,0,0,0,0,0,0000,0000,0000,00
382,382,0,1,3315,00,00,01,0,01,00,05,09,0,0,0,0,0,0,0,0000,0000,0000,00
383,383,0,1,3316,00,00,01,0,01,00,05,09,0,0,0,0,0,0,0,0000,0000,0000,00
384,384,0,1,3317,00,00,01,0,01,00,05,09,0,0,0,0,0,0,0,0000,0000,0000,00
385,385,0,1,3318,00,00,01,0,01,00,05,09,0,0,0,0,0,0,0,0000,0000,0000,00
386,386,0,1,3319,00,00,01,0,01,00,05,09,0,0,0,0,0,0,0,0000,0000,0000,00
387,387,0,1,331a,00,00,01,0,01,00,05,09,0,0,0,0,0,0,0,0000,0000,0000,00
388,388,0,1,331b,00,00,01,0,01,00,05,09,0,0,0,0,0,0,0,0000,0000,0000,00
389,389,0,1,331c,00,00,01,0,01,00,05,09,0,0,0,0,0,0,0,0000,0000,0000,00
390,390,0,1,331d,00,00,01,0,01,00,05,09,0,0,0,0,0,0,0,0000,0000,0000,00
391,391,0,1,331e,00,00,01,0,01,00,05,09,0,0,0,0,0,0,0,0000,0000,0000,00
392,392,0,1,331f,00,00,01,0,01,00,05,09,0,0,0,0,0,0,0,0000,0000,0000,00
393,393,0,1,3320,00,00,01,0,01,00,05,09,0,0,0,0,0,0,0,0000,0000,0000,00
394,394,0,1,3321,00,00,01,0,01,00,05,09,0,0,0,0,0,0,0,0000,0000,0000,00
395,395,0,1,3322,00,00,01,0,01,00,05,09,0,0,0,0,0,0,0,0000,0000,0000,00
396,396,0,1,3323,00,00,01,0,01,00,05,09,0,0,0,0,0,0,0,0000,0000,0000,00
397,397,0,1,3324,00,00,01,0,01,00,05,09,0,0,0,0,0,0,0,0000,0000,0000,00
398,398,0,1,3325,00,00,01,0,01,00,05,09,0,0,0,0,0,0,0,0000,0000,0000,00
399,399,0,1,3326,00,00,01,0,01,00,05,09,0,0,0,0,0,0,0,0000,0000,0000,00
400,400,0,1,3327,00,00,01,0,01,00,05,09,0,0,0,0,0,0,0,0000,0000,0000,00
401,401,0,1,3328,00,00,01,0,01,00,05,09,0,0,0,0,0,0,0,0000,0000,0000,00
402,402,0,1,3329,00,00,01,0,01,00,05,09,0,0,0,0,0,0,0,0000,0000,0000,00
403,403,0,1,332a,00,00,01,0,01,00,05,09,0,0,0,0,0,0,0,0000,0000,0000,00
404,404,0,1,332b,00,00,01,0,01,00,05,09,0,0,0,0,0,0,0,0000,0000,0000,00
405,405,0,1,332c,00,00,01,0,01,00,05,09,0,0,0,0,0,0,0,0000,0000,0000,00
406,406,0,1,332d,00,00,01,0,01,00,05,09,0,0,0,0,0,0,0,0000,0000,0000,00
407,407,0,1,332e,00,00,01,0,01,00,05,09,0,0,0,0,0,0,0,0000,0000,0000,00
408,408,0,1,332f,00,00,01,0,01,00,05,09,0,0,0,0,0,0,0,0000,0000,0000,00
409,409,0,1,3330,00,00,01,0,01,00,05,09,0,0,0,0,0,0,0,0000,0000,0000,00
410,410,0,1,3331,00,00,01,0,01,00,05,09,0,0,0,0,0,0,0,0000,0000,0000,00
411,411,0,1,3332,00,00,01,0,01,00,05,09,0,0,0,0,0,0,0,0000,0000,0000,00
412,412,0,1,3333,00,00,01,0,01,00,05,09,0,0,0,0,0,0,0,0000,0000,0000,00
413,413,0,1,3334,00,00,01,0,01,00,05,09,0,0,0,0,0,0,0,0000,0000,0000,00
414,414,0,1,3335,00,00,01,0,01,00,05,09,0,0,0,0,0,0,0,0000,0000,0000,00
415,415,0,1,3336,00,00,01,0,01,00,05,09,0,0,0,0,0,0,0,0000,0000,0000,00
416,416,0,1,3337,00,00,01,0,01,00,05,09,0,0,0,0,0,0,0,0000,0000,0000,00
417,417,0,1,3338,00,00,01,0,01,00,05,09,0,0,0,0,0,0,0,0000,0000,0000,00
418,418,0,1,3339,00,00,01,0,01,00,05,09,0,0,0,0,0,0,0,0000,0000,0000,00
419,419,0,1,333a,00,00,01,0,01,00,05,09,0,0,0,0,0,0,0,0000,0000,0000,00
420,420,0,1,333b,00,00,01,0,01,00,05,09,0,0,0,0,0,0,0,0000,0000,0000,00
421,421,0,1,333c,00,00,01,0,01,00,05,09,0,0,0,0,0,0,0,0000,0000,0000,00
422,422,0,1,333d,00,00,01,0,01,00,05,09,0,0,0,0,0,0,0,0000,0000,0000,00
423,423,0,1,333e,00,00,01,0,01,00,05,09,0,0,0,0,0,0,0,0000,0000,0000,00
424,424,0,1,333f,00,00,01,0,01,00,05,09,0,0,0,0,0,0,0,0000,0000,0000,00
425,425,0,1,3340,00,00,01,0,01,00,05,09,0,0,0,0,0,0,0,0000,0000,0000,00
426,426,0,1,3341,00,00,01,0,01,00,05,09,0,0,0,0,0,0,0,0000,0000,0000,00
427,427,0,1,3342,00,00,01,0,01,00,05,09,0,0,0,0,0,0,0,0000,0000,0000,00
428,428,0,1,3343,00,00,01,0,01,00,05,09,0,0,0,0,0,0,0,0000,0000,0000,00
429,429,0,1,3344,00,00,01,0,01,00,05,09,0,0,0,0,0,0,0,0000,0000,0000,00
430,430,0,1,3345,00,00,01,0,01,00,05,09,0,0,0,0,0,0,0,0000,0000,0000,00
431,431,0,1,3346,00,00,01,0,01,00,05,09,0,0,0,0,0,0,0,0000,0000,0000,00
432,432,0,1,3347,00,00,01,0,01,00,05,09,0,0,0,0,0,0,0,0000,0000,0000,00
433,433,0,1,3348,00,00,01,0,01,00,05,09,0,0,0,0,0,0,0,0000,0000,0000,00
434,434,0,1,3349,00,00,01,0,01,00,05,09,0,0,0,0,0,0,0,0000,0000,0000,00
435,435,0,1,334a,00,00,01,0,01,00,05,09,0,0,0,0,0,0,0,0000,0000,0000,00
436,436,0,1,334b,00,00,01,0,01,00,05,09,0,0,0,0,0,0,0,0000,0000,0000,00
437,437,0,1,334c,00,00,01,0,01,00,05,09,0,0,0,0,0,0,0,0000,0000,0000,00
438,438,0,1,334d,00,00,01,0,01,00,05,09,0,0,0,0,0,0,0,0000,0000,0000,00
439,439,0,1,334e,00,00,01,0,01,00,05,09,0,0,0,0,0,0,0,0000,0000,0000,00
440,440,0,1,334f,00,00,01,0,01,00,05,09,0,0,0,0,0,0,0,0000,0000,0000,00
441,441,0,1,3350,00,00,01,0,01,00,05,09,0,0,0,0,0,0,0,0000,0000,0000,00
442,442,0,1,3351,00,00,01,0,01,00,05,09,0,0,0,0,0,0,0,0000,0000,0000,00
443,443,0,1,3352,00,00,01,0,01,00,05,09,0,0,0,0,0,0,0,0000,0000,0000,00
444,444,0,1,3353,00,00,01,0,01,00,05,09,0,0,0,0,0,0,0,0000,0000,0000,00
445,445,0,1,3354,00,00,01,0,01,00,05,09,0,0,0,0,0,0,0,0000,0000,0000,00
446,446,0,1,3355,00,00,01,0,01,00,05,09,0,0,0,0,0,0,0,0000,0000,0000,00
447,447,0,1,3356,00,00,01,0,01,00,05,09,0,0,0,0,0,0,0,0000,0000,0000,00
448,448,0,1,3357,00,00,01,0,01,00,05,09,0,0,0,0,0,0,0,0000,0000,0000,00
449,449,0,1,3358,00,00,01,0,01,00,05,09,0,0,0,0,0,0,0,0000,0000,0000,00
450,450,0,1,3359,00,00,01,0,01,00,05,09,0,0,0,0,0,0,0,0000,0000,0000,00
451,451,0,1,335a,00,00,01,0,01,00,05,09,0,0,0,0,0,0,0,0000,0000,0000,00
452,452,0,1,335b,00,00,01,0,01,00,05,09,0,0,0,0,0,0,0,0000,0000,0000,00
453,453,0,1,335c,00,00,01,0,01,00,05,09,0,0,0,0,0,0,0,0000,0000,0000,00
454,454,0,1,335d,00,00,01,0,01,00,05,09,0,0,0,0,0,0,0,0000,0000,0000,00
455,455,0,1,335e,00,00,01,0,01,00,05,09,0,0,0,0,0,0,0,0000,0000,0000,00
456,456,0,1,335f,00,00,01,0,01,00,05,09,0,0,0,0,0,0,0,0000,0000,0000,00
457,457,0,1,3360,00,00,01,0,01,00,05,09,0,0,0,0,0,0,0,0000,0000,0000,00
458,458,0,1,3361,00,00,01,0,01,00,05,09,0,0,0,0,0,0,0,0000,0000,0000,00
459,459,0,1,3362,00,00,01,0,01,00,05,09,0,0,0,0,0,0,0,0000,0000,0000,00
460,460,0,1,3363,00,00,01,0,01,00,05,09,0,0,0,0,0,0,0,0000,0000,0000,00
461,461,0,1,3364,00,00,01,0,01,00,05,09,0,0,0,0,0,0,0,0000,0000,0000,00
462,462,0,1,3365,00,00,01,0,01,00,05,09,0,0,0,0,0,0,0,0000,0000,0000,00
463,463,0,1,3366,00,00,01,0,01,00,05,09,0,0,0,0,0,0,0,0000,0000,0000,00
464,464,0,1,3367,00,00,01,0,01,00,05,09,0,0,0,0,0,0,0,0000,0000,0000,00
465,465,0,1,3368,00,00,01,0,01,00,05,09,0,0,0,0,0,0,0,0000,0000,0000,00
466,466,0,1,3369,00,00,01,0,01,00,05,09,0,0,0,0,0,0,0,0000,0000,0000,00
467,467,0,1,336a,00,00,01,0,01,00,05,09,0,0,0,0,0,0,0,0000,0000,0000,00
468,468,0,1,336b,00,00,01,0,01,00,05,09,0,0,0,0,0,0,0,0000,0000,0000,00
469,469,0,1,336c,00,00,01,0,01,00,05,09,0,0,0,0,0,0,0,0000,0000,0000,00
470,470,0,1,336d,00,00,01,0,01,00,05,09,0,0,0,0,0,0,0,0000,0000,0000,00
471,471,0,1,336e,00,00,01,0,01,00,05,09,0,0,0,0,0,0,0,0000,0000,0000,00
472,472,0,1,336f,00,00,01,0,01,00,05,09,0,0,0,0,0,0,0,0000,0000,0000,00
473,473,0,1,3370,00,00,01,0,01,00,05,09,0,0,0,0,0,0,0,0000,0000,0000,00
474,474,0,1,3371,00,00,01,0,01,00,05,09,0,0,0,0,0,0,0,0000,0000,0000,00
475,475,0,1,3372,00,00,01,0,01,00,05,09,0,0,0,0,0,0,0,0000,0000,0000,00
476,476,0,1,3373,00,00,01,0,01,00,05,09,0,0,0,0,0,0,0,0000,0000,0000,00
477,477,0,1,3374,00,00,01,0,01,00,05,09,0,0,0,0,0,0,0,0000,0000,0000,00
478,478,0,1,3375,00,00,01,0,01,00,05,09,0,0,0,0,0,0,0,0000,0000,0000,00
479,479,0,1,3376,00,00,01,0,01,00,05,09,0,0,0,0,0,0,0,0000,0000,0000,00
480,480,0,1,3377,00,00,01,0,01,00,05,09,0,0,0,0,0,0,0,0000,0000,0000,00
481,481,0,1,3378,00,00,01,0,01,00,05,09,0,0,0,0,0,0,0,0000,0000,0000,00
482,482,0,1,3379,00,00,01,0,01,00,05,09,0,0,0,0,0,0,0,0000,0000,0000,00
483,483,0,1,337a,00,00,01,0,01,00,05,09,0,0,0,0,0,0,0,0000,0000,0000,00
484,484,0,1,337b,00,00,01,0,01,00,05,09,0,0,0,0,0,0,0,0000,0000,0000,00
485,485,0,1,337c,00,00,01,0,01,00,05,09,0,0,0,0,0,0,0,0000,0000,0000,00
486,486,0,1,337d,00,00,01,0,01,00,05,09,0,0,0,0,0,0,0,0000,0000,0000,00
487,487,0,1,337e,00,00,01,0,01,00,05,09,0,0,0,0,0,0,0,0000,0000,0000,00
488,488,0,1,337f,00,00,01,0,01,00,05,09,0,0,0,0,0,0,0,0000,0000,0000,00
489,489,0,1,3380,00,00,01,0,01,00,05,09,0,0,0,0,0,0,0,0000,0000,0000,00
490,490,0,1,3381,00,00,01,0,01,00,05,09,0,0,0,0,0,0,0,0000,0000,0000,00
491,491,0,1,3382,00,00,01,0,01,00,05,09,0,0,0,0,0,0,0,0000,0000,0000,00
492,492,0,1,3383,00,00,01,0,01,00,05,09,0,0,0,0,0,0,0,0000,0000,0000,00
493,493,0,1,3384,00,00,01,0,01,00,05,09,0,0,0,0,0,0,0,0000,0000,0000,00
494,494,0,1,3385,00,00,01,0,01,00,05,09,0,0,0,0,0,0,0,0000,0000,0000,00
495,495,0,1,3386,00,00,01,0,01,00,05,09,0,0,0,0,0,0,0,0000,0000,0000,00
496,496,0,1,3387,00,00,01,0,01,00,05,09,0,0,0,0,0,0,0,0000,0000,0000,00
497,497,0,1,3388,00,00,01,0,01,00,05,09,0,0,0,0,0,0,0,0000,0000,0000,00
498,498,0,1,3389,00,00,01,0,01,00,05,09,0,0,0,0,0,0,0,0000,0000,0000,00
499,499,0,1,338a,00,00,01,0,01,00,05,09,0,0,0,0,0,0,0,0000,0000,0000,00
500,500,0,1,338b,00,00,01,0,01,00,05,09,0,0,0,0,0,0,0,0000,0000,0000,00
501,501,0,1,338c,00,00,01,0,01,00,05,09,0,0,0,0,0,0,0,0000,0000,0000,00
502,502,0,1,338d,00,00,01,0,01,00,05,09,0,0,0,0,0,0,0,0000,0000,0000,00
503,503,0,1,338e,00,00,01,0,01,00,05,09,0,0,0,0,0,0,0,0000,0000,0000,00
504,504,0,1,338f,00,00,01,0,01,00,05,09,0,0,0,0,0,0,0,0000,0000,0000,00
505,505,0,1,3390,00,00,01,0,01,00,05,09,0,0,0,0,0,0,0,0000,0000,0000,00
506,506,0,1,3391,00,00,01,0,01,00,05,09,0,0,0,0,0,0,0,0000,0000,0000,00
507,507,0,1,3392,00,00,01,0,01,00,05,09,0,0,0,0,0,0,0,0000,0000,0000,00
508,508,0,1,3393,00,00,01,0,01,00,05,09,0,0,0,0,0,0,0,0000,0000,0000,00
509,509,0,1,3394,00,00,01,0,01,00,05,09,0,0,0,0,0,0,0,0000,0000,0000,00
510,510,0,1,3395,00,00,01,0,01,00,05,09,0,0,0,0,0,0,0,0000,0000,0000,00
511,511,0,1,3396,00,00,01,0,01,00,05,09,0,0,0,0,0,0,0,0000,0000,0000,00
512,512,0,1,3397,00,00,01,0,01,00,05,09,0,0,0,0,0,0,0,0000,0000,0000,00
513,513,0,1,3398,00,00,01,0,01,00,05,09,0,0,0,0,0,0,0,0000,0000,0000,00
514,514,0,1,3399,00,00,01,0,01,00,05,09,0,0,0,0,0,0,0,0000,0000,0000,00
515,515,0,1,339a,00,00,01,0,01,00,05,09,0,0,0,0,0,0,0,0000,0000,0000,00
516,516,0,1,339b,00,00,01,0,01,00,05,09,0,0,0,0,0,0,0,0000,0000,0000,00
517,517,0,1,339c,00,00,01,0,01,00,05,09,0,0,0,0,0,0,0,0000,0000,0000,00
518,518,0,1,339d,00,00,01,0,01,00,05,09,0,0,0,0,0,0,0,0000,0000,0000,00
519,519,0,1,339e,00,00,01,0,01,00,05,09,0,0,0,0,0,0,0,0000,0000,0000,00
520,520,0,1,339f,00,00,01,0,01,00,05,09,0,0,0,0,0,0,0,0000,0000,0000,00
521,521,0,1,33a0,00,00,01,0,01,00,05,09,0,0,0,0,0,0,0,0000,0000,0000,00
522,522,0,1,33a1,00,00,01,0,01,00,05,09,0,0,0,0,0,0,0,0000,0000,0000,00
523,523,0,1,33a2,00,00,01,0,01,00,05,09,0,0,0,0,0,0,0,0000,0000,0000,00
524,524,0,1,33a3,00,00,01,0,01,00,05,09,0,0,0,0,0,0,0,0000,0000,0000,00
525,525,0,1,33a4,00,00,01,0,01,00,05,09,0,0,0,0,0,0,0,0000,0000,0000,00
526,526,0,1,33a5,00,00,01,0,01,00,05,09,0,0,0,0,0,0,0,0000,0000,0000,00
527,527,0,1,33a6,00,00,01,0,01,00,05,09,0,0,0,0,0,0,0,0000,0000,0000,00
528,528,0,1,33a7,00,00,01,0,01,00,05,09,0,0,0,0,0,0,0,0000,0000,0000,00
529,529,0,1,33a8,00,00,01,0,01,00,05,09,0,0,0,0,0,0,0,0000,0000,0000,00
530,530,0,1,33a9,00,00,01,0,01,00,05,09,0,0,0,0,0,0,0,0000,0000,0000,00
531,531,0,1,33aa,00,00,01,0,01,00,05,09,0,0,0,0,0,0,0,0000,0000,0000,00
532,532,0,1,33ab,00,00,01,0,01,00,05,09,0,0,0,0,0,0,0,0000,0000,0000,00
533,533,0,1,33ac,00,00,01,0,01,00,05,09,0,0,0,0,0,0,0,0000,0000,0000,00
534,534,0,1,33ad,00,00,01,0,01,00,05,09,0,0,0,0,0,0,0,0000,0000,0000,00
535,535,0,1,33ae,00,00,01,0,01,00,05,09,0,0,0,0,0,0,0,0000,0000,0000,00
536,536,0,1,33af,00,00,01,0,01,00,05,09,0,0,0,0,0,0,0,0000,0000,0000,00
537,537,0,1,33b0,00,00,01,0,01,00,05,09,0,0,0,0,0,0,0,0000,0000,0000,00
538,538,0,1,33b1,00,00,01,0,01,00,05,09,0,0,0,0,0,0,0,0000,0000,0000,00
539,539,0,1,33b2,00,00,01,0,01,00,05,09,0,0,0,0,0,0,0,0000,0000,0000,00
540,540,0,1,33b3,00,00,01,0,01,00,05,09,0,0,0,0,0,0,0,0000,0000,0000,00
541,541,0,1,33b4,00,00,01,0,01,00,05,09,0,0,0,0,0,0,0,0000,0000,0000,00
542,542,0,1,33b5,00,00,01,0,01,00,05,09,0,0,0,0,0,0,0,0000,0000,0000,00
543,543,0,1,33b6,00,00,01,0,01,00,05,09,0,0,0,0,0,0,0,0000,0000,0000,00
544,544,0,1,33b7,00,00,01,0,01,00,05,09,0,0,0,0,0,0,0,0000,0000,0000,00
545,545,0,1,33b8,00,00,01,0,01,00,05,09,0,0,0,0,0,0,0,0000,0000,0000,00
546,546,0,1,33b9,00,00,01,0,01,00,05,09,0,0,0,0,0,0,0,0000,0000,0000,00
547,547,0,1,33ba,00,00,01,0,01,00,05,09,0,0,0,0,0,0,0,0000,0000,0000,00
548,548,0,1,33bb,00,00,01,0,01,00,05,09,0,0,0,0,0,0,0,0000,0000,0000,00
549,549,0,1,33bc,00,00,01,0,01,00,05,09,0,0,0,0,0,0,0,0000,0000,0000,00
550,550,0,1,33bd,00,00,01,0,01,00,05,09,0,0,0,0,0,0,0,0000,0000,0000,00
551,551,0,1,33be,00,00,01,0,01,00,05,09,0,0,0,0,0,0,0,0000,0000,0000,00
552,552,0,1,33bf,00,00,01,0,01,00,05,09,0,0,0,0,0,0,0,0000,0000,0000,00
553,553,0,1,33c0,00,00,01,0,01,00,05,09,0,0,0,0,0,0,0,0000,0000,0000,00
554,554,0,1,33c1,00,00,01,0,01,00,05,09,0,0,0,0,0,0,0,0000,0000,0000,00
555,555,0,1,33c2,00,00,01,0,01,00,05,09,0,0,0,0,0,0,0,0000,0000,0000,00
556,556,0,1,33c3,00,00,01,0,01,00,05,09,0,0,0,0,0,0,0,0000,0000,0000,00
557,557,0,1,33c4,00,00,01,0,01,00,05,09,0,0,0,0,0,0,0,0000,0000,0000,00
558,558,0,1,33c5,00,00,01,0,01,00,05,09,0,0,0,0,0,0,0,0000,0000,0000,00
559,559,0,1,33c6,00,00,01,0,01,00,05,09,0,0,0,0,0,0,0,0000,0000,0000,00
560,560,0,1,33c7,00,00,01,0,01,00,05,09,0,0,0,0,0,0,0,0000,0000,0000,00
561,561,0,1,33c8,00,00,01,0,01,00,05,09,0,0,0,0,0,0,0,0000,0000,0000,00
562,562,0,1,33c9,00,00,01,0,01,00,05,09,0,0,0,0,0,0,0,0000,0000,0000,00
563,563,0,1,33ca,00,00,01,0,01,00,05,09,0,0,0,0,0,0,0,0000,0000,0000,00
564,564,0,1,33cb,00,00,01,0,01,00,05,09,0,0,0,0,0,0,0,0000,0000,0000,00
565,565,0,1,33cc,00,00,01,0,01,00,05,09,0,0,0,0,0,0,0,0000,0000,0000,00
566,566,0,1,33cd,00,00,01,0,01,00,05,09,0,0,0,0,0,0,0,0000,0000,0000,00
567,567,0,1,33ce,00,00,01,0,01,00,05,09,0,0,0,0,0,0,0,0000,0000,0000,00
568,568,0,1,33cf,00,00,01,0,01,00,05,09,0,0,0,0,0,0,0,0000,0000,0000,00
569,569,0,1,33d0,00,00,01,0,01,00,05,09,0,0,0,0,0,0,0,0000,0000,0000,00
570,570,0,1,33d1,00,00,01,0,01,00,05,09,0,0,0,0,0,0,0,0000,0000,0000,00
571,571,0,1,33d2,00,00,01,0,01,00,05,09,0,0,0,0,0,0,0,0000,0000,0000,00
572,572,0,1,33d3,00,00,01,0,01,00,05,09,0,0,0,0,0,0,0,0000,0000,0000,00
573,573,0,1,33d4,00,00,01,0,01,00,05,09,0,0,0,0,0,0,0,0000,0000,0000,00
574,574,0,1,33d5,00,00,01,0,01,00,05,09,0,0,0,0,0,0,0,0000,0000,0000,00
575,575,0,1,33d6,00,00,01,0,01,00,05,09,0,0,0,0,0,0,0,0000,0000,0000,00
576,576,0,1,33d7,00,00,01,0,01,00,05,09,0,0,0,0,0,0,0,0000,0000,0000,00
577,577,0,1,33d8,00,00,01,0,01,00,05,09,0,0,0,0,0,0,0,0000,0000,0000,00
578,578,0,1,33d9,00,00,01,0,01,00,05,09,0,0,0,0,0,0,0,0000,0000,0000,00
579,579,0,1,33da,00,00,01,0,01,00,05,09,0,0,0,0,0,0,0,0000,0000,0000,00
580,580,0,1,33db,00,00,01,0,01,00,05,09,0,0,0,0,0,0,0,0000,0000,0000,00
581,581,0,1,33dc,00,00,01,0,01,00,05,09,0,0,0,0,0,0,0,0000,0000,0000,00
582,582,0,1,33dd,00,00,01,0,01,00,05,09,0,0,0,0,0,0,0,0000,0000,0000,00
583,583,0,1,33de,00,00,01,0,01,00,05,09,0,0,0,0,0,0,0,0000,0000,0000,00
584,584,0,1,33df,00,00,01,0,01,00,05,09,0,0,0,0,0,0,0,0000,0000,0000,00
585,585,0,1,33e0,00,00,01,0,01,00,05,09,0,0,0,0,0,0,0,0000,0000,0000,00
586,586,0,1,33e1,00,00,01,0,01,00,05,09,0,0,0,0,0,0,0,0000,0000,0000,00
587,587,0,1,33e2,00,00,01,0,01,00,05,09,0,0,0,0,0,0,0,0000,0000,0000,00
588,588,0,1,33e3,00,00,01,0,01,00,05,09,0,0,0,0,0,0,0,0000,0000,0000,00
589,589,0,1,33e4,00,00,01,0,01,00,05,09,0,0,0,0,0,0,0,0000,0000,0000,00
590,590,0,1,33e5,00,00,01,0,01,00,05,09,0,0,0,0,0,0,0,0000,0000,0000,00
591,591,0,1,33e6,00,00,01,0,01,00,05,09,0,0,0,0,0,0,0,0000,0000,0000,00
592,592,0,1,33e7,00,00,01,0,01,00,05,09,0,0,0,0,0,0,0,0000,0000,0000,00
593,593,0,1,33e8,00,00,01,0,01,00,05,09,0,0,0,0,0,0,0,0000,0000,0000,00
594,594,0,1,33e9,00,00,01,0,01,00,05,09,0,0,0,0,0,0,0,0000,0000,0000,00
595,595,0,1,33ea,00,00,01,0,01,00,05,09,0,0,0,0,0,0,0,0000,0000,0000,00
596,596,0,1,33eb,00,00,01,0,01,00,05,09,0,0,0,0,0,0,0,0000,0000,0000,00
597,597,0,1,33ec,00,00,01,0,01,00,05,09,0,0,0,0,0,0,0,0000,0000,0000,00
598,598,0,1,33ed,00,00,01,0,01,00,05,09,0,0,0,0,0,0,0,0000,0000,0000,00
599,599,0,1,33ee,00,00,01,0,01,00,05,09,0,0,0,0,0,0,0,0000,0000,0000,00
600,600,0,1,33ef,00,00,01,0,01,00,05,09,0,0,0,0,0,0,0,0000,0000,0000,00
601,601,0,1,33f0,00,00,01,0,01,00,05,09,0,0,0,0,0,0,0,0000,0000,0000,00
602,602,0,1,33f1,00,00,01,0,01,00,05,09,0,0,0,0,0,0,0,0000,0000,0000,00
603,603,0,1,33f2,00,00,01,0,01,00,05,09,0,0,0,0,0,0,0,0000,0000,0000,00
604,604,0,1,33f3,00,00,01,0,01,00,05,09,0,0,0,0,0,0,0,0000,0000,0000,00
605,605,0,1,33f4,00,00,01,0,01,00,05,09,0,0,0,0,0,0,0,0000,0000,0000,00
606,606,0,1,33f5,00,00,01,0,01,00,05,09,0,0,0,0,0,0,0,0000,0000,0000,00
607,607,0,1,33f6,00,00,01,0,01,00,05,09,0,0,0,0,0,0,0,0000,0000,0000,00
608,608,0,1,33f7,00,00,01,0,01,00,05,09,0,0,0,0,0,0,0,0000,0000,0000,00
609,609,0,1,33f8,00,00,01,0,01,00,05,09,0,0,0,0,0,0,0,0000,0000,0000,00
610,610,0,1,33f9,00,00,01,0,01,00,05,09,0,0,0,0,0,0,0,0000,0000,0000,00
611,611,0,1,33fa,00,00,01,0,01,00,05,09,0,0,0,0,0,0,0,0000,0000,0000,00
612,612,0,1,33fb,00,00,01,0,01,00,05,09,0,0,0,0,0,0,0,0000,0000,0000,00
613,613,0,1,33fc,00,00,01,0,01,00,05,09,0,0,0,0,0,0,0,0000,0000,0000,00
614,614,0,1,33fd,00,00,01,0,01,00,05,09,0,0,0,0,0,0,0,0000,0000,0000,00
615,615,0,1,33fe,00,00,01,0,01,00,05,09,0,0,0,0,0,0,0,0000,0000,0000,00
616,616,0,1,33ff,00,00,01,0,01,00,05,09,0,0,0,0,0,0,0,0000,0000,0000,00
617,617,0,1,3400,00,00,01,0,01,00,05,09,0,0,0,0,0,0,0,0000,0000,0000,00
618,618,0,1,3401,00,00,01,0,01,00,05,09,0,0,0,0,0,0,0,0000,0000,0000,00
619,619,0,1,3402,00,00,01,0,01,00,05,09,0,0,0,0,0,0,0,0000,0000,0000,00
620,620,0,1,3403,00,00,01,0,01,00,05,09,0,0,0,0,0,0,0,0000,0000,0000,00
621,621,0,1,3404,00,00,01,0,01,00,05,09,0,0,0,0,0,0,0,0000,0000,0000,00
622,622,0,1,3405,00,00,01,0,01,00,05,09,0,0,0,0,0,0,0,0000,0000,0000,00
623,623,0,1,3406,00,00,01,0,01,00,05,09,0,0,0,0,0,0,0,0000,0000,0000,00
624,624,0,1,3407,00,00,01,0,01,00,05,09,0,0,0,0,0,0,0,0000,0000,0000,00
625,625,0,1,3408,00,00,01,0,01,00,05,09,0,0,0,0,0,0,0,0000,0000,0000,00
626,626,0,1,3409,00,00,01,0,01,00,05,09,0,0,0,0,0,0,0,0000,0000,0000,00
627,627,0,1,340a,00,00,01,0,01,00,05,09,0,0,0,0,0,0,0,0000,0000,0000,00
628,628,0,1,340b,00,00,01,0,01,00,05,09,0,0,0,0,0,0,0,0000,0000,0000,00
629,629,0,1,340c,00,00,01,0,01,00,05,09,0,0,0,0,0,0,0,0000,0000,0000,00
630,630,0,1,340d,00,00,01,0,01,00,05,09,0,0,0,0,0,0,0,0000,0000,0000,00
631,631,0,1,340e,00,00,01,0,01,00,05,09,0,0,0,0,0,0,0,0000,0000,0000,00
632,632,0,1,340f,00,00,01,0,01,00,05,09,0,0,0,0,0,0,0,0000,0000,0000,00
633,633,0,1,3410,00,00,01,0,01,00,05,09,0,0,0,0,0,0,0,0000,0000,0000,00
634,634,0,1,3411,00,00,01,0,01,00,05,09,0,0,0,0,0,0,0,0000,0000,0000,00
635,635,0,1,3412,00,00,01,0,01,00,05,09,0,0,0,0,0,0,0,0000,0000,0000,00
636,636,0,1,3413,00,00,01,0,01,00,05,09,0,0,0,0,0,0,0,0000,0000,0000,00
637,637,0,1,3414,00,00,01,0,01,00,05,09,0,0,0,0,0,0,0,0000,0000,0000,00
638,638,0,1,3415,00,00,01,0,01,00,05,09,0,0,0,0,0,0,0,0000,0000,0000,00
639,639,0,1,3416,00,00,01,0,01,00,05,09,0,0,0,0,0,0,0,0000,0000,0000,00
640,640,0,1,3417,00,00,01,0,01,00,05,09,0,0,0,0,0,0,0,0000,0000,0000,00
641,641,0,1,3418,00,00,01,0,01,00,05,09,0,0,0,0,0,0,0,0000,0000,0000,00
642,642,0,1,3419,00,00,01,0,01,00,05,09,0,0,0,0,0,0,0,0000,0000,0000,00
643,643,0,1,341a,00,00,01,0,01,00,05,09,0,0,0,0,0,0,0,0000,0000,0000,00
644,644,0,1,341b,00,00,01,0,01,00,05,09,0,0,0,0,0,0,0,0000,0000,0000,00
645,645,0,1,341c,00,00,01,0,01,00,05,09,0,0,0,0,0,0,0,0000,0000,0000,00
646,646,0,1,341d,00,00,01,0,01,00,05,09,0,0,0,0,0,0,0,0000,0000,0000,00
647,647,0,1,341e,00,00,01,0,01,00,05,09,0,0,0,0,0,0,0,0000,0000,0000,00
648,648,0,1,341f,00,00,01,0,01,00,05,09,0,0,0,0,0,0,0,0000,0000,0000,00
649,649,0,1,3420,00,00,01,0,01,00,05,09,0,0,0,0,0,0,0,0000,0000,0000,00
650,650,0,1,3421,00,00,01,0,01,00,05,09,0,0,0,0,0,0,0,0000,0000,0000,00
651,651,0,1,3422,00,00,01,0,01,00,05,09,0,0,0,0,0,0,0,0000,0000,0000,00
652,652,0,1,3423,00,00,01,0,01,00,05,09,0,0,0,0,0,0,0,0000,0000,0000,00
653,653,0,1,3424,00,00,01,0,01,00,05,09,0,0,0,0,0,0,0,0000,0000,0000,00
654,654,0,1,3425,00,00,01,0,01,00,05,09,0,0,0,0,0,0,0,0000,0000,0000,00
655,655,0,1,3426,00,00,01,0,01,00,05,09,0,0,0,0,0,0,0,0000,0000,0000,00
656,656,0,1,3427,00,00,01,0,01,00,05,09,0,0,0,0,0,0,0,0000,0000,0000,00
657,657,0,1,3428,00,00,01,0,01,00,05,09,0,0,0,0,0,0,0,0000,0000,0000,00
658,658,0,1,3429,00,00,01,0,01,00,05,09,0,0,0,0,0,0,0,0000,0000,0000,00
659,659,0,1,342a,00,00,01,0,01,00,05,09,0,0,0,0,0,0,0,0000,0000,0000,00
660,660,0,1,342b,00,00,01,0,01,00,05,09,0,0,0,0,0,0,0,0000,0000,0000,00
661,661,0,1,342c,00,00,01,0,01,00,05,09,0,0,0,0,0,0,0,0000,0000,0000,00
662,662,0,1,342d,00,00,01,0,01,00,05,09,0,0,0,0,0,0,0,0000,0000,0000,00
663,663,0,1,342e,00,00,01,0,01,00,05,09,0,0,0,0,0,0,0,0000,0000,0000,00
664,664,0,1,342f,00,00,01,0,01,00,05,09,0,0,0,0,0,0,0,0000,0000,0000,00
665,665,0,1,3430,00,00,01,0,01,00,05,09,0,0,0,0,0,0,0,0000,0000,0000,00
666,666,0,1,3431,00,00,01,0,01,00,05,09,0,0,0,0,0,0,0,0000,0000,0000,00
667,667,0,1,3432,00,00,01,0,01,00,05,09,0,0,0,0,0,0,0,0000,0000,0000,00
668,668,0,1,3433,00,00,01,0,01,00,05,09,0,0,0,0,0,0,0,0000,0000,0000,00
669,669,0,1,3434,00,00,01,0,01,00,05,09,0,0,0,0,0,0,0,0000,0000,0000,00
670,670,0,1,3435,00,00,01,0,01,00,05,09,0,0,0,0,0,0,0,0000,0000,0000,00
671,671,0,1,3436,00,00,01,0,01,00,05,09,0,0,0,0,0,0,0,0000,0000,0000,00
672,672,0,1,3437,00,00,01,0,01,00,05,09,0,0,0,0,0,0,0,0000,0000,0000,00
673,673,0,1,3438,00,00,01,0,01,00,05,09,0,0,0,0,0,0,0,0000,0000,0000,00
674,674,0,1,3439,00,00,01,0,01,00,05,09,0,0,0,0,0,0,0,0000,0000,0000,00
675,675,0,1,343a,00,00,01,0,01,00,05,09,0,0,0,0,0,0,0,0000,0000,0000,00
676,676,0,1,343b,00,00,01,0,01,00,05,09,0,0,0,0,0,0,0,0000,0000,0000,00
677,677,0,1,343c,00,00,01,0,01,00,05,09,0,0,0,0,0,0,0,0000,0000,0000,00
678,678,0,1,343d,00,00,01,0,01,00,05,09,0,0,0,0,0,0,0,0000,0000,0000,00
679,679,0,1,343e,00,00,01,0,01,00,05,09,0,0,0,0,0,0,0,0000,0000,0000,00
680,680,0,1,343f,00,00,01,0,01,00,05,09,0,0,0,0,0,0,0,0000,0000,0000,00
681,681,0,1,3440,00,00,01,0,01,00,05,09,0,0,0,0,0,0,0,0000,0000,0000,00
682,682,0,1,3441,00,00,01,0,01,00,05,09,0,0,0,0,0,0,0,0000,0000,0000,00
683,683,0,1,3442,00,00,01,0,01,00,05,09,0,0,0,0,0,0,0,0000,0000,0000,00
684,684,0,1,3443,00,00,01,0,01,00,05,09,0,0,0,0,0,0,0,0000,0000,0000,00
685,685,0,1,3444,00,00,01,0,01,00,05,09,0,0,0,0,0,0,0,0000,0000,0000,00
686,686,0,1,3445,00,00,01,0,01,00,05,09,0,0,0,0,0,0,0,0000,0000,0000,00
687,687,0,1,3446,00,00,01,0,01,00,05,09,0,0,0,0,0,0,0,0000,0000,0000,00
688,688,0,1,3447,00,00,01,0,01,00,05,09,0,0,0,0,0,0,0,0000,0000,0000,00
689,689,0,1,3448,00,00,01,0,01,00,05,09,0,0,0,0,0,0,0,0000,0000,0000,00
690,690,0,1,3449,00,00,01,0,01,00,05,09,0,0,0,0,0,0,0,0000,0000,0000,00
691,691,0,1,344a,00,00,01,0,01,00,05,09,0,0,0,0,0,0,0,0000,0000,0000,00
692,692,0,1,344b,00,00,01,0,01,00,05,09,0,0,0,0,0,0,0,0000,0000,0000,00
693,693,0,1,344c,00,00,01,0,01,00,05,09,0,0,0,0,0,0,0,0000,0000,0000,00
694,694,0,1,344d,00,00,01,0,01,00,05,09,0,0,0,0,0,0,0,0000,0000,0000,00
695,695,0,1,344e,00,00,01,0,01,00,05,09,0,0,0,0,0,0,0,0000,0000,0000,00
696,696,0,1,344f,00,00,01,0,01,00,05,09,0,0,0,0,0,0,0,0000,0000,0000,00
697,697,0,1,3450,00,00,01,0,01,00,05,09,0,0,0,0,0,0,0,0000,0000,0000,00
698,698,0,1,3451,00,00,01,0,01,00,05,09,0,0,0,0,0,0,0,0000,0000,0000,00
699,699,0,1,3452,00,00,01,0,01,00,05,09,0,0,0,0,0,0,0,0000,0000,0000,00
700,700,0,1,3453,00,00,01,0,01,00,05,09,0,0,0,0,0,0,0,0000,0000,0000,00
701,701,0,1,3454,00,00,01,0,01,00,05,09,0,0,0,0,0,0,0,0000,0000,0000,00
702,702,0,1,3455,00,00,01,0,01,00,05,09,0,0,0,0,0,0,0,0000,0000,0000,00
703,703,0,1,3456,00,00,01,0,01,00,05,09,0,0,0,0,0,0,0,0000,0000,0000,00
704,704,0,1,3457,00,00,01,0,01,00,05,09,0,0,0,0,0,0,0,0000,0000,0000,00
705,705,0,1,3458,00,00,01,0,01,00,05,09,0,0,0,0,0,0,0,0000,0000,0000,00
706,706,0,1,3459,00,00,01,0,01,00,05,09,0,0,0,0,0,0,0,0000,0000,0000,00
707,707,0,1,345a,00,00,01,0,01,00,05,09,0,0,0,0,0,0,0,0000,0000,0000,00
708,708,0,1,345b,00,00,01,0,01,00,05,09,0,0,0,0,0,0,0,0000,0000,0000,00
709,709,0,1,345c,00,00,01,0,01,00,05,09,0,0,0,0,0,0,0,0000,0000,0000,00
710,710,0,1,345d,00,00,01,0,01,00,05,09,0,0,0,0,0,0,0,0000,0000,0000,00
711,711,0,1,345e,00,00,01,0,01,00,05,09,0,0,0,0,0,0,0,0000,0000,0000,00
712,712,0,1,345f,00,00,01,0,01,00,05,09,0,0,0,0,0,0,0,0000,0000,0000,00
713,713,0,1,3460,00,00,01,0,01,00,05,09,0,0,0,0,0,0,0,0000,0000,0000,00
714,714,0,1,3461,00,00,01,0,01,00,05,09,0,0,0,0,0,0,0,0000,0000,0000,00
715,715,0,1,3462,00,00,01,0,01,00,05,09,0,0,0,0,0,0,0,0000,0000,0000,00
716,716,0,1,3463,00,00,01,0,01,00,05,09,0,0,0,0,0,0,0,0000,0000,0000,00
717,717,0,1,3464,00,00,01,0,01,00,05,09,0,0,0,0,0,0,0,0000,0000,0000,00
718,718,0,1,3465,00,00,01,0,01,00,05,09,0,0,0,0,0,0,0,0000,0000,0000,00
719,719,0,1,3466,00,00,01,0,01,00,05,09,0,0,0,0,0,0,0,0000,0000,0000,00
720,720,0,1,3467,00,00,01,0,01,00,05,09,0,0,0,0,0,0,0,0000,0000,0000,00
721,721,0,1,3468,00,00,01,0,01,00,05,09,0,0,0,0,0,0,0,0000,0000,0000,00
722,722,0,1,3469,00,00,01,0,01,00,05,09,0,0,0,0,0,0,0,0000,0000,0000,00
723,723,0,1,346a,00,00,01,0,01,00,05,09,0,0,0,0,0,0,0,0000,0000,0000,00
724,724,0,1,346b,00,00,01,0,01,00,05,09,0,0,0,0,0,0,0,0000,0000,0000,00
725,725,0,1,346c,00,00,01,0,01,00,05,09,0,0,0,0,0,0,0,0000,0000,0000,00
726,726,0,1,346d,00,00,01,0,01,00,05,09,0,0,0,0,0,0,0,0000,0000,0000,00
727,727,0,1,346e,00,00,01,0,01,00,05,09,0,0,0,0,0,0,0,0000,0000,0000,00
728,728,0,1,346f,00,00,01,0,01,00,05,09,0,0,0,0,0,0,0,0000,0000,0000,00
729,729,0,1,3470,00,00,01,0,01,00,05,09,0,0,0,0,0,0,0,0000,0000,0000,00
730,730,0,1,3471,00,00,01,0,01,00,05,09,0,0,0,0,0,0,0,0000,0000,0000,00
731,731,0,1,3472,00,00,01,0,01,00,05,09,0,0,0,0,0,0,0,0000,0000,0000,00
732,732,0,1,3473,00,00,01,0,01,00,05,09,0,0,0,0,0,0,0,0000,0000,0000,00
733,733,0,1,3474,00,00,01,0,01,00,05,09,0,0,0,0,0,0,0,0000,0000,0000,00
734,734,0,1,3475,00,00,01,0,01,00,05,09,0,0,0,0,0,0,0,0000,0000,0000,00
735,735,0,1,3476,00,00,01,0,01,00,05,09,0,0,0,0,0,0,0,0000,0000,0000,00
736,736,0,1,3477,00,00,01,0,01,00,05,09,0,0,0,0,0,0,0,0000,0000,0000,00
737,737,0,1,3478,00,00,01,0,01,00,05,09,0,0,0,0,0,0,0,0000,0000,0000,00
738,738,0,1,3479,00,00,01,0,01,00,05,09,0,0,0,0,0,0,0,0000,0000,0000,00
739,739,0,1,347a,00,00,01,0,01,00,05,09,0,0,0,0,0,0,0,0000,0000,0000,00
740,740,0,1,347b,00,00,01,0,01,00,05,09,0,0,0,0,0,0,0,0000,0000,0000,00
741,741,0,1,347c,00,00,01,0,01,00,05,09,0,0,0,0,0,0,0,0000,0000,0000,00
742,742,0,1,347d,00,00,01,0,01,00,05,09,0,0,0,0,0,0,0,0000,0000,0000,00
743,743,0,1,347e,00,00,01,0,01,00,05,09,0,0,0,0,0,0,0,0000,0000,0000,00
744,744,0,1,347f,00,00,01,0,01,00,05,09,0,0,0,0,0,0,0,0000,0000,0000,00
745,745,0,1,3480,00,00,01,0,01,00,05,09,0,0,0,0,0,0,0,0000,0000,0000,00
746,746,0,1,3481,00,00,01,0,01,00,05,09,0,0,0,0,0,0,0,0000,0000,0000,00
747,747,0,1,3482,00,00,01,0,01,00,05,09,0,0,0,0,0,0,0,0000,0000,0000,00
748,748,0,1,3483,00,00,01,0,01,00,05,09,0,0,0,0,0,0,0,0000,0000,0000,00
749,749,0,1,3484,00,00,01,0,01,00,05,09,0,0,0,0,0,0,0,0000,0000,0000,00
750,750,0,1,3485,00,00,01,0,01,00,05,09,0,0,0,0,0,0,0,0000,0000,0000,00
751,751,0,1,3486,00,00,01,0,01,00,05,09,0,0,0,0,0,0,0,0000,0000,0000,00
752,752,0,1,3487,00,00,01,0,01,00,05,09,0,0,0,0,0,0,0,0000,0000,0000,00
753,753,0,1,3488,00,00,01,0,01,00,05,09,0,0,0,0,0,0,0,0000,0000,0000,00
754,754,0,1,3489,00,00,01,0,01,00,05,09,0,0,0,0,0,0,0,0000,0000,0000,00
755,755,0,1,348a,00,00,01,0,01,00,05,09,0,0,0,0,0,0,0,0000,0000,0000,00
756,756,0,1,348b,00,00,01,0,01,00,05,09,0,0,0,0,0,0,0,0000,0000,0000,00
757,757,0,1,348c,00,00,01,0,01,00,05,09,0,0,0,0,0,0,0,0000,0000,0000,00
758,758,0,1,348d,00,00,01,0,01,00,05,09,0,0,0,0,0,0,0,0000,0000,0000,00
759,759,0,1,348e,00,00,01,0,01,00,05,09,0,0,0,0,0,0,0,0000,0000,0000,00
760,760,0,1,348f,00,00,01,0,01,00,05,09,0,0,0,0,0,0,0,0000,0000,0000,00
761,761,0,1,3490,00,00,01,0,01,00,05,09,0,0,0,0,0,0,0,0000,0000,0000,00
762,762,0,1,3491,00,00,01,0,01,00,05,09,0,0,0,0,0,0,0,0000,0000,0000,00
763,763,0,1,3492,00,00,01,0,01,00,05,09,0,0,0,0,0,0,0,0000,0000,0000,00
764,764,0,1,3493,00,00,01,0,01,00,05,09,0,0,0,0,0,0,0,0000,0000,0000,00
765,765,0,1,3494,00,00,01,0,01,00,05,09,0,0,0,0,0,0,0,0000,0000,0000,00
766,766,0,1,3495,00,00,01,0,01,00,05,09,0,0,0,0,0,0,0,0000,0000,0000,00
767,767,0,1,3496,00,00,01,0,01,00,05,09,0,0,0,0,0,0,0,0000,0000,0000,00
768,768,0,1,3497,00,00,01,0,01,00,05,09,0,0,0,0,0,0,0,0000,0000,0000,00
769,769,0,1,3498,00,00,01,0,01,00,05,09,0,0,0,0,0,0,0,0000,0000,0000,00
770,770,0,1,3499,00,00,01,0,01,00,05,09,0,0,0,0,0,0,0,0000,0000,0000,00
771,771,0,1,349a,00,00,01,0,01,00,05,09,0,0,0,0,0,0,0,0000,0000,0000,00
772,772,0,1,349b,00,00,01,0,01,00,05,09,0,0,0,0,0,0,0,0000,0000,0000,00
773,773,0,1,349c,00,00,01,0,01,00,05,09,0,0,0,0,0,0,0,0000,0000,0000,00
774,774,0,1,349d,00,00,01,0,01,00,05,09,0,0,0,0,0,0,0,0000,0000,0000,00
775,775,0,1,349e,00,00,01,0,01,00,05,09,0,0,0,0,0,0,0,0000,0000,0000,00
776,776,0,1,349f,00,00,01,0,01,00,05,09,0,0,0,0,0,0,0,0000,0000,0000,00
777,777,0,1,34a0,00,00,01,0,01,00,05,09,0,0,0,0,0,0,0,0000,0000,0000,00
778,778,0,1,34a1,00,00,01,0,01,00,05,09,0,0,0,0,0,0,0,0000,0000,0000,00
779,779,0,1,34a2,00,00,01,0,01,00,05,09,0,0,0,0,0,0,0,0000,0000,0000,00
780,780,0,1,34a3,00,00,01,0,01,00,05,09,0,0,0,0,0,0,0,0000,0000,0000,00
781,781,0,1,34a4,00,00,01,0,01,00,05,09,0,0,0,0,0,0,0,0000,0000,0000,00
782,782,0,1,34a5,00,00,01,0,01,00,05,09,0,0,0,0,0,0,0,0000,0000,0000,00
783,783,0,1,34a6,00,00,01,0,01,00,05,09,0,0,0,0,0,0,0,0000,0000,0000,00
784,784,0,1,34a7,00,00,01,0,01,00,05,09,0,0,0,0,0,0,0,0000,0000,0000,00
785,785,0,1,34a8,00,00,01,0,01,00,05,09,0,0,0,0,0,0,0,0000,0000,0000,00
786,786,0,1,34a9,00,00,01,0,01,00,05,09,0,0,0,0,0,0,0,0000,0000,0000,00
787,787,0,1,34aa,00,00,01,0,01,00,05,09,0,0,0,0,0,0,0,0000,0000,0000,00
788,788,0,1,34ab,00,00,01,0,01,00,05,09,0,0,0,0,0,0,0,0000,0000,0000,00
789,789,0,1,34ac,00,00,01,0,01,00,05,09,0,0,0,0,0,0,0,0000,0000,0000,00
790,790,0,1,34ad,00,00,01,0,01,00,05,09,0,0,0,0,0,0,0,0000,0000,0000,00
791,791,0,1,34ae,00,00,01,0,01,00,05,09,0,0,0,0,0,0,0,0000,0000,0000,00
792,792,0,1,34af,00,00,01,0,01,00,05,09,0,0,0,0,0,0,0,0000,0000,0000,00
793,793,0,1,34b0,00,00,01,0,01,00,05,09,0,0,0,0,0,0,0,0000,0000,0000,00
794,794,0,1,34b1,00,00,01,0,01,00,05,09,0,0,0,0,0,0,0,0000,0000,0000,00
795,795,0,1,34b2,00,00,01,0,01,00,05,09,0,0,0,0,0,0,0,0000,0000,0000,00
796,796,0,1,34b3,00,00,01,0,01,00,05,09,0,0,0,0,0,0,0,0000,0000,0000,00
797,797,0,1,34b4,00,00,01,0,01,00,05,09,0,0,0,0,0,0,0,0000,0000,0000,00
798,798,0,1,34b5,00,00,01,0,01,00,05,09,0,0,0,0,0,0,0,0000,0000,0000,00
799,799,0,1,34b6,00,00,01,0,01,00,05,09,0,0,0,0,0,0,0,0000,0000,0000,00
800,800,0,1,34b7,00,00,01,0,01,00,05,09,0,0,0,0,0,0,0,0000,0000,0000,00
801,801,0,1,34b8,00,00,01,0,01,00,05,09,0,0,0,0,0,0,0,0000,0000,0000,00
802,802,0,1,34b9,00,00,01,0,01,00,05,09,0,0,0,0,0,0,0,0000,0000,0000,00
803,803,0,1,34ba,00,00,01,0,01,00,05,09,0,0,0,0,0,0,0,0000,0000,0000,00
804,804,0,1,34bb,00,00,01,0,01,00,05,09,0,0,0,0,0,0,0,0000,0000,0000,00
805,805,0,1,34bc,00,00,01,0,01,00,05,09,0,0,0,0,0,0,0,0000,0000,0000,00
806,806,0,1,34bd,00,00,01,0,01,00,05,09,0,0,0,0,0,0,0,0000,0000,0000,00
807,807,0,1,34be,00,00,01,0,01,00,05,09,0,0,0,0,0,0,0,0000,0000,0000,00
808,808,0,1,34bf,00,00,01,0,01,00,05,09,0,0,0,0,0,0,0,0000,0000,0000,00
809,809,0,1,34c0,00,00,01,0,01,00,05,09,0,0,0,0,0,0,0,0000,0000,0000,00
810,810,0,1,34c1,00,00,01,0,01,00,05,09,0,0,0,0,0,0,0,0000,0000,0000,00
811,811,0,1,34c2,00,00,01,0,01,00,05,09,0,0,0,0,0,0,0,0000,0000,0000,00
812,812,0,1,34c3,00,00,01,0,01,00,05,09,0,0,0,0,0,0,0,0000,0000,0000,00
813,813,0,1,34c4,00,00,01,0,01,00,05,09,0,0,0,0,0,0,0,0000,0000,0000,00
814,814,0,1,34c5,00,00,01,0,01,00,05,09,0,0,0,0,0,0,0,0000,0000,0000,00
815,815,0,1,34c6,00,00,01,0,01,00,05,09,0,0,0,0,0,0,0,0000,0000,0000,00
816,816,0,1,34c7,00,00,01,0,01,00,05,09,0,0,0,0,0,0,0,0000,0000,0000,00
817,817,0,1,34c8,00,00,01,0,01,00,05,09,0,0,0,0,0,0,0,0000,0000,0000,00
818,818,0,1,34c9,00,00,01,0,01,00,05,09,0,0,0,0,0,0,0,0000,0000,0000,00
819,819,0,1,34ca,00,00,01,0,01,00,05,09,0,0,0,0,0,0,0,0000,0000,0000,00
820,820,0,1,34cb,00,00,01,0,01,00,05,09,0,0,0,0,0,0,0,0000,0000,0000,00
821,821,0,1,34cc,00,00,01,0,01,00,05,09,0,0,0,0,0,0,0,0000,0000,0000,00
822,822,0,1,34cd,00,00,01,0,01,00,05,09,0,0,0,0,0,0,0,0000,0000,0000,00
823,823,0,1,34ce,00,00,01,0,01,00,05,09,0,0,0,0,0,0,0,0000,0000,0000,00
824,824,0,1,34cf,00,00,01,0,01,00,05,09,0,0,0,0,0,0,0,0000,0000,0000,00
825,825,0,1,34d0,00,00,01,0,01,00,05,09,0,0,0,0,0,0,0,0000,0000,0000,00
826,826,0,1,34d1,00,00,01,0,01,00,05,09,0,0,0,0,0,0,0,0000,0000,0000,00
827,827,0,1,34d2,00,00,01,0,01,00,05,09,0,0,0,0,0,0,0,0000,0000,0000,00
828,828,0,1,34d3,00,00,01,0,01,00,05,09,0,0,0,0,0,0,0,0000,0000,0000,00
829,829,0,1,34d4,00,00,01,0,01,00,05,09,0,0,0,0,0,0,0,0000,0000,0000,00
830,830,0,1,34d5,00,00,01,0,01,00,05,09,0,0,0,0,0,0,0,0000,0000,0000,00
831,831,0,1,34d6,00,00,01,0,01,00,05,09,0,0,0,0,0,0,0,0000,0000,0000,00
832,832,0,1,34d7,00,00,01,0,01,00,05,09,0,0,0,0,0,0,0,0000,0000,0000,00
833,833,0,1,34d8,00,00,01,0,01,00,05,09,0,0,0,0,0,0,0,0000,0000,0000,00
834,834,0,1,34d9,00,00,01,0,01,00,05,09,0,0,0,0,0,0,0,0000,0000,0000,00
835,835,0,1,34da,00,00,01,0,01,00,05,09,0,0,0,0,0,0,0,0000,0000,0000,00
836,836,0,1,34db,00,00,01,0,01,00,05,09,0,0,0,0,0,0,0,0000,0000,0000,00
837,837,0,1,34dc,00,00,01,0,01,00,05,09,0,0,0,0,0,0,0,0000,0000,0000,00
838,838,0,1,34dd,00,00,01,0,01,00,05,09,0,0,0,0,0,0,0,0000,0000,0000,00
839,839,0,1,34de,00,00,01,0,01,00,05,09,0,0,0,0,0,0,0,0000,0000,0000,00
840,840,0,1,34df,00,00,01,0,01,00,05,09,0,0,0,0,0,0,0,0000,0000,0000,00
841,841,0,1,34e0,00,00,01,0,01,00,05,09,0,0,0,0,0,0,0,0000,0000,0000,00
842,842,0,1,34e1,00,00,01,0,01,00,05,09,0,0,0,0,0,0,0,0000,0000,0000,00
843,843,0,1,34e2,00,00,01,0,01,00,05,09,0,0,0,0,0,0,0,0000,0000,0000,00
844,844,0,1,34e3,00,00,01,0,01,00,05,09,0,0,0,0,0,0,0,0000,0000,0000,00
845,845,0,1,34e4,00,00,01,0,01,00,05,09,0,0,0,0,0,0,0,0000,0000,0000,00
846,846,0,1,34e5,00,00,01,0,01,00,05,09,0,0,0,0,0,0,0,0000,0000,0000,00
847,847,0,1,34e6,00,00,01,0,01,00,05,09,0,0,0,0,0,0,0,0000,0000,0000,00
848,848,0,1,34e7,00,00,01,0,01,00,05,09,0,0,0,0,0,0,0,0000,0000,0000,00
849,849,0,1,34e8,00,00,01,0,01,00,05,09,0,0,0,0,0,0,0,0000,0000,0000,00
850,850,0,1,34e9,00,00,01,0,01,00,05,09,0,0,0,0,0,0,0,0000,0000,0000,00
851,851,0,1,34ea,00,00,01,0,01,00,05,09,0,0,0,0,0,0,0,0000,0000,0000,00
852,852,0,1,34eb,00,00,01,0,01,00,05,09,0,0,0,0,0,0,0,0000,0000,0000,00
853,853,0,1,34ec,00,00,01,0,01,00,05,09,0,0,0,0,0,0,0,0000,0000,0000,00
854,854,0,1,34ed,00,00,01,0,01,00,05,09,0,0,0,0,0,0,0,0000,0000,0000,00
855,855,0,1,34ee,00,00,01,0,01,00,05,09,0,0,0,0,0,0,0,0000,0000,0000,00
856,856,0,1,34ef,00,00,01,0,01,00,05,09,0,0,0,0,0,0,0,0000,0000,0000,00
857,857,0,1,34f0,00,00,01,0,01,00,05,09,0,0,0,0,0,0,0,0000,0000,0000,00
858,858,0,1,34f1,00,00,01,0,01,00,05,09,0,0,0,0,0,0,0,0000,0000,0000,00
859,859,0,1,34f2,00,00,01,0,01,00,05,09,0,0,0,0,0,0,0,0000,0000,0000,00
860,860,0,1,34f3,00,00,01,0,01,00,05,09,0,0,0,0,0,0,0,0000,0000,0000,00
861,861,0,1,34f4,00,00,01,0,01,00,05,09,0,0,0,0,0,0,0,0000,0000,0000,00
862,862,0,1,34f5,00,00,01,0,01,00,05,09,0,0,0,0,0,0,0,0000,0000,0000,00
863,863,0,1,34f6,00,00,01,0,01,00,05,09,0,0,0,0,0,0,0,0000,0000,0000,00
864,864,0,1,34f7,00,00,01,0,01,00,05,09,0,0,0,0,0,0,0,0000,0000,0000,00
865,865,0,1,34f8,00,00,01,0,01,00,05,09,0,0,0,0,0,0,0,0000,0000,0000,00
866,866,0,1,34f9,00,00,01,0,01,00,05,09,0,0,0,0,0,0,0,0000,0000,0000,00
867,867,0,1,34fa,00,00,01,0,01,00,05,09,0,0,0,0,0,0,0,0000,0000,0000,00
868,868,0,1,34fb,00,00,01,0,01,00,05,09,0,0,0,0,0,0,0,0000,0000,0000,00
869,869,0,1,34fc,00,00,01,0,01,00,05,09,0,0,0,0,0,0,0,0000,0000,0000,00
870,870,0,1,34fd,00,00,01,0,01,00,05,09,0,0,0,0,0,0,0,0000,0000,0000,00
871,871,0,1,34fe,00,00,01,0,01,00,05,09,0,0,0,0,0,0,0,0000,0000,0000,00
872,872,0,1,34ff,00,00,01,0,01,00,05,09,0,0,0,0,0,0,0,0000,0000,0000,00
873,873,0,1,3500,00,00,01,0,01,00,05,09,0,0,0,0,0,0,0,0000,0000,0000,00
874,874,0,1,3501,00,00,01,0,01,00,05,09,0,0,0,0,0,0,0,0000,0000,0000,00
875,875,0,1,3502,00,00,01,0,01,00,05,09,0,0,0,0,0,0,0,0000,0000,0000,00
876,876,0,1,3503,00,00,01,0,01,00,05,09,0,0,0,0,0,0,0,0000,0000,0000,00
877,877,0,1,3504,00,00,01,0,01,00,05,09,0,0,0,0,0,0,0,0000,0000,0000,00
878,878,0,1,3505,00,00,01,0,01,00,05,09,0,0,0,0,0,0,0,0000,0000,0000,00
879,879,0,1,3506,00,00,01,0,01,00,05,09,0,0,0,0,0,0,0,0000,0000,0000,00
880,880,0,1,3507,00,00,01,0,01,00,05,09,0,0,0,0,0,0,0,0000,0000,0000,00
881,881,0,1,3508,00,00,01,0,01,00,05,09,0,0,0,0,0,0,0,0000,0000,0000,00
882,882,0,1,3509,00,00,01,0,01,00,05,09,0,0,0,0,0,0,0,0000,0000,0000,00
883,883,0,1,350a,00,00,01,0,01,00,05,09,0,0,0,0,0,0,0,0000,0000,0000,00
884,884,0,1,350b,00,00,01,0,01,00,05,09,0,0,0,0,0,0,0,0000,0000,0000,00
885,885,0,1,350c,00,00,01,0,01,00,05,09,0,0,0,0,0,0,0,0000,0000,0000,00
886,886,0,1,350d,00,00,01,0,01,00,05,09,0,0,0,0,0,0,0,0000,0000,0000,00
887,887,0,1,350e,00,00,01,0,01,00,05,09,0,0,0,0,0,0,0,0000,0000,0000,00
888,888,0,1,350f,00,00,01,0,01,00,05,09,0,0,0,0,0,0,0,0000,0000,0000,00
889,889,0,1,3510,00,00,01,0,01,00,05,09,0,0,0,0,0,0,0,0000,0000,0000,00
890,890,0,1,3511,00,00,01,0,01,00,05,09,0,0,0,0,0,0,0,0000,0000,0000,00
891,891,0,1,3512,00,00,01,0,01,00,05,09,0,0,0,0,0,0,0,0000,0000,0000,00
892,892,0,1,3513,00,00,01,0,01,00,05,09,0,0,0,0,0,0,0,0000,0000,0000,00
893,893,0,1,3514,00,00,01,0,01,00,05,09,0,0,0,0,0,0,0,0000,0000,0000,00
894,894,0,1,3515,00,00,01,0,01,00,05,09,0,0,0,0,0,0,0,0000,0000,0000,00
895,895,0,1,3516,00,00,01,0,01,00,05,09,0,0,0,0,0,0,0,0000,0000,0000,00
896,896,0,1,3517,00,00,01,0,01,00,05,09,0,0,0,0,0,0,0,0000,0000,0000,00
897,897,0,1,3518,00,00,01,0,01,00,05,09,0,0,0,0,0,0,0,0000,0000,0000,00
898,898,0,1,3519,00,00,01,0,01,00,05,09,0,0,0,0,0,0,0,0000,0000,0000,00
899,899,0,1,351a,00,00,01,0,01,00,05,09,0,0,0,0,0,0,0,0000,0000,0000,00
900,900,0,1,351b,00,00,01,0,01,00,05,09,0,0,0,0,0,0,0,0000,0000,0000,00
901,901,0,1,351c,00,00,01,0,01,00,05,09,0,0,0,0,0,0,0,0000,0000,0000,00
902,902,0,1,351d,00,00,01,0,01,00,05,09,0,0,0,0,0,0,0,0000,0000,0000,00
903,903,0,1,351e,00,00,01,0,01,00,05,09,0,0,0,0,0,0,0,0000,0000,0000,00
904,904,0,1,351f,00,00,01,0,01,00,05,09,0,0,0,0,0,0,0,0000,0000,0000,00
905,905,0,1,3520,00,00,01,0,01,00,05,09,0,0,0,0,0,0,0,0000,0000,0000,00
906,906,0,1,3521,00,00,01,0,01,00,05,09,0,0,0,0,0,0,0,0000,0000,0000,00
907,907,0,1,3522,00,00,01,0,01,00,05,09,0,0,0,0,0,0,0,0000,0000,0000,00
908,908,0,1,3523,00,00,01,0,01,00,05,09,0,0,0,0,0,0,0,0000,0000,0000,00
909,909,0,1,3524,00,00,01,0,01,00,05,09,0,0,0,0,0,0,0,0000,0000,0000,00
910,910,0,1,3525,00,00,01,0,01,00,05,09,0,0,0,0,0,0,0,0000,0000,0000,00
911,911,0,1,3526,00,00,01,0,01,00,05,09,0,0,0,0,0,0,0,0000,0000,0000,00
912,912,0,1,3527,00,00,01,0,01,00,05,09,0,0,0,0,0,0,0,0000,0000,0000,00
913,913,0,1,3528,00,00,01,0,01,00,05,09,0,0,0,0,0,0,0,0000,0000,0000,00
914,914,0,1,3529,00,00,01,0,01,00,05,09,0,0,0,0,0,0,0,0000,0000,0000,00
915,915,0,1,352a,00,00,01,0,01,00,05,09,0,0,0,0,0,0,0,0000,0000,0000,00
916,916,0,1,352b,00,00,01,0,01,00,05,09,0,0,0,0,0,0,0,0000,0000,0000,00
917,917,0,1,352c,00,00,01,0,01,00,05,09,0,0,0,0,0,0,0,0000,0000,0000,00
918,918,0,1,352d,00,00,01,0,01,00,05,09,0,0,0,0,0,0,0,0000,0000,0000,00
919,919,0,1,352e,00,00,01,0,01,00,05,09,0,0,0,0,0,0,0,0000,0000,0000,00
920,920,0,1,352f,00,00,01,0,01,00,05,09,0,0,0,0,0,0,0,0000,0000,0000,00
921,921,0,1,3530,00,00,01,0,01,00,05,09,0,0,0,0,0,0,0,0000,0000,0000,00
922,922,0,1,3531,00,00,01,0,01,00,05,09,0,0,0,0,0,0,0,0000,0000,0000,00
923,923,0,1,3532,00,00,01,0,01,00,05,09,0,0,0,0,0,0,0,0000,0000,0000,00
924,924,0,1,3533,00,00,01,0,01,00,05,09,0,0,0,0,0,0,0,0000,0000,0000,00
925,925,0,1,3534,00,00,01,0,01,00,05,09,0,0,0,0,0,0,0,0000,0000,0000,00
926,926,0,1,3535,00,00,01,0,01,00,05,09,0,0,0,0,0,0,0,0000,0000,0000,00
927,927,0,1,3536,00,00,01,0,01,00,05,09,0,0,0,0,0,0,0,0000,0000,0000,00
928,928,0,1,3537,00,00,01,0,01,00,05,09,0,0,0,0,0,0,0,0000,0000,0000,00
929,929,0,1,3538,00,00,01,0,01,00,05,09,0,0,0,0,0,0,0,0000,0000,0000,00
930,930,0,1,3539,00,00,01,0,01,00,05,09,0,0,0,0,0,0,0,0000,0000,0000,00
931,931,0,1,353a,00,00,01,0,01,00,05,09,0,0,0,0,0,0,0,0000,0000,0000,00
932,932,0,1,353b,00,00,01,0,01,00,05,09,0,0,0,0,0,0,0,0000,0000,0000,00
933,933,0,1,353c,00,00,01,0,01,00,05,09,0,0,0,0,0,0,0,0000,0000,0000,00
934,934,0,1,353d,00,00,01,0,01,00,05,09,0,0,0,0,0,0,0,0000,0000,0000,00
935,935,0,1,353e,00,00,01,0,01,00,05,09,0,0,0,0,0,0,0,0000,0000,0000,00
936,936,0,1,353f,00,00,01,0,01,00,05,09,0,0,0,0,0,0,0,0000,0000,0000,00
937,937,0,1,3540,00,00,01,0,01,00,05,09,0,0,0,0,0,0,0,0000,0000,0000,00
938,938,0,1,3541,00,00,01,0,01,00,05,09,0,0,0,0,0,0,0,0000,0000,0000,00
939,939,0,1,3542,00,00,01,0,01,00,05,09,0,0,0,0,0,0,0,0000,0000,0000,00
940,940,0,1,3543,00,00,01,0,01,00,05,09,0,0,0,0,0,0,0,0000,0000,0000,00
941,941,0,1,3544,00,00,01,0,01,00,05,09,0,0,0,0,0,0,0,0000,0000,0000,00
942,942,0,1,3545,00,00,01,0,01,00,05,09,0,0,0,0,0,0,0,0000,0000,0000,00
943,943,0,1,3546,00,00,01,0,01,00,05,09,0,0,0,0,0,0,0,0000,0000,0000,00
944,944,0,1,3547,00,00,01,0,01,00,05,09,0,0,0,0,0,0,0,0000,0000,0000,00
945,945,0,1,3548,00,00,01,0,01,00,05,09,0,0,0,0,0,0,0,0000,0000,0000,00
946,946,0,1,3549,00,00,01,0,01,00,05,09,0,0,0,0,0,0,0,0000,0000,0000,00
947,947,0,1,354a,00,00,01,0,01,00,05,09,0,0,0,0,0,0,0,0000,0000,0000,00
948,948,0,1,354b,00,00,01,0,01,00,05,09,0,0,0,0,0,0,0,0000,0000,0000,00
949,949,0,1,354c,00,00,01,0,01,00,05,09,0,0,0,0,0,0,0,0000,0000,0000,00
950,950,0,1,354d,00,00,01,0,01,00,05,09,0,0,0,0,0,0,0,0000,0000,0000,00
951,951,0,1,354e,00,00,01,0,01,00,05,09,0,0,0,0,0,0,0,0000,0000,0000,00
952,952,0,1,354f,00,00,01,0,01,00,05,09,0,0,0,0,0,0,0,0000,0000,0000,00
953,953,0,1,3550,00,00,01,0,01,00,05,09,0,0,0,0,0,0,0,0000,0000,0000,00
954,954,0,1,3551,00,00,01,0,01,00,05,09,0,0,0,0,0,0,0,0000,0000,0000,00
955,955,0,1,3552,00,00,01,0,01,00,05,09,0,0,0,0,0,0,0,0000,0000,0000,00
956,956,0,1,3553,00,00,01,0,01,00,05,09,0,0,0,0,0,0,0,0000,0000,0000,00
957,957,0,1,3554,00,00,01,0,01,00,05,09,0,0,0,0,0,0,0,0000,0000,0000,00
958,958,0,1,3555,00,00,01,0,01,00,05,09,0,0,0,0,0,0,0,0000,0000,0000,00
959,959,0,1,3556,00,00,01,0,01,00,05,09,0,0,0,0,0,0,0,0000,0000,0000,00
960,960,0,1,3557,00,00,01,0,01,00,05,09,0,0,0,0,0,0,0,0000,0000,0000,00
961,961,0,1,3558,00,00,01,0,01,00,05,09,0,0,0,0,0,0,0,0000,0000,0000,00
962,962,0,1,3559,00,00,01,0,01,00,05,09,0,0,0,0,0,0,0,0000,0000,0000,00
963,963,0,1,355a,00,00,01,0,01,00,05,09,0,0,0,0,0,0,0,0000,0000,0000,00
964,964,0,1,355b,00,00,01,0,01,00,05,09,0,0,0,0,0,0,0,0000,0000,0000,00
965,965,0,1,355c,00,00,01,0,01,00,05,09,0,0,0,0,0,0,0,0000,0000,0000,00
966,966,0,1,355d,00,00,01,0,01,00,05,09,0,0,0,0,0,0,0,0000,0000,0000,00
967,967,0,1,355e,00,00,01,0,01,00,05,09,0,0,0,0,0,0,0,0000,0000,0000,00
968,968,0,1,355f,00,00,01,0,01,00,05,09,0,0,0,0,0,0,0,0000,0000,0000,00
969,969,0,1,3560,00,00,01,0,01,00,05,09,0,0,0,0,0,0,0,0000,0000,0000,00
970,970,0,1,3561,00,00,01,0,01,00,05,09,0,0,0,0,0,0,0,0000,0000,0000,00
971,971,0,1,3562,00,00,01,0,01,00,05,09,0,0,0,0,0,0,0,0000,0000,0000,00
972,972,0,1,3563,00,00,01,0,01,00,05,09,0,0,0,0,0,0,0,0000,0000,0000,00
973,973,0,1,3564,00,00,01,0,01,00,05,09,0,0,0,0,0,0,0,0000,0000,0000,00
974,974,0,1,3565,00,00,01,0,01,00,05,09,0,0,0,0,0,0,0,0000,0000,0000,00
975,975,0,1,3566,00,00,01,0,01,00,05,09,0,0,0,0,0,0,0,0000,0000,0000,00
976,976,0,1,3567,00,00,01,0,01,00,05,09,0,0,0,0,0,0,0,0000,0000,0000,00
977,977,0,1,3568,00,00,01,0,01,00,05,09,0,0,0,0,0,0,0,0000,0000,0000,00
978,978,0,1,3569,00,00,01,0,01,00,05,09,0,0,0,0,0,0,0,0000,0000,0000,00
979,979,0,1,356a,00,00,01,0,01,00,05,09,0,0,0,0,0,0,0,0000,0000,0000,00
980,980,0,1,356b,00,00,01,0,01,00,05,09,0,0,0,0,0,0,0,0000,0000,0000,00
981,981,0,1,356c,00,00,01,0,01,00,05,09,0,0,0,0,0,0,0,0000,0000,0000,00
982,982,0,1,356d,00,00,01,0,01,00,05,09,0,0,0,0,0,0,0,0000,0000,0000,00
983,983,0,1,356e,00,00,01,0,01,00,05,09,0,0,0,0,0,0,0,0000,0000,0000,00
984,984,0,1,356f,00,00,01,0,01,00,05,09,0,0,0,0,0,0,0,0000,0000,0000,00
985,985,0,1,3570,00,00,01,0,01,00,05,09,0,0,0,0,0,0,0,0000,0000,0000,00
986,986,0,1,3571,00,00,01,0,01,00,05,09,0,0,0,0,0,0,0,0000,0000,0000,00
987,987,0,1,3572,00,00,01,0,01,00,05,09,0,0,0,0,0,0,0,0000,0000,0000,00
988,988,0,1,3573,00,00,01,0,01,00,05,09,0,0,0,0,0,0,0,0000,0000,0000,00
989,989,0,1,3574,00,00,01,0,01,00,05,09,0,0,0,0,0,0,0,0000,0000,0000,00
990,990,0,1,3575,00,00,01,0,01,00,05,09,0,0,0,0,0,0,0,0000,0000,0000,00
991,991,0,1,3576,00,00,01,0,01,00,05,09,0,0,0,0,0,0,0,0000,0000,0000,00
992,992,0,1,3577,00,00,01,0,01,00,05,09,0,0,0,0,0,0,0,0000,0000,0000,00
993,993,0,1,3578,00,00,01,0,01,00,05,09,0,0,0,0,0,0,0,0000,0000,0000,00
994,994,0,1,3579,00,00,01,0,01,00,05,09,0,0,0,0,0,0,0,0000,0000,0000,00
995,995,0,1,357a,00,00,01,0,01,00,05,09,0,0,0,0,0,0,0,0000,0000,0000,00
996,996,0,1,357b,00,00,01,0,01,00,05,09,0,0,0,0,0,0,0,0000,0000,0000,00
997,997,0,1,357c,00,00,01,0,01,00,05,09,0,0,0,0,0,0,0,0000,0000,0000,00
998,998,0,1,357d,00,00,01,0,01,00,05,09,0,0,0,0,0,0,0,0000,0000,0000,00
999,999,0,1,357e,00,00,01,0,01,00,05,09,0,0,0,0,0,0,0,0000,0000,0000,00
1000,1000,0,1,357f,00,00,01,0,01,00,05,09,0,0,0,0,0,0,0,0000,0000,0000,00
1001,1001,0,1,3580,00,00,01,0,01,00,05,09,0,0,0,0,0,0,0,0000,0000,0000,00
1002,1002,0,1,3581,00,00,01,0,01,00,05,09,0,0,0,0,0,0,0,0000,0000,0000,00
1003,1003,0,1,3582,00,00,01,0,01,00,05,09,0,0,0,0,0,0,0,0000,0000,0000,00
1004,1004,0,1,3583,00,00,01,0,01,00,05,09,0,0,0,0,0,0,0,0000,0000,0000,00
1005,1005,0,1,3584,00,00,01,0,01,00,05,09,0,0,0,0,0,0,0,0000,0000,0000,00
1006,1006,0,1,3585,00,00,01,0,01,00,05,09,0,0,0,0,0,0,0,0000,0000,0000,00
1007,1007,0,1,3586,00,00,01,0,01,00,05,09,0,0,0,0,0,0,0,0000,0000,0000,00
1008,1008,0,1,3587,00,00,01,0,01,00,05,09,0,0,0,0,0,0,0,0000,0000,0000,00
1009,1009,0,1,3588,00,00,01,0,01,00,05,09,0,0,0,0,0,0,0,0000,0000,0000,00
1010,1010,0,1,3589,00,00,01,0,01,00,05,09,0,0,0,0,0,0,0,0000,0000,0000,00
1011,1011,0,1,358a,00,00,01,0,01,00,05,09,0,0,0,0,0,0,0,0000,0000,0000,00
1012,1012,0,1,358b,00,00,01,0,01,00,05,09,0,0,0,0,0,0,0,0000,0000,0000,00
1013,1013,0,1,358c,00,00,01,0,01,00,05,09,0,0,0,0,0,0,0,0000,0000,0000,00
1014,1014,0,1,358d,00,00,01,0,01,00,05,09,0,0,0,0,0,0,0,0000,0000,0000,00
1015,1015,0,1,358e,00,00,01,0,01,00,05,09,0,0,0,0,0,0,0,0000,0000,0000,00
1016,1016,0,1,358f,00,00,01,0,01,00,05,09,0,0,0,0,0,0,0,0000,0000,0000,00
1017,1017,0,1,3590,00,00,01,0,01,00,05,09,0,0,0,0,0,0,0,0000,0000,0000,00
1018,1018,0,1,3591,00,00,01,0,01,00,05,09,0,0,0,0,0,0,0,0000,0000,0000,00
1019,1019,0,1,3592,00,00,01,0,01,00,05,09,0,0,0,0,0,0,0,0000,0000,0000,00
1020,1020,0,1,3593,00,00,01,0,01,00,05,09,0,0,0,0,0,0,0,0000,0000,0000,00
1021,1021,0,1,3594,00,00,01,0,01,00,05,09,0,0,0,0,0,0,0,0000,0000,0000,00
1022,1022,0,1,3595,00,00,01,0,01,00,05,09,0,0,0,0,0,0,0,0000,0000,0000,00
1023,1023,0,1,3596,00,00,01,0,01,00,05,09,1,0,0,0,0,0,0,0000,0000,0000,00
1024,1024,1,1,3597,00,00,01,0,01,00,05,09,0,0,1,0,0,0,0,0000,0000,0000,00
1025,1025,0,1,3598,00,00,01,0,01,00,05,09,0,0,0,0,0,0,0,0000,0000,0000,01
1026,1026,0,1,3599,00,00,01,0,01,00,05,09,0,0,0,0,0,0,0,0000,0000,0000,01
1027,1027,0,1,359a,00,00,01,0,01,00,05,09,0,0,0,0,0,0,0,0000,0000,0000,01
1028,1028,0,1,359b,00,00,01,0,01,00,05,09,0,0,0,0,0,0,0,0000,0000,0000,01
1029,1029,0,1,359c,00,00,01,0,01,00,05,09,0,0,0,0,0,0,0,0000,0000,0000,01
1030,1030,0,1,359d,00,00,01,0,01,00,05,09,0,0,0,0,0,0,0,0000,0000,0000,01
1031,1031,0,1,359e,00,00,01,0,01,00,05,09,0,0,0,0,0,0,0,0000,0000,0000,01
1032,1032,0,1,359f,00,00,01,0,01,00,05,09,0,0,0,0,0,0,0,0000,0000,0000,01
1033,1033,0,1,35a0,00,00,01,0,01,00,05,09,0,0,0,0,0,0,0,0000,0000,0000,01
1034,1034,0,1,35a1,00,00,01,0,01,00,05,09,0,0,0,0,0,0,0,0000,0000,0000,01
1035,1035,0,1,35a2,00,00,01,0,01,00,05,09,0,0,0,0,0,0,0,0000,0000,0000,01
1036,1036,0,1,35a3,00,00,01,0,01,00,05,09,0,0,0,0,0,0,0,0000,0000,0000,01
1037,1037,0,1,35a4,00,00,01,0,01,00,05,09,0,0,0,0,0,0,0,0000,0000,0000,01
1038,1038,0,1,35a5,00,00,01,0,01,00,05,09,0,0,0,0,0,0,0,0000,0000,0000,01
1039,1039,0,1,35a6,00,00,01,0,01,00,05,09,0,0,0,0,0,0,0,0000,0000,0000,01
1040,1040,0,1,35a7,00,00,01,0,01,00,05,09,0,0,0,0,0,0,0,0000,0000,0000,01
1041,1041,0,1,35a8,00,00,01,0,01,00,05,09,0,0,0,0,0,0,0,0000,0000,0000,01
1042,1042,0,1,35a9,00,00,01,0,01,00,05,09,0,0,0,0,0,0,0,0000,0000,0000,01
1043,1043,0,1,35aa,00,00,01,0,01,00,05,09,0,0,0,0,0,0,0,0000,0000,0000,01
1044,1044,0,1,35ab,00,00,01,0,01,00,05,09,0,0,0,0,0,0,0,0000,0000,0000,01
1045,1045,0,1,35ac,00,00,01,0,01,00,05,09,0,0,0,0,0,0,0,0000,0000,0000,01
1046,1046,0,1,35ad,00,00,01,0,01,00,05,09,0,0,0,0,0,0,0,0000,0000,0000,01
1047,1047,0,1,35ae,00,00,01,0,01,00,05,09,0,0,0,0,0,0,0,0000,0000,0000,01
1048,1048,0,1,35af,00,00,01,0,01,00,05,09,0,0,0,0,0,0,0,0000,0000,0000,01
1049,1049,0,1,35b0,00,00,01,0,01,00,05,09,0,0,0,0,0,0,0,0000,0000,0000,01
1050,1050,0,1,35b1,00,00,01,0,01,00,05,09,0,0,0,0,0,0,0,0000,0000,0000,01
1051,1051,0,1,35b2,00,00,01,0,01,00,05,09,0,0,0,0,0,0,0,0000,0000,0000,01
1052,1052,0,1,35b3,00,00,01,0,01,00,05,09,0,0,0,0,0,0,0,0000,0000,0000,01
1053,1053,0,1,35b4,00,00,01,0,01,00,05,09,0,0,0,0,0,0,0,0000,0000,0000,01
1054,1054,0,1,35b5,00,00,01,0,01,00,05,09,0,0,0,0,0,0,0,0000,0000,0000,01
1055,1055,0,1,35b6,00,00,01,0,01,00,05,09,0,0,0,0,0,0,0,0000,0000,0000,01
1056,1056,0,1,35b7,00,00,01,0,01,00,05,09,0,0,0,0,0,0,0,0000,0000,0000,01
1057,1057,0,1,35b8,00,00,01,0,01,00,05,09,0,0,0,0,0,0,0,0000,0000,0000,01
1058,1058,0,1,35b9,00,00,01,0,01,00,05,09,0,0,0,0,0,0,0,0000,0000,0000,01
1059,1059,0,1,35ba,00,00,01,0,01,00,05,09,0,0,0,0,0,0,0,0000,0000,0000,01
1060,1060,0,1,35bb,00,00,01,0,01,00,05,09,0,0,0,0,0,0,0,0000,0000,0000,01
1061,1061,0,1,35bc,00,00,01,0,01,00,05,09,0,0,0,0,0,0,0,0000,0000,0000,01
1062,1062,0,1,35bd,00,00,01,0,01,00,05,09,0,0,0,0,0,0,0,0000,0000,0000,01
1063,1063,0,1,35be,00,00,01,0,01,00,05,09,0,0,0,0,0,0,0,0000,0000,0000,01
1064,1064,0,1,35bf,00,00,01,0,01,00,05,09,0,0,0,0,0,0,0,0000,0000,0000,01
1065,1065,0,1,35c0,00,00,01,0,01,00,05,09,0,0,0,0,0,0,0,0000,0000,0000,01
1066,1066,0,1,35c1,00,00,01,0,01,00,05,09,0,0,0,0,0,0,0,0000,0000,0000,01
1067,1067,0,1,35c2,00,00,01,0,01,00,05,09,0,0,0,0,0,0,0,0000,0000,0000,01
1068,1068,0,1,35c3,00,00,01,0,01,00,05,09,0,0,0,0,0,0,0,0000,0000,0000,01
1069,1069,0,1,35c4,00,00,01,0,01,00,05,09,0,0,0,0,0,0,0,0000,0000,0000,01
1070,1070,0,1,35c5,00,00,01,0,01,00,05,09,0,0,0,0,0,0,0,0000,0000,0000,01
1071,1071,0,1,35c6,00,00,01,0,01,00,05,09,0,0,0,0,0,0,0,0000,0000,0000,01
1072,1072,0,1,35c7,00,00,01,0,01,00,05,09,0,0,0,0,0,0,0,0000,0000,0000,01
1073,1073,0,1,35c8,00,00,01,0,01,00,05,09,0,0,0,0,0,0,0,0000,0000,0000,01
1074,1074,0,1,35c9,00,00,01,0,01,00,05,09,0,0,0,0,0,0,0,0000,0000,0000,01
1075,1075,0,1,35ca,00,00,01,0,01,00,05,09,0,0,0,0,0,0,0,0000,0000,0000,01
1076,1076,0,1,35cb,00,00,01,0,01,00,05,09,0,0,0,0,0,0,0,0000,0000,0000,01
1077,1077,0,1,35cc,00,00,01,0,01,00,05,09,0,0,0,0,0,0,0,0000,0000,0000,01
1078,1078,0,1,35cd,00,00,01,0,01,00,05,09,0,0,0,0,0,0,0,0000,0000,0000,01
1079,1079,0,1,35ce,00,00,01,0,01,00,05,09,0,0,0,0,0,0,0,0000,0000,0000,01
1080,1080,0,1,35cf,00,00,01,0,01,00,05,09,0,0,0,0,0,0,0,0000,0000,0000,01
1081,1081,0,1,35d0,00,00,01,0,01,00,05,09,0,0,0,0,0,0,0,0000,0000,0000,01
1082,1082,0,1,35d1,00,00,01,0,01,00,05,09,0,0,0,0,0,0,0,0000,0000,0000,01
1083,1083,0,1,35d2,00,00,01,0,01,00,05,09,0,0,0,0,0,0,0,0000,0000,0000,01
1084,1084,0,1,35d3,00,00,01,0,01,00,05,09,0,0,0,0,0,0,0,0000,0000,0000,01
1085,1085,0,1,35d4,00,00,01,0,01,00,05,09,0,0,0,0,0,0,0,0000,0000,0000,01
1086,1086,0,1,35d5,00,00,01,0,01,00,05,09,0,0,0,0,0,0,0,0000,0000,0000,01
1087,1087,0,1,35d6,00,00,01,0,01,00,05,09,0,0,0,0,0,0,0,0000,0000,0000,01
1088,1088,0,1,35d7,00,00,01,0,01,00,05,09,0,0,0,0,0,0,0,0000,0000,0000,01
1089,1089,0,1,35d8,00,00,01,0,01,00,05,09,0,0,0,0,0,0,0,0000,0000,0000,01
1090,1090,0,1,35d9,00,00,01,0,01,00,05,09,0,0,0,0,0,0,0,0000,0000,0000,01
1091,1091,0,1,35da,00,00,01,0,01,00,05,09,0,0,0,0,0,0,0,0000,0000,0000,01
1092,1092,0,1,35db,00,00,01,0,01,00,05,09,0,0,0,0,0,0,0,0000,0000,0000,01
1093,1093,0,1,35dc,00,00,01,0,01,00,05,09,0,0,0,0,0,0,0,0000,0000,0000,01
1094,1094,0,1,35dd,00,00,01,0,01,00,05,09,0,0,0,0,0,0,0,0000,0000,0000,01
1095,1095,0,1,35de,00,00,01,0,01,00,05,09,0,0,0,0,0,0,0,0000,0000,0000,01
1096,1096,0,1,35df,00,00,01,0,01,00,05,09,0,0,0,0,0,0,0,0000,0000,0000,01
1097,1097,0,1,35e0,00,00,01,0,01,00,05,09,0,0,0,0,0,0,0,0000,0000,0000,01
1098,1098,0,1,35e1,00,00,01,0,01,00,05,09,0,0,0,0,0,0,0,0000,0000,0000,01
1099,1099,0,1,35e2,00,00,01,0,01,00,05,09,0,0,0,0,0,0,0,0000,0000,0000,01
1100,1100,0,1,35e3,00,00,01,0,01,00,05,09,0,0,0,0,0,0,0,0000,0000,0000,01
1101,1101,0,1,35e4,00,00,01,0,01,00,05,09,0,0,0,0,0,0,0,0000,0000,0000,01
1102,1102,0,1,35e5,00,00,01,0,01,00,05,09,0,0,0,0,0,0,0,0000,0000,0000,01
1103,1103,0,1,35e6,00,00,01,0,01,00,05,09,0,0,0,0,0,0,0,0000,0000,0000,01
1104,1104,0,1,35e7,00,00,01,0,01,00,05,09,0,0,0,0,0,0,0,0000,0000,0000,01
1105,1105,0,1,35e8,00,00,01,0,01,00,05,09,0,0,0,0,0,0,0,0000,0000,0000,01
1106,1106,0,1,35e9,00,00,01,0,01,00,05,09,0,0,0,0,0,0,0,0000,0000,0000,01
1107,1107,0,1,35ea,00,00,01,0,01,00,05,09,0,0,0,0,0,0,0,0000,0000,0000,01
1108,1108,0,1,35eb,00,00,01,0,01,00,05,09,0,0,0,0,0,0,0,0000,0000,0000,01
1109,1109,0,1,35ec,00,00,01,0,01,00,05,09,0,0,0,0,0,0,0,0000,0000,0000,01
1110,1110,0,1,35ed,00,00,01,0,01,00,05,09,0,0,0,0,0,0,0,0000,0000,0000,01
1111,1111,0,1,35ee,00,00,01,0,01,00,05,09,0,0,0,0,0,0,0,0000,0000,0000,01
1112,1112,0,1,35ef,00,00,01,0,01,00,05,09,0,0,0,0,0,0,0,0000,0000,0000,01
1113,1113,0,1,35f0,00,00,01,0,01,00,05,09,0,0,0,0,0,0,0,0000,0000,0000,01
1114,1114,0,1,35f1,00,00,01,0,01,00,05,09,0,0,0,0,0,0,0,0000,0000,0000,01
1115,1115,0,1,35f2,00,00,01,0,01,00,05,09,0,0,0,0,0,0,0,0000,0000,0000,01
1116,1116,0,1,35f3,00,00,01,0,01,00,05,09,0,0,0,0,0,0,0,0000,0000,0000,01
1117,1117,0,1,35f4,00,00,01,0,01,00,05,09,0,0,0,0,0,0,0,0000,0000,0000,01
1118,1118,0,1,35f5,00,00,01,0,01,00,05,09,0,0,0,0,0,0,0,0000,0000,0000,01
1119,1119,0,1,35f6,00,00,01,0,01,00,05,09,0,0,0,0,0,0,0,0000,0000,0000,01
1120,1120,0,1,35f7,00,00,01,0,01,00,05,09,0,0,0,0,0,0,0,0000,0000,0000,01
1121,1121,0,1,35f8,00,00,01,0,01,00,05,09,0,0,0,0,0,0,0,0000,0000,0000,01
1122,1122,0,1,35f9,00,00,01,0,01,00,05,09,0,0,0,0,0,0,0,0000,0000,0000,01
1123,1123,0,1,35fa,00,00,01,0,01,00,05,09,0,0,0,0,0,0,0,0000,0000,0000,01
1124,1124,0,1,35fb,00,00,01,0,01,00,05,09,0,0,0,0,0,0,0,0000,0000,0000,01
1125,1125,0,1,35fc,00,00,01,0,01,00,05,09,0,0,0,0,0,0,0,0000,0000,0000,01
1126,1126,0,1,35fd,00,00,01,0,01,00,05,09,0,0,0,0,0,0,0,0000,0000,0000,01
1127,1127,0,1,35fe,00,00,01,0,01,00,05,09,0,0,0,0,0,0,0,0000,0000,0000,01
1128,1128,0,1,35ff,00,00,01,0,01,00,05,09,0,0,0,0,0,0,0,0000,0000,0000,01
1129,1129,0,1,3600,00,00,01,0,01,00,05,09,0,0,0,0,0,0,0,0000,0000,0000,01
1130,1130,0,1,3601,00,00,01,0,01,00,05,09,0,0,0,0,0,0,0,0000,0000,0000,01
1131,1131,0,1,3602,00,00,01,0,01,00,05,09,0,0,0,0,0,0,0,0000,0000,0000,01
1132,1132,0,1,3603,00,00,01,0,01,00,05,09,0,0,0,0,0,0,0,0000,0000,0000,01
1133,1133,0,1,3604,00,00,01,0,01,00,05,09,0,0,0,0,0,0,0,0000,0000,0000,01
1134,1134,0,1,3605,00,00,01,0,01,00,05,09,0,0,0,0,0,0,0,0000,0000,0000,01
1135,1135,0,1,3606,00,00,01,0,01,00,05,09,0,0,0,0,0,0,0,0000,0000,0000,01
1136,1136,0,1,3607,00,00,01,0,01,00,05,09,0,0,0,0,0,0,0,0000,0000,0000,01
1137,1137,0,1,3608,00,00,01,0,01,00,05,09,0,0,0,0,0,0,0,0000,0000,0000,01
1138,1138,0,1,3609,00,00,01,0,01,00,05,09,0,0,0,0,0,0,0,0000,0000,0000,01
1139,1139,0,1,360a,00,00,01,0,01,00,05,09,0,0,0,0,0,0,0,0000,0000,0000,01
1140,1140,0,1,360b,00,00,01,0,01,00,05,09,0,0,0,0,0,0,0,0000,0000,0000,01
1141,1141,0,1,360c,00,00,01,0,01,00,05,09,0,0,0,0,0,0,0,0000,0000,0000,01
1142,1142,0,1,360d,00,00,01,0,01,00,05,09,0,0,0,0,0,0,0,0000,0000,0000,01
1143,1143,0,1,360e,00,00,01,0,01,00,05,09,0,0,0,0,0,0,0,0000,0000,0000,01
1144,1144,0,1,360f,00,00,01,0,01,00,05,09,0,0,0,0,0,0,0,0000,0000,0000,01
1145,1145,0,1,3610,00,00,01,0,01,00,05,09,0,0,0,0,0,0,0,0000,0000,0000,01
1146,1146,0,1,3611,00,00,01,0,01,00,05,09,0,0,0,0,0,0,0,0000,0000,0000,01
1147,1147,0,1,3612,00,00,01,0,01,00,05,09,0,0,0,0,0,0,0,0000,0000,0000,01
1148,1148,0,1,3613,00,00,01,0,01,00,05,09,0,0,0,0,0,0,0,0000,0000,0000,01
1149,1149,0,1,3614,00,00,01,0,01,00,05,09,0,0,0,0,0,0,0,0000,0000,0000,01
1150,1150,0,1,3615,00,00,01,0,01,00,05,09,0,0,0,0,0,0,0,0000,0000,0000,01
1151,1151,0,1,3616,00,00,01,0,01,00,05,09,0,0,0,0,0,0,0,0000,0000,0000,01
1152,1152,0,1,3617,00,00,01,0,01,00,05,09,0,0,0,0,0,0,0,0000,0000,0000,01
1153,1153,0,1,3618,00,00,01,0,01,00,05,09,0,0,0,0,0,0,0,0000,0000,0000,01
1154,1154,0,1,3619,00,00,01,0,01,00,05,09,0,0,0,0,0,0,0,0000,0000,0000,01
1155,1155,0,1,361a,00,00,01,0,01,00,05,09,0,0,0,0,0,0,0,0000,0000,0000,01
1156,1156,0,1,361b,00,00,01,0,01,00,05,09,0,0,0,0,0,0,0,0000,0000,0000,01
1157,1157,0,1,361c,00,00,01,0,01,00,05,09,0,0,0,0,0,0,0,0000,0000,0000,01
1158,1158,0,1,361d,00,00,01,0,01,00,05,09,0,0,0,0,0,0,0,0000,0000,0000,01
1159,1159,0,1,361e,00,00,01,0,01,00,05,09,0,0,0,0,0,0,0,0000,0000,0000,01
1160,1160,0,1,361f,00,00,01,0,01,00,05,09,0,0,0,0,0,0,0,0000,0000,0000,01
1161,1161,0,1,3620,00,00,01,0,01,00,05,09,0,0,0,0,0,0,0,0000,0000,0000,01
1162,1162,0,1,3621,00,00,01,0,01,00,05,09,0,0,0,0,0,0,0,0000,0000,0000,01
1163,1163,0,1,3622,00,00,01,0,01,00,05,09,0,0,0,0,0,0,0,0000,0000,0000,01
1164,1164,0,1,3623,00,00,01,0,01,00,05,09,0,0,0,0,0,0,0,0000,0000,0000,01
1165,1165,0,1,3624,00,00,01,0,01,00,05,09,0,0,0,0,0,0,0,0000,0000,0000,01
1166,1166,0,1,3625,00,00,01,0,01,00,05,09,0,0,0,0,0,0,0,0000,0000,0000,01
1167,1167,0,1,3626,00,00,01,0,01,00,05,09,0,0,0,0,0,0,0,0000,0000,0000,01
1168,1168,0,1,3627,00,00,01,0,01,00,05,09,0,0,0,0,0,0,0,0000,0000,0000,01
1169,1169,0,1,3628,00,00,01,0,01,00,05,09,0,0,0,0,0,0,0,0000,0000,0000,01
1170,1170,0,1,3629,00,00,01,0,01,00,05,09,0,0,0,0,0,0,0,0000,0000,0000,01
1171,1171,0,1,362a,00,00,01,0,01,00,05,09,0,0,0,0,0,0,0,0000,0000,0000,01
1172,1172,0,1,362b,00,00,01,0,01,00,05,09,0,0,0,0,0,0,0,0000,0000,0000,01
1173,1173,0,1,362c,00,00,01,0,01,00,05,09,0,0,0,0,0,0,0,0000,0000,0000,01
1174,1174,0,1,362d,00,00,01,0,01,00,05,09,0,0,0,0,0,0,0,0000,0000,0000,01
1175,1175,0,1,362e,00,00,01,0,01,00,05,09,0,0,0,0,0,0,0,0000,0000,0000,01
1176,1176,0,1,362f,00,00,01,0,01,00,05,09,0,0,0,0,0,0,0,0000,0000,0000,01
1177,1177,0,1,3630,00,00,01,0,01,00,05,09,0,0,0,0,0,0,0,0000,0000,0000,01
1178,1178,0,1,3631,00,00,01,0,01,00,05,09,0,0,0,0,0,0,0,0000,0000,0000,01
1179,1179,0,1,3632,00,00,01,0,01,00,05,09,0,0,0,0,0,0,0,0000,0000,0000,01
1180,1180,0,1,3633,00,00,01,0,01,00,05,09,0,0,0,0,0,0,0,0000,0000,0000,01
1181,1181,0,1,3634,00,00,01,0,01,00,05,09,0,0,0,0,0,0,0,0000,0000,0000,01
1182,1182,0,1,3635,00,00,01,0,01,00,05,09,0,0,0,0,0,0,0,0000,0000,0000,01
1183,1183,0,1,3636,00,00,01,0,01,00,05,09,0,0,0,0,0,0,0,0000,0000,0000,01
1184,1184,0,1,3637,00,00,01,0,01,00,05,09,0,0,0,0,0,0,0,0000,0000,0000,01
1185,1185,0,1,3638,00,00,01,0,01,00,05,09,0,0,0,0,0,0,0,0000,0000,0000,01
1186,1186,0,1,3639,00,00,01,0,01,00,05,09,0,0,0,0,0,0,0,0000,0000,0000,01
1187,1187,0,1,363a,00,00,01,0,01,00,05,09,0,0,0,0,0,0,0,0000,0000,0000,01
1188,1188,0,1,363b,00,00,01,0,01,00,05,09,0,0,0,0,0,0,0,0000,0000,0000,01
1189,1189,0,1,363c,00,00,01,0,01,00,05,09,0,0,0,0,0,0,0,0000,0000,0000,01
1190,1190,0,1,363d,00,00,01,0,01,00,05,09,0,0,0,0,0,0,0,0000,0000,0000,01
1191,1191,0,1,363e,00,00,01,0,01,00,05,09,0,0,0,0,0,0,0,0000,0000,0000,01
1192,1192,0,1,363f,00,00,01,0,01,00,05,09,0,0,0,0,0,0,0,0000,0000,0000,01
1193,1193,0,1,3640,00,00,01,0,01,00,05,09,0,0,0,0,0,0,0,0000,0000,0000,01
1194,1194,0,1,3641,00,00,01,0,01,00,05,09,0,0,0,0,0,0,0,0000,0000,0000,01
1195,1195,0,1,3642,00,00,01,0,01,00,05,09,0,0,0,0,0,0,0,0000,0000,0000,01
1196,1196,0,1,3643,00,00,01,0,01,00,05,09,0,0,0,0,0,0,0,0000,0000,0000,01
1197,1197,0,1,3644,00,00,01,0,01,00,05,09,0,0,0,0,0,0,0,0000,0000,0000,01
1198,1198,0,1,3645,00,00,01,0,01,00,05,09,0,0,0,0,0,0,0,0000,0000,0000,01
1199,1199,0,1,3646,00,00,01,0,01,00,05,09,0,0,0,0,0,0,0,0000,0000,0000,01
1200,1200,0,1,3647,00,00,01,0,01,00,05,09,0,0,0,0,0,0,0,0000,0000,0000,01
1201,1201,0,1,3648,00,00,01,0,01,00,05,09,0,0,0,0,0,0,0,0000,0000,0000,01
1202,1202,0,1,3649,00,00,01,0,01,00,05,09,0,0,0,0,0,0,0,0000,0000,0000,01
1203,1203,0,1,364a,00,00,01,0,01,00,05,09,0,0,0,0,0,0,0,0000,0000,0000,01
1204,1204,0,1,364b,00,00,01,0,01,00,05,09,0,0,0,0,0,0,0,0000,0000,0000,01
1205,1205,0,1,364c,00,00,01,0,01,00,05,09,0,0,0,0,0,0,0,0000,0000,0000,01
1206,1206,0,1,364d,00,00,01,0,01,00,05,09,0,0,0,0,0,0,0,0000,0000,0000,01
1207,1207,0,1,364e,00,00,01,0,01,00,05,09,0,0,0,0,0,0,0,0000,0000,0000,01
1208,1208,0,1,364f,00,00,01,0,01,00,05,09,0,0,0,0,0,0,0,0000,0000,0000,01
1209,1209,0,1,3650,00,00,01,0,01,00,05,09,0,0,0,0,0,0,0,0000,0000,0000,01
1210,1210,0,1,3651,00,00,01,0,01,00,05,09,0,0,0,0,0,0,0,0000,0000,0000,01
1211,1211,0,1,3652,00,00,01,0,01,00,05,09,0,0,0,0,0,0,0,0000,0000,0000,01
1212,1212,0,1,3653,00,00,01,0,01,00,05,09,0,0,0,0,0,0,0,0000,0000,0000,01
1213,1213,0,1,3654,00,00,01,0,01,00,05,09,0,0,0,0,0,0,0,0000,0000,0000,01
1214,1214,0,1,3655,00,00,01,0,01,00,05,09,0,0,0,0,0,0,0,0000,0000,0000,01
1215,1215,0,1,3656,00,00,01,0,01,00,05,09,0,0,0,0,0,0,0,0000,0000,0000,01
1216,1216,0,1,3657,00,00,01,0,01,00,05,09,0,0,0,0,0,0,0,0000,0000,0000,01
1217,1217,0,1,3658,00,00,01,0,01,00,05,09,0,0,0,0,0,0,0,0000,0000,0000,01
1218,1218,0,1,3659,00,00,01,0,01,00,05,09,0,0,0,0,0,0,0,0000,0000,0000,01
1219,1219,0,1,365a,00,00,01,0,01,00,05,09,0,0,0,0,0,0,0,0000,0000,0000,01
1220,1220,0,1,365b,00,00,01,0,01,00,05,09,0,0,0,0,0,0,0,0000,0000,0000,01
1221,1221,0,1,365c,00,00,01,0,01,00,05,09,0,0,0,0,0,0,0,0000,0000,0000,01
1222,1222,0,1,365d,00,00,01,0,01,00,05,09,0,0,0,0,0,0,0,0000,0000,0000,01
1223,1223,0,1,365e,00,00,01,0,01,00,05,09,0,0,0,0,0,0,0,0000,0000,0000,01
1224,1224,0,1,365f,00,00,01,0,01,00,05,09,0,0,0,0,0,0,0,0000,0000,0000,01
1225,1225,0,1,3660,00,00,01,0,01,00,05,09,0,0,0,0,0,0,0,0000,0000,0000,01
1226,1226,0,1,3661,00,00,01,0,01,00,05,09,0,0,0,0,0,0,0,0000,0000,0000,01
1227,1227,0,1,3662,00,00,01,0,01,00,05,09,0,0,0,0,0,0,0,0000,0000,0000,01
1228,1228,0,1,3663,00,00,01,0,01,00,05,09,0,0,0,0,0,0,0,0000,0000,0000,01
1229,1229,0,1,3664,00,00,01,0,01,00,05,09,0,0,0,0,0,0,0,0000,0000,0000,01
1230,1230,0,1,3665,00,00,01,0,01,00,05,09,0,0,0,0,0,0,0,0000,0000,0000,01
1231,1231,0,1,3666,00,00,01,0,01,00,05,09,0,0,0,0,0,0,0,0000,0000,0000,01
1232,1232,0,1,3667,00,00,01,0,01,00,05,09,0,0,0,0,0,0,0,0000,0000,0000,01
1233,1233,0,1,3668,00,00,01,0,01,00,05,09,0,0,0,0,0,0,0,0000,0000,0000,01
1234,1234,0,1,3669,00,00,01,0,01,00,05,09,0,0,0,0,0,0,0,0000,0000,0000,01
1235,1235,0,1,366a,00,00,01,0,01,00,05,09,0,0,0,0,0,0,0,0000,0000,0000,01
1236,1236,0,1,366b,00,00,01,0,01,00,05,09,0,0,0,0,0,0,0,0000,0000,0000,01
1237,1237,0,1,366c,00,00,01,0,01,00,05,09,0,0,0,0,0,0,0,0000,0000,0000,01
1238,1238,0,1,366d,00,00,01,0,01,00,05,09,0,0,0,0,0,0,0,0000,0000,0000,01
1239,1239,0,1,366e,00,00,01,0,01,00,05,09,0,0,0,0,0,0,0,0000,0000,0000,01
1240,1240,0,1,366f,00,00,01,0,01,00,05,09,0,0,0,0,0,0,0,0000,0000,0000,01
1241,1241,0,1,3670,00,00,01,0,01,00,05,09,0,0,0,0,0,0,0,0000,0000,0000,01
1242,1242,0,1,3671,00,00,01,0,01,00,05,09,0,0,0,0,0,0,0,0000,0000,0000,01
1243,1243,0,1,3672,00,00,01,0,01,00,05,09,0,0,0,0,0,0,0,0000,0000,0000,01
1244,1244,0,1,3673,00,00,01,0,01,00,05,09,0,0,0,0,0,0,0,0000,0000,0000,01
1245,1245,0,1,3674,00,00,01,0,01,00,05,09,0,0,0,0,0,0,0,0000,0000,0000,01
1246,1246,0,1,3675,00,00,01,0,01,00,05,09,0,0,0,0,0,0,0,0000,0000,0000,01
1247,1247,0,1,3676,00,00,01,0,01,00,05,09,0,0,0,0,0,0,0,0000,0000,0000,01
1248,1248,0,1,3677,00,00,01,0,01,00,05,09,0,0,0,0,0,0,0,0000,0000,0000,01
1249,1249,0,1,3678,00,00,01,0,01,00,05,09,0,0,0,0,0,0,0,0000,0000,0000,01
1250,1250,0,1,3679,00,00,01,0,01,00,05,09,0,0,0,0,0,0,0,0000,0000,0000,01
1251,1251,0,1,367a,00,00,01,0,01,00,05,09,0,0,0,0,0,0,0,0000,0000,0000,01
1252,1252,0,1,367b,00,00,01,0,01,00,05,09,0,0,0,0,0,0,0,0000,0000,0000,01
1253,1253,0,1,367c,00,00,01,0,01,00,05,09,0,0,0,0,0,0,0,0000,0000,0000,01
1254,1254,0,1,367d,00,00,01,0,01,00,05,09,0,0,0,0,0,0,0,0000,0000,0000,01
1255,1255,0,1,367e,00,00,01,0,01,00,05,09,0,0,0,0,0,0,0,0000,0000,0000,01
1256,1256,0,1,367f,00,00,01,0,01,00,05,09,0,0,0,0,0,0,0,0000,0000,0000,01
1257,1257,0,1,3680,00,00,01,0,01,00,05,09,0,0,0,0,0,0,0,0000,0000,0000,01
1258,1258,0,1,3681,00,00,01,0,01,00,05,09,0,0,0,0,0,0,0,0000,0000,0000,01
1259,1259,0,1,3682,00,00,01,0,01,00,05,09,0,0,0,0,0,0,0,0000,0000,0000,01
1260,1260,0,1,3683,00,00,01,0,01,00,05,09,0,0,0,0,0,0,0,0000,0000,0000,01
1261,1261,0,1,3684,00,00,01,0,01,00,05,09,0,0,0,0,0,0,0,0000,0000,0000,01
1262,1262,0,1,3685,00,00,01,0,01,00,05,09,0,0,0,0,0,0,0,0000,0000,0000,01
1263,1263,0,1,3686,00,00,01,0,01,00,05,09,0,0,0,0,0,0,0,0000,0000,0000,01
1264,1264,0,1,3687,00,00,01,0,01,00,05,09,0,0,0,0,0,0,0,0000,0000,0000,01
1265,1265,0,1,3688,00,00,01,0,01,00,05,09,0,0,0,0,0,0,0,0000,0000,0000,01
1266,1266,0,1,3689,00,00,01,0,01,00,05,09,0,0,0,0,0,0,0,0000,0000,0000,01
1267,1267,0,1,368a,00,00,01,0,01,00,05,09,0,0,0,0,0,0,0,0000,0000,0000,01
1268,1268,0,1,368b,00,00,01,0,01,00,05,09,0,0,0,0,0,0,0,0000,0000,0000,01
1269,1269,0,1,368c,00,00,01,0,01,00,05,09,0,0,0,0,0,0,0,0000,0000,0000,01
1270,1270,0,1,368d,00,00,01,0,01,00,05,09,0,0,0,0,0,0,0,0000,0000,0000,01
1271,1271,0,1,368e,00,00,01,0,01,00,05,09,0,0,0,0,0,0,0,0000,0000,0000,01
1272,1272,0,1,368f,00,00,01,0,01,00,05,09,0,0,0,0,0,0,0,0000,0000,0000,01
1273,1273,0,1,3690,00,00,01,0,01,00,05,09,0,0,0,0,0,0,0,0000,0000,0000,01
1274,1274,0,1,3691,00,00,01,0,01,00,05,09,0,0,0,0,0,0,0,0000,0000,0000,01
1275,1275,0,1,3692,00,00,01,0,01,00,05,09,0,0,0,0,0,0,0,0000,0000,0000,01
1276,1276,0,1,3693,00,00,01,0,01,00,05,09,0,0,0,0,0,0,0,0000,0000,0000,01
1277,1277,0,1,3694,00,00,01,0,01,00,05,09,0,0,0,0,0,0,0,0000,0000,0000,01
1278,1278,0,1,3695,00,00,01,0,01,00,05,09,0,0,0,0,0,0,0,0000,0000,0000,01
1279,1279,0,1,3696,00,00,01,0,01,00,05,09,0,0,0,0,0,0,0,0000,0000,0000,01
1280,1280,0,1,3697,00,00,01,0,01,00,05,09,0,0,0,0,0,0,0,0000,0000,0000,01
1281,1281,0,1,3698,00,00,01,0,01,00,05,09,0,0,0,0,0,0,0,0000,0000,0000,01
1282,1282,0,1,3699,00,00,01,0,01,00,05,09,0,0,0,0,0,0,0,0000,0000,0000,01
1283,1283,0,1,369a,00,00,01,0,01,00,05,09,0,0,0,0,0,0,0,0000,0000,0000,01
1284,1284,0,1,369b,00,00,01,0,01,00,05,09,0,0,0,0,0,0,0,0000,0000,0000,01
1285,1285,0,1,369c,00,00,01,0,01,00,05,09,0,0,0,0,0,0,0,0000,0000,0000,01
1286,1286,0,1,369d,00,00,01,0,01,00,05,09,0,0,0,0,0,0,0,0000,0000,0000,01
1287,1287,0,1,369e,00,00,01,0,01,00,05,09,0,0,0,0,0,0,0,0000,0000,0000,01
1288,1288,0,1,369f,00,00,01,0,01,00,05,09,0,0,0,0,0,0,0,0000,0000,0000,01
1289,1289,0,1,36a0,00,00,01,0,01,00,05,09,0,0,0,0,0,0,0,0000,0000,0000,01
1290,1290,0,1,36a1,00,00,01,0,01,00,05,09,0,0,0,0,0,0,0,0000,0000,0000,01
1291,1291,0,1,36a2,00,00,01,0,01,00,05,09,0,0,0,0,0,0,0,0000,0000,0000,01
1292,1292,0,1,36a3,00,00,01,0,01,00,05,09,0,0,0,0,0,0,0,0000,0000,0000,01
1293,1293,0,1,36a4,00,00,01,0,01,00,05,09,0,0,0,0,0,0,0,0000,0000,0000,01
1294,1294,0,1,36a5,00,00,01,0,01,00,05,09,0,0,0,0,0,0,0,0000,0000,0000,01
1295,1295,0,1,36a6,00,00,01,0,01,00,05,09,0,0,0,0,0,0,0,0000,0000,0000,01
1296,1296,0,1,36a7,00,00,01,0,01,00,05,09,0,0,0,0,0,0,0,0000,0000,0000,01
1297,1297,0,1,36a8,00,00,01,0,01,00,05,09,0,0,0,0,0,0,0,0000,0000,0000,01
1298,1298,0,1,36a9,00,00,01,0,01,00,05,09,0,0,0,0,0,0,0,0000,0000,0000,01
1299,1299,0,1,36aa,00,00,01,0,01,00,05,09,0,0,0,0,0,0,0,0000,0000,0000,01
1300,1300,0,1,36ab,00,00,01,0,01,00,05,09,0,0,0,0,0,0,0,0000,0000,0000,01
1301,1301,0,1,36ac,00,00,01,0,01,00,05,09,0,0,0,0,0,0,0,0000,0000,0000,01
1302,1302,0,1,36ad,00,00,01,0,01,00,05,09,0,0,0,0,0,0,0,0000,0000,0000,01
1303,1303,0,1,36ae,00,00,01,0,01,00,05,09,0,0,0,0,0,0,0,0000,0000,0000,01
1304,1304,0,1,36af,00,00,01,0,01,00,05,09,0,0,0,0,0,0,0,0000,0000,0000,01
1305,1305,0,1,36b0,00,00,01,0,01,00,05,09,0,0,0,0,0,0,0,0000,0000,0000,01
1306,1306,0,1,36b1,00,00,01,0,01,00,05,09,0,0,0,0,0,0,0,0000,0000,0000,01
1307,1307,0,1,36b2,00,00,01,0,01,00,05,09,0,0,0,0,0,0,0,0000,0000,0000,01
1308,1308,0,1,36b3,00,00,01,0,01,00,05,09,0,0,0,0,0,0,0,0000,0000,0000,01
1309,1309,0,1,36b4,00,00,01,0,01,00,05,09,0,0,0,0,0,0,0,0000,0000,0000,01
1310,1310,0,1,36b5,00,00,01,0,01,00,05,09,0,0,0,0,0,0,0,0000,0000,0000,01
1311,1311,0,1,36b6,00,00,01,0,01,00,05,09,0,0,0,0,0,0,0,0000,0000,0000,01
1312,1312,0,1,36b7,00,00,01,0,01,00,05,09,0,0,0,0,0,0,0,0000,0000,0000,01
1313,1313,0,1,36b8,00,00,01,0,01,00,05,09,0,0,0,0,0,0,0,0000,0000,0000,01
1314,1314,0,1,36b9,00,00,01,0,01,00,05,09,0,0,0,0,0,0,0,0000,0000,0000,01
1315,1315,0,1,36ba,00,00,01,0,01,00,05,09,0,0,0,0,0,0,0,0000,0000,0000,01
1316,1316,0,1,36bb,00,00,01,0,01,00,05,09,0,0,0,0,0,0,0,0000,0000,0000,01
1317,1317,0,1,36bc,00,00,01,0,01,00,05,09,0,0,0,0,0,0,0,0000,0000,0000,01
1318,1318,0,1,36bd,00,00,01,0,01,00,05,09,0,0,0,0,0,0,0,0000,0000,0000,01
1319,1319,0,1,36be,00,00,01,0,01,00,05,09,0,0,0,0,0,0,0,0000,0000,0000,01
1320,1320,0,1,36bf,00,00,01,0,01,00,05,09,0,0,0,0,0,0,0,0000,0000,0000,01
1321,1321,0,1,36c0,00,00,01,0,01,00,05,09,0,0,0,0,0,0,0,0000,0000,0000,01
1322,1322,0,1,36c1,00,00,01,0,01,00,05,09,0,0,0,0,0,0,0,0000,0000,0000,01
1323,1323,0,1,36c2,00,00,01,0,01,00,05,09,0,0,0,0,0,0,0,0000,0000,0000,01
1324,1324,0,1,36c3,00,00,01,0,01,00,05,09,0,0,0,0,0,0,0,0000,0000,0000,01
1325,1325,0,1,36c4,00,00,01,0,01,00,05,09,0,0,0,0,0,0,0,0000,0000,0000,01
1326,1326,0,1,36c5,00,00,01,0,01,00,05,09,0,0,0,0,0,0,0,0000,0000,0000,01
1327,1327,0,1,36c6,00,00,01,0,01,00,05,09,0,0,0,0,0,0,0,0000,0000,0000,01
1328,1328,0,1,36c7,00,00,01,0,01,00,05,09,0,0,0,0,0,0,0,0000,0000,0000,01
1329,1329,0,1,36c8,00,00,01,0,01,00,05,09,0,0,0,0,0,0,0,0000,0000,0000,01
1330,1330,0,1,36c9,00,00,01,0,01,00,05,09,0,0,0,0,0,0,0,0000,0000,0000,01
1331,1331,0,1,36ca,00,00,01,0,01,00,05,09,0,0,0,0,0,0,0,0000,0000,0000,01
1332,1332,0,1,36cb,00,00,01,0,01,00,05,09,0,0,0,0,0,0,0,0000,0000,0000,01
1333,1333,0,1,36cc,00,00,01,0,01,00,05,09,0,0,0,0,0,0,0,0000,0000,0000,01
1334,1334,0,1,36cd,00,00,01,0,01,00,05,09,0,0,0,0,0,0,0,0000,0000,0000,01
1335,1335,0,1,36ce,00,00,01,0,01,00,05,09,0,0,0,0,0,0,0,0000,0000,0000,01
1336,1336,0,1,36cf,00,00,01,0,01,00,05,09,0,0,0,0,0,0,0,0000,0000,0000,01
1337,1337,0,1,36d0,00,00,01,0,01,00,05,09,0,0,0,0,0,0,0,0000,0000,0000,01
1338,1338,0,1,36d1,00,00,01,0,01,00,05,09,0,0,0,0,0,0,0,0000,0000,0000,01
1339,1339,0,1,36d2,00,00,01,0,01,00,05,09,0,0,0,0,0,0,0,0000,0000,0000,01
1340,1340,0,1,36d3,00,00,01,0,01,00,05,09,0,0,0,0,0,0,0,0000,0000,0000,01
1341,1341,0,1,36d4,00,00,01,0,01,00,05,09,0,0,0,0,0,0,0,0000,0000,0000,01
1342,1342,0,1,36d5,00,00,01,0,01,00,05,09,0,0,0,0,0,0,0,0000,0000,0000,01
1343,1343,0,1,36d6,00,00,01,0,01,00,05,09,0,0,0,0,0,0,0,0000,0000,0000,01
1344,1344,0,1,36d7,00,00,01,0,01,00,05,09,0,0,0,0,0,0,0,0000,0000,0000,01
1345,1345,0,1,36d8,00,00,01,0,01,00,05,09,0,0,0,0,0,0,0,0000,0000,0000,01
1346,1346,0,1,36d9,00,00,01,0,01,00,05,09,0,0,0,0,0,0,0,0000,0000,0000,01
1347,1347,0,1,36da,00,00,01,0,01,00,05,09,0,0,0,0,0,0,0,0000,0000,0000,01
1348,1348,0,1,36db,00,00,01,0,01,00,05,09,0,0,0,0,0,0,0,0000,0000,0000,01
1349,1349,0,1,36dc,00,00,01,0,01,00,05,09,0,0,0,0,0,0,0,0000,0000,0000,01
1350,1350,0,1,36dd,00,00,01,0,01,00,05,09,0,0,0,0,0,0,0,0000,0000,0000,01
1351,1351,0,1,36de,00,00,01,0,01,00,05,09,0,0,0,0,0,0,0,0000,0000,0000,01
1352,1352,0,1,36df,00,00,01,0,01,00,05,09,0,0,0,0,0,0,0,0000,0000,0000,01
1353,1353,0,1,36e0,00,00,01,0,01,00,05,09,0,0,0,0,0,0,0,0000,0000,0000,01
1354,1354,0,1,36e1,00,00,01,0,01,00,05,09,0,0,0,0,0,0,0,0000,0000,0000,01
1355,1355,0,1,36e2,00,00,01,0,01,00,05,09,0,0,0,0,0,0,0,0000,0000,0000,01
1356,1356,0,1,36e3,00,00,01,0,01,00,05,09,0,0,0,0,0,0,0,0000,0000,0000,01
1357,1357,0,1,36e4,00,00,01,0,01,00,05,09,0,0,0,0,0,0,0,0000,0000,0000,01
1358,1358,0,1,36e5,00,00,01,0,01,00,05,09,0,0,0,0,0,0,0,0000,0000,0000,01
1359,1359,0,1,36e6,00,00,01,0,01,00,05,09,0,0,0,0,0,0,0,0000,0000,0000,01
1360,1360,0,1,36e7,00,00,01,0,01,00,05,09,0,0,0,0,0,0,0,0000,0000,0000,01
1361,1361,0,1,36e8,00,00,01,0,01,00,05,09,0,0,0,0,0,0,0,0000,0000,0000,01
1362,1362,0,1,36e9,00,00,01,0,01,00,05,09,0,0,0,0,0,0,0,0000,0000,0000,01
1363,1363,0,1,36ea,00,00,01,0,01,00,05,09,0,0,0,0,0,0,0,0000,0000,0000,01
1364,1364,0,1,36eb,00,00,01,0,01,00,05,09,0,0,0,0,0,0,0,0000,0000,0000,01
1365,1365,0,1,36ec,00,00,01,0,01,00,05,09,0,0,0,0,0,0,0,0000,0000,0000,01
1366,1366,0,1,36ed,00,00,01,0,01,00,05,09,0,0,0,0,0,0,0,0000,0000,0000,01
1367,1367,0,1,36ee,00,00,01,0,01,00,05,09,0,0,0,0,0,0,0,0000,0000,0000,01
1368,1368,0,1,36ef,00,00,01,0,01,00,05,09,0,0,0,0,0,0,0,0000,0000,0000,01
1369,1369,0,1,36f0,00,00,01,0,01,00,05,09,0,0,0,0,0,0,0,0000,0000,0000,01
1370,1370,0,1,36f1,00,00,01,0,01,00,05,09,0,0,0,0,0,0,0,0000,0000,0000,01
1371,1371,0,1,36f2,00,00,01,0,01,00,05,09,0,0,0,0,0,0,0,0000,0000,0000,01
1372,1372,0,1,36f3,00,00,01,0,01,00,05,09,0,0,0,0,0,0,0,0000,0000,0000,01
1373,1373,0,1,36f4,00,00,01,0,01,00,05,09,0,0,0,0,0,0,0,0000,0000,0000,01
1374,1374,0,1,36f5,00,00,01,0,01,00,05,09,0,0,0,0,0,0,0,0000,0000,0000,01
1375,1375,0,1,36f6,00,00,01,0,01,00,05,09,0,0,0,0,0,0,0,0000,0000,0000,01
1376,1376,0,1,36f7,00,00,01,0,01,00,05,09,0,0,0,0,0,0,0,0000,0000,0000,01
1377,1377,0,1,36f8,00,00,01,0,01,00,05,09,0,0,0,0,0,0,0,0000,0000,0000,01
1378,1378,0,1,36f9,00,00,01,0,01,00,05,09,0,0,0,0,0,0,0,0000,0000,0000,01
1379,1379,0,1,36fa,00,00,01,0,01,00,05,09,0,0,0,0,0,0,0,0000,0000,0000,01
1380,1380,0,1,36fb,00,00,01,0,01,00,05,09,0,0,0,0,0,0,0,0000,0000,0000,01
1381,1381,0,1,36fc,00,00,01,0,01,00,05,09,0,0,0,0,0,0,0,0000,0000,0000,01
1382,1382,0,1,36fd,00,00,01,0,01,00,05,09,0,0,0,0,0,0,0,0000,0000,0000,01
1383,1383,0,1,36fe,00,00,01,0,01,00,05,09,0,0,0,0,0,0,0,0000,0000,0000,01
1384,1384,0,1,36ff,00,00,01,0,01,00,05,09,0,0,0,0,0,0,0,0000,0000,0000,01
1385,1385,0,1,3700,00,00,01,0,01,00,05,09,0,0,0,0,0,0,0,0000,0000,0000,01
1386,1386,0,1,3701,00,00,01,0,01,00,05,09,0,0,0,0,0,0,0,0000,0000,0000,01
1387,1387,0,1,3702,00,00,01,0,01,00,05,09,0,0,0,0,0,0,0,0000,0000,0000,01
1388,1388,0,1,3703,00,00,01,0,01,00,05,09,0,0,0,0,0,0,0,0000,0000,0000,01
1389,1389,0,1,3704,00,00,01,0,01,00,05,09,0,0,0,0,0,0,0,0000,0000,0000,01
1390,1390,0,1,3705,00,00,01,0,01,00,05,09,0,0,0,0,0,0,0,0000,0000,0000,01
1391,1391,0,1,3706,00,00,01,0,01,00,05,09,0,0,0,0,0,0,0,0000,0000,0000,01
1392,1392,0,1,3707,00,00,01,0,01,00,05,09,0,0,0,0,0,0,0,0000,0000,0000,01
1393,1393,0,1,3708,00,00,01,0,01,00,05,09,0,0,0,0,0,0,0,0000,0000,0000,01
1394,1394,0,1,3709,00,00,01,0,01,00,05,09,0,0,0,0,0,0,0,0000,0000,0000,01
1395,1395,0,1,370a,00,00,01,0,01,00,05,09,0,0,0,0,0,0,0,0000,0000,0000,01
1396,1396,0,1,370b,00,00,01,0,01,00,05,09,0,0,0,0,0,0,0,0000,0000,0000,01
1397,1397,0,1,370c,00,00,01,0,01,00,05,09,0,0,0,0,0,0,0,0000,0000,0000,01
1398,1398,0,1,370d,00,00,01,0,01,00,05,09,0,0,0,0,0,0,0,0000,0000,0000,01
1399,1399,0,1,370e,00,00,01,0,01,00,05,09,0,0,0,0,0,0,0,0000,0000,0000,01
1400,1400,0,1,370f,00,00,01,0,01,00,05,09,0,0,0,0,0,0,0,0000,0000,0000,01
1401,1401,0,1,3710,00,00,01,0,01,00,05,09,0,0,0,0,0,0,0,0000,0000,0000,01
1402,1402,0,1,3711,00,00,01,0,01,00,05,09,0,0,0,0,0,0,0,0000,0000,0000,01
1403,1403,0,1,3712,00,00,01,0,01,00,05,09,0,0,0,0,0,0,0,0000,0000,0000,01
1404,1404,0,1,3713,00,00,01,0,01,00,05,09,0,0,0,0,0,0,0,0000,0000,0000,01
1405,1405,0,1,3714,00,00,01,0,01,00,05,09,0,0,0,0,0,0,0,0000,0000,0000,01
1406,1406,0,1,3715,00,00,01,0,01,00,05,09,0,0,0,0,0,0,0,0000,0000,0000,01
1407,1407,0,1,3716,00,00,01,0,01,00,05,09,0,0,0,0,0,0,0,0000,0000,0000,01
1408,1408,0,1,3717,00,00,01,0,01,00,05,09,0,0,0,0,0,0,0,0000,0000,0000,01
1409,1409,0,1,3718,00,00,01,0,01,00,05,09,0,0,0,0,0,0,0,0000,0000,0000,01
1410,1410,0,1,3719,00,00,01,0,01,00,05,09,0,0,0,0,0,0,0,0000,0000,0000,01
1411,1411,0,1,371a,00,00,01,0,01,00,05,09,0,0,0,0,0,0,0,0000,0000,0000,01
1412,1412,0,1,371b,00,00,01,0,01,00,05,09,0,0,0,0,0,0,0,0000,0000,0000,01
1413,1413,0,1,371c,00,00,01,0,01,00,05,09,0,0,0,0,0,0,0,0000,0000,0000,01
1414,1414,0,1,371d,00,00,01,0,01,00,05,09,0,0,0,0,0,0,0,0000,0000,0000,01
1415,1415,0,1,371e,00,00,01,0,01,00,05,09,0,0,0,0,0,0,0,0000,0000,0000,01
1416,1416,0,1,371f,00,00,01,0,01,00,05,09,0,0,0,0,0,0,0,0000,0000,0000,01
1417,1417,0,1,3720,00,00,01,0,01,00,05,09,0,0,0,0,0,0,0,0000,0000,0000,01
1418,1418,0,1,3721,00,00,01,0,01,00,05,09,0,0,0,0,0,0,0,0000,0000,0000,01
1419,1419,0,1,3722,00,00,01,0,01,00,05,09,0,0,0,0,0,0,0,0000,0000,0000,01
1420,1420,0,1,3723,00,00,01,0,01,00,05,09,0,0,0,0,0,0,0,0000,0000,0000,01
1421,1421,0,1,3724,00,00,01,0,01,00,05,09,0,0,0,0,0,0,0,0000,0000,0000,01
1422,1422,0,1,3725,00,00,01,0,01,00,05,09,0,0,0,0,0,0,0,0000,0000,0000,01
1423,1423,0,1,3726,00,00,01,0,01,00,05,09,0,0,0,0,0,0,0,0000,0000,0000,01
1424,1424,0,1,3727,00,00,01,0,01,00,05,09,0,0,0,0,0,0,0,0000,0000,0000,01
1425,1425,0,1,3728,00,00,01,0,01,00,05,09,0,0,0,0,0,0,0,0000,0000,0000,01
1426,1426,0,1,3729,00,00,01,0,01,00,05,09,0,0,0,0,0,0,0,0000,0000,0000,01
1427,1427,0,1,372a,00,00,01,0,01,00,05,09,0,0,0,0,0,0,0,0000,0000,0000,01
1428,1428,0,1,372b,00,00,01,0,01,00,05,09,0,0,0,0,0,0,0,0000,0000,0000,01
1429,1429,0,1,372c,00,00,01,0,01,00,05,09,0,0,0,0,0,0,0,0000,0000,0000,01
1430,1430,0,1,372d,00,00,01,0,01,00,05,09,0,0,0,0,0,0,0,0000,0000,0000,01
1431,1431,0,1,372e,00,00,01,0,01,00,05,09,0,0,0,0,0,0,0,0000,0000,0000,01
1432,1432,0,1,372f,00,00,01,0,01,00,05,09,0,0,0,0,0,0,0,0000,0000,0000,01
1433,1433,0,1,3730,00,00,01,0,01,00,05,09,0,0,0,0,0,0,0,0000,0000,0000,01
1434,1434,0,1,3731,00,00,01,0,01,00,05,09,0,0,0,0,0,0,0,0000,0000,0000,01
1435,1435,0,1,3732,00,00,01,0,01,00,05,09,0,0,0,0,0,0,0,0000,0000,0000,01
1436,1436,0,1,3733,00,00,01,0,01,00,05,09,0,0,0,0,0,0,0,0000,0000,0000,01
1437,1437,0,1,3734,00,00,01,0,01,00,05,09,0,0,0,0,0,0,0,0000,0000,0000,01
1438,1438,0,1,3735,00,00,01,0,01,00,05,09,0,0,0,0,0,0,0,0000,0000,0000,01
1439,1439,0,1,3736,00,00,01,0,01,00,05,09,0,0,0,0,0,0,0,0000,0000,0000,01
1440,1440,0,1,3737,00,00,01,0,01,00,05,09,0,0,0,0,0,0,0,0000,0000,0000,01
1441,1441,0,1,3738,00,00,01,0,01,00,05,09,0,0,0,0,0,0,0,0000,0000,0000,01
1442,1442,0,1,3739,00,00,01,0,01,00,05,09,0,0,0,0,0,0,0,0000,0000,0000,01
1443,1443,0,1,373a,00,00,01,0,01,00,05,09,0,0,0,0,0,0,0,0000,0000,0000,01
1444,1444,0,1,373b,00,00,01,0,01,00,05,09,0,0,0,0,0,0,0,0000,0000,0000,01
1445,1445,0,1,373c,00,00,01,0,01,00,05,09,0,0,0,0,0,0,0,0000,0000,0000,01
1446,1446,0,1,373d,00,00,01,0,01,00,05,09,0,0,0,0,0,0,0,0000,0000,0000,01
1447,1447,0,1,373e,00,00,01,0,01,00,05,09,0,0,0,0,0,0,0,0000,0000,0000,01
1448,1448,0,1,373f,00,00,01,0,01,00,05,09,0,0,0,0,0,0,0,0000,0000,0000,01
1449,1449,0,1,3740,00,00,01,0,01,00,05,09,0,0,0,0,0,0,0,0000,0000,0000,01
1450,1450,0,1,3741,00,00,01,0,01,00,05,09,0,0,0,0,0,0,0,0000,0000,0000,01
1451,1451,0,1,3742,00,00,01,0,01,00,05,09,0,0,0,0,0,0,0,0000,0000,0000,01
1452,1452,0,1,3743,00,00,01,0,01,00,05,09,0,0,0,0,0,0,0,0000,0000,0000,01
1453,1453,0,1,3744,00,00,01,0,01,00,05,09,0,0,0,0,0,0,0,0000,0000,0000,01
1454,1454,0,1,3745,00,00,01,0,01,00,05,09,0,0,0,0,0,0,0,0000,0000,0000,01
1455,1455,0,1,3746,00,00,01,0,01,00,05,09,0,0,0,0,0,0,0,0000,0000,0000,01
1456,1456,0,1,3747,00,00,01,0,01,00,05,09,0,0,0,0,0,0,0,0000,0000,0000,01
1457,1457,0,1,3748,00,00,01,0,01,00,05,09,0,0,0,0,0,0,0,0000,0000,0000,01
1458,1458,0,1,3749,00,00,01,0,01,00,05,09,0,0,0,0,0,0,0,0000,0000,0000,01
1459,1459,0,1,374a,00,00,01,0,01,00,05,09,0,0,0,0,0,0,0,0000,0000,0000,01
1460,1460,0,1,374b,00,00,01,0,01,00,05,09,0,0,0,0,0,0,0,0000,0000,0000,01
1461,1461,0,1,374c,00,00,01,0,01,00,05,09,0,0,0,0,0,0,0,0000,0000,0000,01
1462,1462,0,1,374d,00,00,01,0,01,00,05,09,0,0,0,0,0,0,0,0000,0000,0000,01
1463,1463,0,1,374e,00,00,01,0,01,00,05,09,0,0,0,0,0,0,0,0000,0000,0000,01
1464,1464,0,1,374f,00,00,01,0,01,00,05,09,0,0,0,0,0,0,0,0000,0000,0000,01
1465,1465,0,1,3750,00,00,01,0,01,00,05,09,0,0,0,0,0,0,0,0000,0000,0000,01
1466,1466,0,1,3751,00,00,01,0,01,00,05,09,0,0,0,0,0,0,0,0000,0000,0000,01
1467,1467,0,1,3752,00,00,01,0,01,00,05,09,0,0,0,0,0,0,0,0000,0000,0000,01
1468,1468,0,1,3753,00,00,01,0,01,00,05,09,0,0,0,0,0,0,0,0000,0000,0000,01
1469,1469,0,1,3754,00,00,01,0,01,00,05,09,0,0,0,0,0,0,0,0000,0000,0000,01
1470,1470,0,1,3755,00,00,01,0,01,00,05,09,0,0,0,0,0,0,0,0000,0000,0000,01
1471,1471,0,1,3756,00,00,01,0,01,00,05,09,0,0,0,0,0,0,0,0000,0000,0000,01
1472,1472,0,1,3757,00,00,01,0,01,00,05,09,0,0,0,0,0,0,0,0000,0000,0000,01
1473,1473,0,1,3758,00,00,01,0,01,00,05,09,0,0,0,0,0,0,0,0000,0000,0000,01
1474,1474,0,1,3759,00,00,01,0,01,00,05,09,0,0,0,0,0,0,0,0000,0000,0000,01
1475,1475,0,1,375a,00,00,01,0,01,00,05,09,0,0,0,0,0,0,0,0000,0000,0000,01
1476,1476,0,1,375b,00,00,01,0,01,00,05,09,0,0,0,0,0,0,0,0000,0000,0000,01
1477,1477,0,1,375c,00,00,01,0,01,00,05,09,0,0,0,0,0,0,0,0000,0000,0000,01
1478,1478,0,1,375d,00,00,01,0,01,00,05,09,0,0,0,0,0,0,0,0000,0000,0000,01
1479,1479,0,1,375e,00,00,01,0,01,00,05,09,0,0,0,0,0,0,0,0000,0000,0000,01
1480,1480,0,1,375f,00,00,01,0,01,00,05,09,0,0,0,0,0,0,0,0000,0000,0000,01
1481,1481,0,1,3760,00,00,01,0,01,00,05,09,0,0,0,0,0,0,0,0000,0000,0000,01
1482,1482,0,1,3761,00,00,01,0,01,00,05,09,0,0,0,0,0,0,0,0000,0000,0000,01
1483,1483,0,1,3762,00,00,01,0,01,00,05,09,0,0,0,0,0,0,0,0000,0000,0000,01
1484,1484,0,1,3763,00,00,01,0,01,00,05,09,0,0,0,0,0,0,0,0000,0000,0000,01
1485,1485,0,1,3764,00,00,01,0,01,00,05,09,0,0,0,0,0,0,0,0000,0000,0000,01
1486,1486,0,1,3765,00,00,01,0,01,00,05,09,0,0,0,0,0,0,0,0000,0000,0000,01
1487,1487,0,1,3766,00,00,01,0,01,00,05,09,0,0,0,0,0,0,0,0000,0000,0000,01
1488,1488,0,1,3767,00,00,01,0,01,00,05,09,0,0,0,0,0,0,0,0000,0000,0000,01
1489,1489,0,1,3768,00,00,01,0,01,00,05,09,0,0,0,0,0,0,0,0000,0000,0000,01
1490,1490,0,1,3769,00,00,01,0,01,00,05,09,0,0,0,0,0,0,0,0000,0000,0000,01
1491,1491,0,1,376a,00,00,01,0,01,00,05,09,0,0,0,0,0,0,0,0000,0000,0000,01
1492,1492,0,1,376b,00,00,01,0,01,00,05,09,0,0,0,0,0,0,0,0000,0000,0000,01
1493,1493,0,1,376c,00,00,01,0,01,00,05,09,0,0,0,0,0,0,0,0000,0000,0000,01
1494,1494,0,1,376d,00,00,01,0,01,00,05,09,0,0,0,0,0,0,0,0000,0000,0000,01
1495,1495,0,1,376e,00,00,01,0,01,00,05,09,0,0,0,0,0,0,0,0000,0000,0000,01
1496,1496,0,1,376f,00,00,01,0,01,00,05,09,0,0,0,0,0,0,0,0000,0000,0000,01
1497,1497,0,1,3770,00,00,01,0,01,00,05,09,0,0,0,0,0,0,0,0000,0000,0000,01
1498,1498,0,1,3771,00,00,01,0,01,00,05,09,0,0,0,0,0,0,0,0000,0000,0000,01
1499,1499,0,1,3772,00,00,01,0,01,00,05,09,0,0,0,0,0,0,0,0000,0000,0000,01
1500,1500,0,1,3773,00,00,01,0,01,00,05,09,0,0,0,0,0,0,0,0000,0000,0000,01
1501,1501,0,1,3774,00,00,01,0,01,00,05,09,0,0,0,0,0,0,0,0000,0000,0000,01
1502,1502,0,1,3775,00,00,01,0,01,00,05,09,0,0,0,0,0,0,0,0000,0000,0000,01
1503,1503,0,1,3776,00,00,01,0,01,00,05,09,0,0,0,0,0,0,0,0000,0000,0000,01
1504,1504,0,1,3777,00,00,01,0,01,00,05,09,0,0,0,0,0,0,0,0000,0000,0000,01
1505,1505,0,1,3778,00,00,01,0,01,00,05,09,0,0,0,0,0,0,0,0000,0000,0000,01
1506,1506,0,1,3779,00,00,01,0,01,00,05,09,0,0,0,0,0,0,0,0000,0000,0000,01
1507,1507,0,1,377a,00,00,01,0,01,00,05,09,0,0,0,0,0,0,0,0000,0000,0000,01
1508,1508,0,1,377b,00,00,01,0,01,00,05,09,0,0,0,0,0,0,0,0000,0000,0000,01
1509,1509,0,1,377c,00,00,01,0,01,00,05,09,0,0,0,0,0,0,0,0000,0000,0000,01
1510,1510,0,1,377d,00,00,01,0,01,00,05,09,0,0,0,0,0,0,0,0000,0000,0000,01
1511,1511,0,1,377e,00,00,01,0,01,00,05,09,0,0,0,0,0,0,0,0000,0000,0000,01
1512,1512,0,1,377f,00,00,01,0,01,00,05,09,0,0,0,0,0,0,0,0000,0000,0000,01
1513,1513,0,1,3780,00,00,01,0,01,00,05,09,0,0,0,0,0,0,0,0000,0000,0000,01
1514,1514,0,1,3781,00,00,01,0,01,00,05,09,0,0,0,0,0,0,0,0000,0000,0000,01
1515,1515,0,1,3782,00,00,01,0,01,00,05,09,0,0,0,0,0,0,0,0000,0000,0000,01
1516,1516,0,1,3783,00,00,01,0,01,00,05,09,0,0,0,0,0,0,0,0000,0000,0000,01
1517,1517,0,1,3784,00,00,01,0,01,00,05,09,0,0,0,0,0,0,0,0000,0000,0000,01
1518,1518,0,1,3785,00,00,01,0,01,00,05,09,0,0,0,0,0,0,0,0000,0000,0000,01
1519,1519,0,1,3786,00,00,01,0,01,00,05,09,0,0,0,0,0,0,0,0000,0000,0000,01
1520,1520,0,1,3787,00,00,01,0,01,00,05,09,0,0,0,0,0,0,0,0000,0000,0000,01
1521,1521,0,1,3788,00,00,01,0,01,00,05,09,0,0,0,0,0,0,0,0000,0000,0000,01
1522,1522,0,1,3789,00,00,01,0,01,00,05,09,0,0,0,0,0,0,0,0000,0000,0000,01
1523,1523,0,1,378a,00,00,01,0,01,00,05,09,0,0,0,0,0,0,0,0000,0000,0000,01
1524,1524,0,1,378b,00,00,01,0,01,00,05,09,0,0,0,0,0,0,0,0000,0000,0000,01
1525,1525,0,1,378c,00,00,01,0,01,00,05,09,0,0,0,0,0,0,0,0000,0000,0000,01
1526,1526,0,1,378d,00,00,01,0,01,00,05,09,0,0,0,0,0,0,0,0000,0000,0000,01
1527,1527,0,1,378e,00,00,01,0,01,00,05,09,0,0,0,0,0,0,0,0000,0000,0000,01
1528,1528,0,1,378f,00,00,01,0,01,00,05,09,0,0,0,0,0,0,0,0000,0000,0000,01
1529,1529,0,1,3790,00,00,01,0,01,00,05,09,0,0,0,0,0,0,0,0000,0000,0000,01
1530,1530,0,1,3791,00,00,01,0,01,00,05,09,0,0,0,0,0,0,0,0000,0000,0000,01
1531,1531,0,1,3792,00,00,01,0,01,00,05,09,0,0,0,0,0,0,0,0000,0000,0000,01
1532,1532,0,1,3793,00,00,01,0,01,00,05,09,0,0,0,0,0,0,0,0000,0000,0000,01
1533,1533,0,1,3794,00,00,01,0,01,00,05,09,0,0,0,0,0,0,0,0000,0000,0000,01
1534,1534,0,1,3795,00,00,01,0,01,00,05,09,0,0,0,0,0,0,0,0000,0000,0000,01
1535,1535,0,1,3796,00,00,01,0,01,00,05,09,0,0,0,0,0,0,0,0000,0000,0000,01
1536,1536,0,1,3797,00,00,01,0,01,00,05,09,0,0,0,0,0,0,0,0000,0000,0000,01
1537,1537,0,1,3798,00,00,01,0,01,00,05,09,0,0,0,0,0,0,0,0000,0000,0000,01
1538,1538,0,1,3799,00,00,01,0,01,00,05,09,0,0,0,0,0,0,0,0000,0000,0000,01
1539,1539,0,1,379a,00,00,01,0,01,00,05,09,0,0,0,0,0,0,0,0000,0000,0000,01
1540,1540,0,1,379b,00,00,01,0,01,00,05,09,0,0,0,0,0,0,0,0000,0000,0000,01
1541,1541,0,1,379c,00,00,01,0,01,00,05,09,0,0,0,0,0,0,0,0000,0000,0000,01
1542,1542,0,1,379d,00,00,01,0,01,00,05,09,0,0,0,0,0,0,0,0000,0000,0000,01
1543,1543,0,1,379e,00,00,01,0,01,00,05,09,0,0,0,0,0,0,0,0000,0000,0000,01
1544,1544,0,1,379f,00,00,01,0,01,00,05,09,0,0,0,0,0,0,0,0000,0000,0000,01
1545,1545,0,1,37a0,00,00,01,0,01,00,05,09,0,0,0,0,0,0,0,0000,0000,0000,01
1546,1546,0,1,37a1,00,00,01,0,01,00,05,09,0,0,0,0,0,0,0,0000,0000,0000,01
1547,1547,0,1,37a2,00,00,01,0,01,00,05,09,0,0,0,0,0,0,0,0000,0000,0000,01
1548,1548,0,1,37a3,00,00,01,0,01,00,05,09,0,0,0,0,0,0,0,0000,0000,0000,01
1549,1549,0,1,37a4,00,00,01,0,01,00,05,09,0,0,0,0,0,0,0,0000,0000,0000,01
1550,1550,0,1,37a5,00,00,01,0,01,00,05,09,0,0,0,0,0,0,0,0000,0000,0000,01
1551,1551,0,1,37a6,00,00,01,0,01,00,05,09,0,0,0,0,0,0,0,0000,0000,0000,01
1552,1552,0,1,37a7,00,00,01,0,01,00,05,09,0,0,0,0,0,0,0,0000,0000,0000,01
1553,1553,0,1,37a8,00,00,01,0,01,00,05,09,0,0,0,0,0,0,0,0000,0000,0000,01
1554,1554,0,1,37a9,00,00,01,0,01,00,05,09,0,0,0,0,0,0,0,0000,0000,0000,01
1555,1555,0,1,37aa,00,00,01,0,01,00,05,09,0,0,0,0,0,0,0,0000,0000,0000,01
1556,1556,0,1,37ab,00,00,01,0,01,00,05,09,0,0,0,0,0,0,0,0000,0000,0000,01
1557,1557,0,1,37ac,00,00,01,0,01,00,05,09,0,0,0,0,0,0,0,0000,0000,0000,01
1558,1558,0,1,37ad,00,00,01,0,01,00,05,09,0,0,0,0,0,0,0,0000,0000,0000,01
1559,1559,0,1,37ae,00,00,01,0,01,00,05,09,0,0,0,0,0,0,0,0000,0000,0000,01
1560,1560,0,1,37af,00,00,01,0,01,00,05,09,0,0,0,0,0,0,0,0000,0000,0000,01
1561,1561,0,1,37b0,00,00,01,0,01,00,05,09,0,0,0,0,0,0,0,0000,0000,0000,01
1562,1562,0,1,37b1,00,00,01,0,01,00,05,09,0,0,0,0,0,0,0,0000,0000,0000,01
1563,1563,0,1,37b2,00,00,01,0,01,00,05,09,0,0,0,0,0,0,0,0000,0000,0000,01
1564,1564,0,1,37b3,00,00,01,0,01,00,05,09,0,0,0,0,0,0,0,0000,0000,0000,01
1565,1565,0,1,37b4,00,00,01,0,01,00,05,09,0,0,0,0,0,0,0,0000,0000,0000,01
1566,1566,0,1,37b5,00,00,01,0,01,00,05,09,0,0,0,0,0,0,0,0000,0000,0000,01
1567,1567,0,1,37b6,00,00,01,0,01,00,05,09,0,0,0,0,0,0,0,0000,0000,0000,01
1568,1568,0,1,37b7,00,00,01,0,01,00,05,09,0,0,0,0,0,0,0,0000,0000,0000,01
1569,1569,0,1,37b8,00,00,01,0,01,00,05,09,0,0,0,0,0,0,0,0000,0000,0000,01
1570,1570,0,1,37b9,00,00,01,0,01,00,05,09,0,0,0,0,0,0,0,0000,0000,0000,01
1571,1571,0,1,37ba,00,00,01,0,01,00,05,09,0,0,0,0,0,0,0,0000,0000,0000,01
1572,1572,0,1,37bb,00,00,01,0,01,00,05,09,0,0,0,0,0,0,0,0000,0000,0000,01
1573,1573,0,1,37bc,00,00,01,0,01,00,05,09,0,0,0,0,0,0,0,0000,0000,0000,01
1574,1574,0,1,37bd,00,00,01,0,01,00,05,09,0,0,0,0,0,0,0,0000,0000,0000,01
1575,1575,0,1,37be,00,00,01,0,01,00,05,09,0,0,0,0,0,0,0,0000,0000,0000,01
1576,1576,0,1,37bf,00,00,01,0,01,00,05,09,0,0,0,0,0,0,0,0000,0000,0000,01
1577,1577,0,1,37c0,00,00,01,0,01,00,05,09,0,0,0,0,0,0,0,0000,0000,0000,01
1578,1578,0,1,37c1,00,00,01,0,01,00,05,09,0,0,0,0,0,0,0,0000,0000,0000,01
1579,1579,0,1,37c2,00,00,01,0,01,00,05,09,0,0,0,0,0,0,0,0000,0000,0000,01
1580,1580,0,1,37c3,00,00,01,0,01,00,05,09,0,0,0,0,0,0,0,0000,0000,0000,01
1581,1581,0,1,37c4,00,00,01,0,01,00,05,09,0,0,0,0,0,0,0,0000,0000,0000,01
1582,1582,0,1,37c5,00,00,01,0,01,00,05,09,0,0,0,0,0,0,0,0000,0000,0000,01
1583,1583,0,1,37c6,00,00,01,0,01,00,05,09,0,0,0,0,0,0,0,0000,0000,0000,01
1584,1584,0,1,37c7,00,00,01,0,01,00,05,09,0,0,0,0,0,0,0,0000,0000,0000,01
1585,1585,0,1,37c8,00,00,01,0,01,00,05,09,0,0,0,0,0,0,0,0000,0000,0000,01
1586,1586,0,1,37c9,00,00,01,0,01,00,05,09,0,0,0,0,0,0,0,0000,0000,0000,01
1587,1587,0,1,37ca,00,00,01,0,01,00,05,09,0,0,0,0,0,0,0,0000,0000,0000,01
1588,1588,0,1,37cb,00,00,01,0,01,00,05,09,0,0,0,0,0,0,0,0000,0000,0000,01
1589,1589,0,1,37cc,00,00,01,0,01,00,05,09,0,0,0,0,0,0,0,0000,0000,0000,01
1590,1590,0,1,37cd,00,00,01,0,01,00,05,09,0,0,0,0,0,0,0,0000,0000,0000,01
1591,1591,0,1,37ce,00,00,01,0,01,00,05,09,0,0,0,0,0,0,0,0000,0000,0000,01
1592,1592,0,1,37cf,00,00,01,0,01,00,05,09,0,0,0,0,0,0,0,0000,0000,0000,01
1593,1593,0,1,37d0,00,00,01,0,01,00,05,09,0,0,0,0,0,0,0,0000,0000,0000,01
1594,1594,0,1,37d1,00,00,01,0,01,00,05,09,0,0,0,0,0,0,0,0000,0000,0000,01
1595,1595,0,1,37d2,00,00,01,0,01,00,05,09,0,0,0,0,0,0,0,0000,0000,0000,01
1596,1596,0,1,37d3,00,00,01,0,01,00,05,09,0,0,0,0,0,0,0,0000,0000,0000,01
1597,1597,0,1,37d4,00,00,01,0,01,00,05,09,0,0,0,0,0,0,0,0000,0000,0000,01
1598,1598,0,1,37d5,00,00,01,0,01,00,05,09,0,0,0,0,0,0,0,0000,0000,0000,01
1599,1599,0,1,37d6,00,00,01,0,01,00,05,09,0,0,0,0,0,0,0,0000,0000,0000,01
1600,1600,0,1,37d7,00,00,01,0,01,00,05,09,0,0,0,0,0,0,0,0000,0000,0000,01
1601,1601,0,1,37d8,00,00,01,0,01,00,05,09,0,0,0,0,0,0,0,0000,0000,0000,01
1602,1602,0,1,37d9,00,00,01,0,01,00,05,09,0,0,0,0,0,0,0,0000,0000,0000,01
1603,1603,0,1,37da,00,00,01,0,01,00,05,09,0,0,0,0,0,0,0,0000,0000,0000,01
1604,1604,0,1,37db,00,00,01,0,01,00,05,09,0,0,0,0,0,0,0,0000,0000,0000,01
1605,1605,0,1,37dc,00,00,01,0,01,00,05,09,0,0,0,0,0,0,0,0000,0000,0000,01
1606,1606,0,1,37dd,00,00,01,0,01,00,05,09,0,0,0,0,0,0,0,0000,0000,0000,01
1607,1607,0,1,37de,00,00,01,0,01,00,05,09,0,0,0,0,0,0,0,0000,0000,0000,01
1608,1608,0,1,37df,00,00,01,0,01,00,05,09,0,0,0,0,0,0,0,0000,0000,0000,01
1609,1609,0,1,37e0,00,00,01,0,01,00,05,09,0,0,0,0,0,0,0,0000,0000,0000,01
1610,1610,0,1,37e1,00,00,01,0,01,00,05,09,0,0,0,0,0,0,0,0000,0000,0000,01
1611,1611,0,1,37e2,00,00,01,0,01,00,05,09,0,0,0,0,0,0,0,0000,0000,0000,01
1612,1612,0,1,37e3,00,00,01,0,01,00,05,09,0,0,0,0,0,0,0,0000,0000,0000,01
1613,1613,0,1,37e4,00,00,01,0,01,00,05,09,0,0,0,0,0,0,0,0000,0000,0000,01
1614,1614,0,1,37e5,00,00,01,0,01,00,05,09,0,0,0,0,0,0,0,0000,0000,0000,01
1615,1615,0,1,37e6,00,00,01,0,01,00,05,09,0,0,0,0,0,0,0,0000,0000,0000,01
1616,1616,0,1,37e7,00,00,01,0,01,00,05,09,0,0,0,0,0,0,0,0000,0000,0000,01
1617,1617,0,1,37e8,00,00,01,0,01,00,05,09,0,0,0,0,0,0,0,0000,0000,0000,01
1618,1618,0,1,37e9,00,00,01,0,01,00,05,09,0,0,0,0,0,0,0,0000,0000,0000,01
1619,1619,0,1,37ea,00,00,01,0,01,00,05,09,0,0,0,0,0,0,0,0000,0000,0000,01
1620,1620,0,1,37eb,00,00,01,0,01,00,05,09,0,0,0,0,0,0,0,0000,0000,0000,01
1621,1621,0,1,37ec,00,00,01,0,01,00,05,09,0,0,0,0,0,0,0,0000,0000,0000,01
1622,1622,0,1,37ed,00,00,01,0,01,00,05,09,0,0,0,0,0,0,0,0000,0000,0000,01
1623,1623,0,1,37ee,00,00,01,0,01,00,05,09,0,0,0,0,0,0,0,0000,0000,0000,01
1624,1624,0,1,37ef,00,00,01,0,01,00,05,09,0,0,0,0,0,0,0,0000,0000,0000,01
1625,1625,0,1,37f0,00,00,01,0,01,00,05,09,0,0,0,0,0,0,0,0000,0000,0000,01
1626,1626,0,1,37f1,00,00,01,0,01,00,05,09,0,0,0,0,0,0,0,0000,0000,0000,01
1627,1627,0,1,37f2,00,00,01,0,01,00,05,09,0,0,0,0,0,0,0,0000,0000,0000,01
1628,1628,0,1,37f3,00,00,01,0,01,00,05,09,0,0,0,0,0,0,0,0000,0000,0000,01
1629,1629,0,1,37f4,00,00,01,0,01,00,05,09,0,0,0,0,0,0,0,0000,0000,0000,01
1630,1630,0,1,37f5,00,00,01,0,01,00,05,09,0,0,0,0,0,0,0,0000,0000,0000,01
1631,1631,0,1,37f6,00,00,01,0,01,00,05,09,0,0,0,0,0,0,0,0000,0000,0000,01
1632,1632,0,1,37f7,00,00,01,0,01,00,05,09,0,0,0,0,0,0,0,0000,0000,0000,01
1633,1633,0,1,37f8,00,00,01,0,01,00,05,09,0,0,0,0,0,0,0,0000,0000,0000,01
1634,1634,0,1,37f9,00,00,01,0,01,00,05,09,0,0,0,0,0,0,0,0000,0000,0000,01
1635,1635,0,1,37fa,00,00,01,0,01,00,05,09,0,0,0,0,0,0,0,0000,0000,0000,01
1636,1636,0,1,37fb,00,00,01,0,01,00,05,09,0,0,0,0,0,0,0,0000,0000,0000,01
1637,1637,0,1,37fc,00,00,01,0,01,00,05,09,0,0,0,0,0,0,0,0000,0000,0000,01
1638,1638,0,1,37fd,00,00,01,0,01,00,05,09,0,0,0,0,0,0,0,0000,0000,0000,01
1639,1639,0,1,37fe,00,00,01,0,01,00,05,09,0,0,0,0,0,0,0,0000,0000,0000,01
1640,1640,0,1,37ff,00,00,01,0,01,00,05,09,0,0,0,0,0,0,0,0000,0000,0000,01
1641,1641,0,1,3800,00,00,01,0,01,00,05,09,0,0,0,0,0,0,0,0000,0000,0000,01
1642,1642,0,1,3801,00,00,01,0,01,00,05,09,0,0,0,0,0,0,0,0000,0000,0000,01
1643,1643,0,1,3802,00,00,01,0,01,00,05,09,0,0,0,0,0,0,0,0000,0000,0000,01
1644,1644,0,1,3803,00,00,01,0,01,00,05,09,0,0,0,0,0,0,0,0000,0000,0000,01
1645,1645,0,1,3804,00,00,01,0,01,00,05,09,0,0,0,0,0,0,0,0000,0000,0000,01
1646,1646,0,1,3805,00,00,01,0,01,00,05,09,0,0,0,0,0,0,0,0000,0000,0000,01
1647,1647,0,1,3806,00,00,01,0,01,00,05,09,0,0,0,0,0,0,0,0000,0000,0000,01
1648,1648,0,1,3807,00,00,01,0,01,00,05,09,0,0,0,0,0,0,0,0000,0000,0000,01
1649,1649,0,1,3808,00,00,01,0,01,00,05,09,0,0,0,0,0,0,0,0000,0000,0000,01
1650,1650,0,1,3809,00,00,01,0,01,00,05,09,0,0,0,0,0,0,0,0000,0000,0000,01
1651,1651,0,1,380a,00,00,01,0,01,00,05,09,0,0,0,0,0,0,0,0000,0000,0000,01
1652,1652,0,1,380b,00,00,01,0,01,00,05,09,0,0,0,0,0,0,0,0000,0000,0000,01
1653,1653,0,1,380c,00,00,01,0,01,00,05,09,0,0,0,0,0,0,0,0000,0000,0000,01
1654,1654,0,1,380d,00,00,01,0,01,00,05,09,0,0,0,0,0,0,0,0000,0000,0000,01
1655,1655,0,1,380e,00,00,01,0,01,00,05,09,0,0,0,0,0,0,0,0000,0000,0000,01
1656,1656,0,1,380f,00,00,01,0,01,00,05,09,0,0,0,0,0,0,0,0000,0000,0000,01
1657,1657,0,1,3810,00,00,01,0,01,00,05,09,0,0,0,0,0,0,0,0000,0000,0000,01
1658,1658,0,1,3811,00,00,01,0,01,00,05,09,0,0,0,0,0,0,0,0000,0000,0000,01
1659,1659,0,1,3812,00,00,01,0,01,00,05,09,0,0,0,0,0,0,0,0000,0000,0000,01
1660,1660,0,1,3813,00,00,01,0,01,00,05,09,0,0,0,0,0,0,0,0000,0000,0000,01
1661,1661,0,1,3814,00,00,01,0,01,00,05,09,0,0,0,0,0,0,0,0000,0000,0000,01
1662,1662,0,1,3815,00,00,01,0,01,00,05,09,0,0,0,0,0,0,0,0000,0000,0000,01
1663,1663,0,1,3816,00,00,01,0,01,00,05,09,0,0,0,0,0,0,0,0000,0000,0000,01
1664,1664,0,1,3817,00,00,01,0,01,00,05,09,0,0,0,0,0,0,0,0000,0000,0000,01
1665,1665,0,1,3818,00,00,01,0,01,00,05,09,0,0,0,0,0,0,0,0000,0000,0000,01
1666,1666,0,1,3819,00,00,01,0,01,00,05,09,0,0,0,0,0,0,0,0000,0000,0000,01
1667,1667,0,1,381a,00,00,01,0,01,00,05,09,0,0,0,0,0,0,0,0000,0000,0000,01
1668,1668,0,1,381b,00,00,01,0,01,00,05,09,0,0,0,0,0,0,0,0000,0000,0000,01
1669,1669,0,1,381c,00,00,01,0,01,00,05,09,0,0,0,0,0,0,0,0000,0000,0000,01
1670,1670,0,1,381d,00,00,01,0,01,00,05,09,0,0,0,0,0,0,0,0000,0000,0000,01
1671,1671,0,1,381e,00,00,01,0,01,00,05,09,0,0,0,0,0,0,0,0000,0000,0000,01
1672,1672,0,1,381f,00,00,01,0,01,00,05,09,0,0,0,0,0,0,0,0000,0000,0000,01
1673,1673,0,1,3820,00,00,01,0,01,00,05,09,0,0,0,0,0,0,0,0000,0000,0000,01
1674,1674,0,1,3821,00,00,01,0,01,00,05,09,0,0,0,0,0,0,0,0000,0000,0000,01
1675,1675,0,1,3822,00,00,01,0,01,00,05,09,0,0,0,0,0,0,0,0000,0000,0000,01
1676,1676,0,1,3823,00,00,01,0,01,00,05,09,0,0,0,0,0,0,0,0000,0000,0000,01
1677,1677,0,1,3824,00,00,01,0,01,00,05,09,0,0,0,0,0,0,0,0000,0000,0000,01
1678,1678,0,1,3825,00,00,01,0,01,00,05,09,0,0,0,0,0,0,0,0000,0000,0000,01
1679,1679,0,1,3826,00,00,01,0,01,00,05,09,0,0,0,0,0,0,0,0000,0000,0000,01
1680,1680,0,1,3827,00,00,01,0,01,00,05,09,0,0,0,0,0,0,0,0000,0000,0000,01
1681,1681,0,1,3828,00,00,01,0,01,00,05,09,0,0,0,0,0,0,0,0000,0000,0000,01
1682,1682,0,1,3829,00,00,01,0,01,00,05,09,0,0,0,0,0,0,0,0000,0000,0000,01
1683,1683,0,1,382a,00,00,01,0,01,00,05,09,0,0,0,0,0,0,0,0000,0000,0000,01
1684,1684,0,1,382b,00,00,01,0,01,00,05,09,0,0,0,0,0,0,0,0000,0000,0000,01
1685,1685,0,1,382c,00,00,01,0,01,00,05,09,0,0,0,0,0,0,0,0000,0000,0000,01
1686,1686,0,1,382d,00,00,01,0,01,00,05,09,0,0,0,0,0,0,0,0000,0000,0000,01
1687,1687,0,1,382e,00,00,01,0,01,00,05,09,0,0,0,0,0,0,0,0000,0000,0000,01
1688,1688,0,1,382f,00,00,01,0,01,00,05,09,0,0,0,0,0,0,0,0000,0000,0000,01
1689,1689,0,1,3830,00,00,01,0,01,00,05,09,0,0,0,0,0,0,0,0000,0000,0000,01
1690,1690,0,1,3831,00,00,01,0,01,00,05,09,0,0,0,0,0,0,0,0000,0000,0000,01
1691,1691,0,1,3832,00,00,01,0,01,00,05,09,0,0,0,0,0,0,0,0000,0000,0000,01
1692,1692,0,1,3833,00,00,01,0,01,00,05,09,0,0,0,0,0,0,0,0000,0000,0000,01
1693,1693,0,1,3834,00,00,01,0,01,00,05,09,0,0,0,0,0,0,0,0000,0000,0000,01
1694,1694,0,1,3835,00,00,01,0,01,00,05,09,0,0,0,0,0,0,0,0000,0000,0000,01
1695,1695,0,1,3836,00,00,01,0,01,00,05,09,0,0,0,0,0,0,0,0000,0000,0000,01
1696,1696,0,1,3837,00,00,01,0,01,00,05,09,0,0,0,0,0,0,0,0000,0000,0000,01
1697,1697,0,1,3838,00,00,01,0,01,00,05,09,0,0,0,0,0,0,0,0000,0000,0000,01
1698,1698,0,1,3839,00,00,01,0,01,00,05,09,0,0,0,0,0,0,0,0000,0000,0000,01
1699,1699,0,1,383a,00,00,01,0,01,00,05,09,0,0,0,0,0,0,0,0000,0000,0000,01
1700,1700,0,1,383b,00,00,01,0,01,00,05,09,0,0,0,0,0,0,0,0000,0000,0000,01
1701,1701,0,1,383c,00,00,01,0,01,00,05,09,0,0,0,0,0,0,0,0000,0000,0000,01
1702,1702,0,1,383d,00,00,01,0,01,00,05,09,0,0,0,0,0,0,0,0000,0000,0000,01
1703,1703,0,1,383e,00,00,01,0,01,00,05,09,0,0,0,0,0,0,0,0000,0000,0000,01
1704,1704,0,1,383f,00,00,01,0,01,00,05,09,0,0,0,0,0,0,0,0000,0000,0000,01
1705,1705,0,1,3840,00,00,01,0,01,00,05,09,0,0,0,0,0,0,0,0000,0000,0000,01
1706,1706,0,1,3841,00,00,01,0,01,00,05,09,0,0,0,0,0,0,0,0000,0000,0000,01
1707,1707,0,1,3842,00,00,01,0,01,00,05,09,0,0,0,0,0,0,0,0000,0000,0000,01
1708,1708,0,1,3843,00,00,01,0,01,00,05,09,0,0,0,0,0,0,0,0000,0000,0000,01
1709,1709,0,1,3844,00,00,01,0,01,00,05,09,0,0,0,0,0,0,0,0000,0000,0000,01
1710,1710,0,1,3845,00,00,01,0,01,00,05,09,0,0,0,0,0,0,0,0000,0000,0000,01
1711,1711,0,1,3846,00,00,01,0,01,00,05,09,0,0,0,0,0,0,0,0000,0000,0000,01
1712,1712,0,1,3847,00,00,01,0,01,00,05,09,0,0,0,0,0,0,0,0000,0000,0000,01
1713,1713,0,1,3848,00,00,01,0,01,00,05,09,0,0,0,0,0,0,0,0000,0000,0000,01
1714,1714,0,1,3849,00,00,01,0,01,00,05,09,0,0,0,0,0,0,0,0000,0000,0000,01
1715,1715,0,1,384a,00,00,01,0,01,00,05,09,0,0,0,0,0,0,0,0000,0000,0000,01
1716,1716,0,1,384b,00,00,01,0,01,00,05,09,0,0,0,0,0,0,0,0000,0000,0000,01
1717,1717,0,1,384c,00,00,01,0,01,00,05,09,0,0,0,0,0,0,0,0000,0000,0000,01
1718,1718,0,1,384d,00,00,01,0,01,00,05,09,0,0,0,0,0,0,0,0000,0000,0000,01
1719,1719,0,1,384e,00,00,01,0,01,00,05,09,0,0,0,0,0,0,0,0000,0000,0000,01
1720,1720,0,1,384f,00,00,01,0,01,00,05,09,0,0,0,0,0,0,0,0000,0000,0000,01
1721,1721,0,1,3850,00,00,01,0,01,00,05,09,0,0,0,0,0,0,0,0000,0000,0000,01
1722,1722,0,1,3851,00,00,01,0,01,00,05,09,0,0,0,0,0,0,0,0000,0000,0000,01
1723,1723,0,1,3852,00,00,01,0,01,00,05,09,0,0,0,0,0,0,0,0000,0000,0000,01
1724,1724,0,1,3853,00,00,01,0,01,00,05,09,0,0,0,0,0,0,0,0000,0000,0000,01
1725,1725,0,1,3854,00,00,01,0,01,00,05,09,0,0,0,0,0,0,0,0000,0000,0000,01
1726,1726,0,1,3855,00,00,01,0,01,00,05,09,0,0,0,0,0,0,0,0000,0000,0000,01
1727,1727,0,1,3856,00,00,01,0,01,00,05,09,0,0,0,0,0,0,0,0000,0000,0000,01
1728,1728,0,1,3857,00,00,01,0,01,00,05,09,0,0,0,0,0,0,0,0000,0000,0000,01
1729,1729,0,1,3858,00,00,01,0,01,00,05,09,0,0,0,0,0,0,0,0000,0000,0000,01
1730,1730,0,1,3859,00,00,01,0,01,00,05,09,0,0,0,0,0,0,0,0000,0000,0000,01
1731,1731,0,1,385a,00,00,01,0,01,00,05,09,0,0,0,0,0,0,0,0000,0000,0000,01
1732,1732,0,1,385b,00,00,01,0,01,00,05,09,0,0,0,0,0,0,0,0000,0000,0000,01
1733,1733,0,1,385c,00,00,01,0,01,00,05,09,0,0,0,0,0,0,0,0000,0000,0000,01
1734,1734,0,1,385d,00,00,01,0,01,00,05,09,0,0,0,0,0,0,0,0000,0000,0000,01
1735,1735,0,1,385e,00,00,01,0,01,00,05,09,0,0,0,0,0,0,0,0000,0000,0000,01
1736,1736,0,1,385f,00,00,01,0,01,00,05,09,0,0,0,0,0,0,0,0000,0000,0000,01
1737,1737,0,1,3860,00,00,01,0,01,00,05,09,0,0,0,0,0,0,0,0000,0000,0000,01
1738,1738,0,1,3861,00,00,01,0,01,00,05,09,0,0,0,0,0,0,0,0000,0000,0000,01
1739,1739,0,1,3862,00,00,01,0,01,00,05,09,0,0,0,0,0,0,0,0000,0000,0000,01
1740,1740,0,1,3863,00,00,01,0,01,00,05,09,0,0,0,0,0,0,0,0000,0000,0000,01
1741,1741,0,1,3864,00,00,01,0,01,00,05,09,0,0,0,0,0,0,0,0000,0000,0000,01
1742,1742,0,1,3865,00,00,01,0,01,00,05,09,0,0,0,0,0,0,0,0000,0000,0000,01
1743,1743,0,1,3866,00,00,01,0,01,00,05,09,0,0,0,0,0,0,0,0000,0000,0000,01
1744,1744,0,1,3867,00,00,01,0,01,00,05,09,0,0,0,0,0,0,0,0000,0000,0000,01
1745,1745,0,1,3868,00,00,01,0,01,00,05,09,0,0,0,0,0,0,0,0000,0000,0000,01
1746,1746,0,1,3869,00,00,01,0,01,00,05,09,0,0,0,0,0,0,0,0000,0000,0000,01
1747,1747,0,1,386a,00,00,01,0,01,00,05,09,0,0,0,0,0,0,0,0000,0000,0000,01
1748,1748,0,1,386b,00,00,01,0,01,00,05,09,0,0,0,0,0,0,0,0000,0000,0000,01
1749,1749,0,1,386c,00,00,01,0,01,00,05,09,0,0,0,0,0,0,0,0000,0000,0000,01
1750,1750,0,1,386d,00,00,01,0,01,00,05,09,0,0,0,0,0,0,0,0000,0000,0000,01
1751,1751,0,1,386e,00,00,01,0,01,00,05,09,0,0,0,0,0,0,0,0000,0000,0000,01
1752,1752,0,1,386f,00,00,01,0,01,00,05,09,0,0,0,0,0,0,0,0000,0000,0000,01
1753,1753,0,1,3870,00,00,01,0,01,00,05,09,0,0,0,0,0,0,0,0000,0000,0000,01
1754,1754,0,1,3871,00,00,01,0,01,00,05,09,0,0,0,0,0,0,0,0000,0000,0000,01
1755,1755,0,1,3872,00,00,01,0,01,00,05,09,0,0,0,0,0,0,0,0000,0000,0000,01
1756,1756,0,1,3873,00,00,01,0,01,00,05,09,0,0,0,0,0,0,0,0000,0000,0000,01
1757,1757,0,1,3874,00,00,01,0,01,00,05,09,0,0,0,0,0,0,0,0000,0000,0000,01
1758,1758,0,1,3875,00,00,01,0,01,00,05,09,0,0,0,0,0,0,0,0000,0000,0000,01
1759,1759,0,1,3876,00,00,01,0,01,00,05,09,0,0,0,0,0,0,0,0000,0000,0000,01
1760,1760,0,1,3877,00,00,01,0,01,00,05,09,0,0,0,0,0,0,0,0000,0000,0000,01
1761,1761,0,1,3878,00,00,01,0,01,00,05,09,0,0,0,0,0,0,0,0000,0000,0000,01
1762,1762,0,1,3879,00,00,01,0,01,00,05,09,0,0,0,0,0,0,0,0000,0000,0000,01
1763,1763,0,1,387a,00,00,01,0,01,00,05,09,0,0,0,0,0,0,0,0000,0000,0000,01
1764,1764,0,1,387b,00,00,01,0,01,00,05,09,0,0,0,0,0,0,0,0000,0000,0000,01
1765,1765,0,1,387c,00,00,01,0,01,00,05,09,0,0,0,0,0,0,0,0000,0000,0000,01
1766,1766,0,1,387d,00,00,01,0,01,00,05,09,0,0,0,0,0,0,0,0000,0000,0000,01
1767,1767,0,1,387e,00,00,01,0,01,00,05,09,0,0,0,0,0,0,0,0000,0000,0000,01
1768,1768,0,1,387f,00,00,01,0,01,00,05,09,0,0,0,0,0,0,0,0000,0000,0000,01
1769,1769,0,1,3880,00,00,01,0,01,00,05,09,0,0,0,0,0,0,0,0000,0000,0000,01
1770,1770,0,1,3881,00,00,01,0,01,00,05,09,0,0,0,0,0,0,0,0000,0000,0000,01
1771,1771,0,1,3882,00,00,01,0,01,00,05,09,0,0,0,0,0,0,0,0000,0000,0000,01
1772,1772,0,1,3883,00,00,01,0,01,00,05,09,0,0,0,0,0,0,0,0000,0000,0000,01
1773,1773,0,1,3884,00,00,01,0,01,00,05,09,0,0,0,0,0,0,0,0000,0000,0000,01
1774,1774,0,1,3885,00,00,01,0,01,00,05,09,0,0,0,0,0,0,0,0000,0000,0000,01
1775,1775,0,1,3886,00,00,01,0,01,00,05,09,0,0,0,0,0,0,0,0000,0000,0000,01
1776,1776,0,1,3887,00,00,01,0,01,00,05,09,0,0,0,0,0,0,0,0000,0000,0000,01
1777,1777,0,1,3888,00,00,01,0,01,00,05,09,0,0,0,0,0,0,0,0000,0000,0000,01
1778,1778,0,1,3889,00,00,01,0,01,00,05,09,0,0,0,0,0,0,0,0000,0000,0000,01
1779,1779,0,1,388a,00,00,01,0,01,00,05,09,0,0,0,0,0,0,0,0000,0000,0000,01
1780,1780,0,1,388b,00,00,01,0,01,00,05,09,0,0,0,0,0,0,0,0000,0000,0000,01
1781,1781,0,1,388c,00,00,01,0,01,00,05,09,0,0,0,0,0,0,0,0000,0000,0000,01
1782,1782,0,1,388d,00,00,01,0,01,00,05,09,0,0,0,0,0,0,0,0000,0000,0000,01
1783,1783,0,1,388e,00,00,01,0,01,00,05,09,0,0,0,0,0,0,0,0000,0000,0000,01
1784,1784,0,1,388f,00,00,01,0,01,00,05,09,0,0,0,0,0,0,0,0000,0000,0000,01
1785,1785,0,1,3890,00,00,01,0,01,00,05,09,0,0,0,0,0,0,0,0000,0000,0000,01
1786,1786,0,1,3891,00,00,01,0,01,00,05,09,0,0,0,0,0,0,0,0000,0000,0000,01
1787,1787,0,1,3892,00,00,01,0,01,00,05,09,0,0,0,0,0,0,0,0000,0000,0000,01
1788,1788,0,1,3893,00,00,01,0,01,00,05,09,0,0,0,0,0,0,0,0000,0000,0000,01
1789,1789,0,1,3894,00,00,01,0,01,00,05,09,0,0,0,0,0,0,0,0000,0000,0000,01
1790,1790,0,1,3895,00,00,01,0,01,00,05,09,0,0,0,0,0,0,0,0000,0000,0000,01
1791,1791,0,1,3896,00,00,01,0,01,00,05,09,0,0,0,0,0,0,0,0000,0000,0000,01
1792,1792,0,1,3897,00,00,01,0,01,00,05,09,0,0,0,0,0,0,0,0000,0000,0000,01
1793,1793,0,1,3898,00,00,01,0,01,00,05,09,0,0,0,0,0,0,0,0000,0000,0000,01
1794,1794,0,1,3899,00,00,01,0,01,00,05,09,0,0,0,0,0,0,0,0000,0000,0000,01
1795,1795,0,1,389a,00,00,01,0,01,00,05,09,0,0,0,0,0,0,0,0000,0000,0000,01
1796,1796,0,1,389b,00,00,01,0,01,00,05,09,0,0,0,0,0,0,0,0000,0000,0000,01
1797,1797,0,1,389c,00,00,01,0,01,00,05,09,0,0,0,0,0,0,0,0000,0000,0000,01
1798,1798,0,1,389d,00,00,01,0,01,00,05,09,0,0,0,0,0,0,0,0000,0000,0000,01
1799,1799,0,1,389e,00,00,01,0,01,00,05,09,0,0,0,0,0,0,0,0000,0000,0000,01
1800,1800,0,1,389f,00,00,01,0,01,00,05,09,0,0,0,0,0,0,0,0000,0000,0000,01
1801,1801,0,1,38a0,00,00,01,0,01,00,05,09,0,0,0,0,0,0,0,0000,0000,0000,01
1802,1802,0,1,38a1,00,00,01,0,01,00,05,09,0,0,0,0,0,0,0,0000,0000,0000,01
1803,1803,0,1,38a2,00,00,01,0,01,00,05,09,0,0,0,0,0,0,0,0000,0000,0000,01
1804,1804,0,1,38a3,00,00,01,0,01,00,05,09,0,0,0,0,0,0,0,0000,0000,0000,01
1805,1805,0,1,38a4,00,00,01,0,01,00,05,09,0,0,0,0,0,0,0,0000,0000,0000,01
1806,1806,0,1,38a5,00,00,01,0,01,00,05,09,0,0,0,0,0,0,0,0000,0000,0000,01
1807,1807,0,1,38a6,00,00,01,0,01,00,05,09,0,0,0,0,0,0,0,0000,0000,0000,01
1808,1808,0,1,38a7,00,00,01,0,01,00,05,09,0,0,0,0,0,0,0,0000,0000,0000,01
1809,1809,0,1,38a8,00,00,01,0,01,00,05,09,0,0,0,0,0,0,0,0000,0000,0000,01
1810,1810,0,1,38a9,00,00,01,0,01,00,05,09,0,0,0,0,0,0,0,0000,0000,0000,01
1811,1811,0,1,38aa,00,00,01,0,01,00,05,09,0,0,0,0,0,0,0,0000,0000,0000,01
1812,1812,0,1,38ab,00,00,01,0,01,00,05,09,0,0,0,0,0,0,0,0000,0000,0000,01
1813,1813,0,1,38ac,00,00,01,0,01,00,05,09,0,0,0,0,0,0,0,0000,0000,0000,01
1814,1814,0,1,38ad,00,00,01,0,01,00,05,09,0,0,0,0,0,0,0,0000,0000,0000,01
1815,1815,0,1,38ae,00,00,01,0,01,00,05,09,0,0,0,0,0,0,0,0000,0000,0000,01
1816,1816,0,1,38af,00,00,01,0,01,00,05,09,0,0,0,0,0,0,0,0000,0000,0000,01
1817,1817,0,1,38b0,00,00,01,0,01,00,05,09,0,0,0,0,0,0,0,0000,0000,0000,01
1818,1818,0,1,38b1,00,00,01,0,01,00,05,09,0,0,0,0,0,0,0,0000,0000,0000,01
1819,1819,0,1,38b2,00,00,01,0,01,00,05,09,0,0,0,0,0,0,0,0000,0000,0000,01
1820,1820,0,1,38b3,00,00,01,0,01,00,05,09,0,0,0,0,0,0,0,0000,0000,0000,01
1821,1821,0,1,38b4,00,00,01,0,01,00,05,09,0,0,0,0,0,0,0,0000,0000,0000,01
1822,1822,0,1,38b5,00,00,01,0,01,00,05,09,0,0,0,0,0,0,0,0000,0000,0000,01
1823,1823,0,1,38b6,00,00,01,0,01,00,05,09,0,0,0,0,0,0,0,0000,0000,0000,01
1824,1824,0,1,38b7,00,00,01,0,01,00,05,09,0,0,0,0,0,0,0,0000,0000,0000,01
1825,1825,0,1,38b8,00,00,01,0,01,00,05,09,0,0,0,0,0,0,0,0000,0000,0000,01
1826,1826,0,1,38b9,00,00,01,0,01,00,05,09,0,0,0,0,0,0,0,0000,0000,0000,01
1827,1827,0,1,38ba,00,00,01,0,01,00,05,09,0,0,0,0,0,0,0,0000,0000,0000,01
1828,1828,0,1,38bb,00,00,01,0,01,00,05,09,0,0,0,0,0,0,0,0000,0000,0000,01
1829,1829,0,1,38bc,00,00,01,0,01,00,05,09,0,0,0,0,0,0,0,0000,0000,0000,01
1830,1830,0,1,38bd,00,00,01,0,01,00,05,09,0,0,0,0,0,0,0,0000,0000,0000,01
1831,1831,0,1,38be,00,00,01,0,01,00,05,09,0,0,0,0,0,0,0,0000,0000,0000,01
1832,1832,0,1,38bf,00,00,01,0,01,00,05,09,0,0,0,0,0,0,0,0000,0000,0000,01
1833,1833,0,1,38c0,00,00,01,0,01,00,05,09,0,0,0,0,0,0,0,0000,0000,0000,01
1834,1834,0,1,38c1,00,00,01,0,01,00,05,09,0,0,0,0,0,0,0,0000,0000,0000,01
1835,1835,0,1,38c2,00,00,01,0,01,00,05,09,0,0,0,0,0,0,0,0000,0000,0000,01
1836,1836,0,1,38c3,00,00,01,0,01,00,05,09,0,0,0,0,0,0,0,0000,0000,0000,01
1837,1837,0,1,38c4,00,00,01,0,01,00,05,09,0,0,0,0,0,0,0,0000,0000,0000,01
1838,1838,0,1,38c5,00,00,01,0,01,00,05,09,0,0,0,0,0,0,0,0000,0000,0000,01
1839,1839,0,1,38c6,00,00,01,0,01,00,05,09,0,0,0,0,0,0,0,0000,0000,0000,01
1840,1840,0,1,38c7,00,00,01,0,01,00,05,09,0,0,0,0,0,0,0,0000,0000,0000,01
1841,1841,0,1,38c8,00,00,01,0,01,00,05,09,0,0,0,0,0,0,0,0000,0000,0000,01
1842,1842,0,1,38c9,00,00,01,0,01,00,05,09,0,0,0,0,0,0,0,0000,0000,0000,01
1843,1843,0,1,38ca,00,00,01,0,01,00,05,09,0,0,0,0,0,0,0,0000,0000,0000,01
1844,1844,0,1,38cb,00,00,01,0,01,00,05,09,0,0,0,0,0,0,0,0000,0000,0000,01
1845,1845,0,1,38cc,00,00,01,0,01,00,05,09,0,0,0,0,0,0,0,0000,0000,0000,01
1846,1846,0,1,38cd,00,00,01,0,01,00,05,09,0,0,0,0,0,0,0,0000,0000,0000,01
1847,1847,0,1,38ce,00,00,01,0,01,00,05,09,0,0,0,0,0,0,0,0000,0000,0000,01
1848,1848,0,1,38cf,00,00,01,0,01,00,05,09,0,0,0,0,0,0,0,0000,0000,0000,01
1849,1849,0,1,38d0,00,00,01,0,01,00,05,09,0,0,0,0,0,0,0,0000,0000,0000,01
1850,1850,0,1,38d1,00,00,01,0,01,00,05,09,0,0,0,0,0,0,0,0000,0000,0000,01
1851,1851,0,1,38d2,00,00,01,0,01,00,05,09,0,0,0,0,0,0,0,0000,0000,0000,01
1852,1852,0,1,38d3,00,00,01,0,01,00,05,09,0,0,0,0,0,0,0,0000,0000,0000,01
1853,1853,0,1,38d4,00,00,01,0,01,00,05,09,0,0,0,0,0,0,0,0000,0000,0000,01
1854,1854,0,1,38d5,00,00,01,0,01,00,05,09,0,0,0,0,0,0,0,0000,0000,0000,01
1855,1855,0,1,38d6,00,00,01,0,01,00,05,09,0,0,0,0,0,0,0,0000,0000,0000,01
1856,1856,0,1,38d7,00,00,01,0,01,00,05,09,0,0,0,0,0,0,0,0000,0000,0000,01
1857,1857,0,1,38d8,00,00,01,0,01,00,05,09,0,0,0,0,0,0,0,0000,0000,0000,01
1858,1858,0,1,38d9,00,00,01,0,01,00,05,09,0,0,0,0,0,0,0,0000,0000,0000,01
1859,1859,0,1,38da,00,00,01,0,01,00,05,09,0,0,0,0,0,0,0,0000,0000,0000,01
1860,1860,0,1,38db,00,00,01,0,01,00,05,09,0,0,0,0,0,0,0,0000,0000,0000,01
1861,1861,0,1,38dc,00,00,01,0,01,00,05,09,0,0,0,0,0,0,0,0000,0000,0000,01
1862,1862,0,1,38dd,00,00,01,0,01,00,05,09,0,0,0,0,0,0,0,0000,0000,0000,01
1863,1863,0,1,38de,00,00,01,0,01,00,05,09,0,0,0,0,0,0,0,0000,0000,0000,01
1864,1864,0,1,38df,00,00,01,0,01,00,05,09,0,0,0,0,0,0,0,0000,0000,0000,01
1865,1865,0,1,38e0,00,00,01,0,01,00,05,09,0,0,0,0,0,0,0,0000,0000,0000,01
1866,1866,0,1,38e1,00,00,01,0,01,00,05,09,0,0,0,0,0,0,0,0000,0000,0000,01
1867,1867,0,1,38e2,00,00,01,0,01,00,05,09,0,0,0,0,0,0,0,0000,0000,0000,01
1868,1868,0,1,38e3,00,00,01,0,01,00,05,09,0,0,0,0,0,0,0,0000,0000,0000,01
1869,1869,0,1,38e4,00,00,01,0,01,00,05,09,0,0,0,0,0,0,0,0000,0000,0000,01
1870,1870,0,1,38e5,00,00,01,0,01,00,05,09,0,0,0,0,0,0,0,0000,0000,0000,01
1871,1871,0,1,38e6,00,00,01,0,01,00,05,09,0,0,0,0,0,0,0,0000,0000,0000,01
1872,1872,0,1,38e7,00,00,01,0,01,00,05,09,0,0,0,0,0,0,0,0000,0000,0000,01
1873,1873,0,1,38e8,00,00,01,0,01,00,05,09,0,0,0,0,0,0,0,0000,0000,0000,01
1874,1874,0,1,38e9,00,00,01,0,01,00,05,09,0,0,0,0,0,0,0,0000,0000,0000,01
1875,1875,0,1,38ea,00,00,01,0,01,00,05,09,0,0,0,0,0,0,0,0000,0000,0000,01
1876,1876,0,1,38eb,00,00,01,0,01,00,05,09,0,0,0,0,0,0,0,0000,0000,0000,01
1877,1877,0,1,38ec,00,00,01,0,01,00,05,09,0,0,0,0,0,0,0,0000,0000,0000,01
1878,1878,0,1,38ed,00,00,01,0,01,00,05,09,0,0,0,0,0,0,0,0000,0000,0000,01
1879,1879,0,1,38ee,00,00,01,0,01,00,05,09,0,0,0,0,0,0,0,0000,0000,0000,01
1880,1880,0,1,38ef,00,00,01,0,01,00,05,09,0,0,0,0,0,0,0,0000,0000,0000,01
1881,1881,0,1,38f0,00,00,01,0,01,00,05,09,0,0,0,0,0,0,0,0000,0000,0000,01
1882,1882,0,1,38f1,00,00,01,0,01,00,05,09,0,0,0,0,0,0,0,0000,0000,0000,01
1883,1883,0,1,38f2,00,00,01,0,01,00,05,09,0,0,0,0,0,0,0,0000,0000,0000,01
1884,1884,0,1,38f3,00,00,01,0,01,00,05,09,0,0,0,0,0,0,0,0000,0000,0000,01
1885,1885,0,1,38f4,00,00,01,0,01,00,05,09,0,0,0,0,0,0,0,0000,0000,0000,01
1886,1886,0,1,38f5,00,00,01,0,01,00,05,09,0,0,0,0,0,0,0,0000,0000,0000,01
1887,1887,0,1,38f6,00,00,01,0,01,00,05,09,0,0,0,0,0,0,0,0000,0000,0000,01
1888,1888,0,1,38f7,00,00,01,0,01,00,05,09,0,0,0,0,0,0,0,0000,0000,0000,01
1889,1889,0,1,38f8,00,00,01,0,01,00,05,09,0,0,0,0,0,0,0,0000,0000,0000,01
1890,1890,0,1,38f9,00,00,01,0,01,00,05,09,0,0,0,0,0,0,0,0000,0000,0000,01
1891,1891,0,1,38fa,00,00,01,0,01,00,05,09,0,0,0,0,0,0,0,0000,0000,0000,01
1892,1892,0,1,38fb,00,00,01,0,01,00,05,09,0,0,0,0,0,0,0,0000,0000,0000,01
1893,1893,0,1,38fc,00,00,01,0,01,00,05,09,0,0,0,0,0,0,0,0000,0000,0000,01
1894,1894,0,1,38fd,00,00,01,0,01,00,05,09,0,0,0,0,0,0,0,0000,0000,0000,01
1895,1895,0,1,38fe,00,00,01,0,01,00,05,09,0,0,0,0,0,0,0,0000,0000,0000,01
1896,1896,0,1,38ff,00,00,01,0,01,00,05,09,0,0,0,0,0,0,0,0000,0000,0000,01
1897,1897,0,1,3900,00,00,01,0,01,00,05,09,0,0,0,0,0,0,0,0000,0000,0000,01
1898,1898,0,1,3901,00,00,01,0,01,00,05,09,0,0,0,0,0,0,0,0000,0000,0000,01
1899,1899,0,1,3902,00,00,01,0,01,00,05,09,0,0,0,0,0,0,0,0000,0000,0000,01
1900,1900,0,1,3903,00,00,01,0,01,00,05,09,0,0,0,0,0,0,0,0000,0000,0000,01
1901,1901,0,1,3904,00,00,01,0,01,00,05,09,0,0,0,0,0,0,0,0000,0000,0000,01
1902,1902,0,1,3905,00,00,01,0,01,00,05,09,0,0,0,0,0,0,0,0000,0000,0000,01
1903,1903,0,1,3906,00,00,01,0,01,00,05,09,0,0,0,0,0,0,0,0000,0000,0000,01
1904,1904,0,1,3907,00,00,01,0,01,00,05,09,0,0,0,0,0,0,0,0000,0000,0000,01
1905,1905,0,1,3908,00,00,01,0,01,00,05,09,0,0,0,0,0,0,0,0000,0000,0000,01
1906,1906,0,1,3909,00,00,01,0,01,00,05,09,0,0,0,0,0,0,0,0000,0000,0000,01
1907,1907,0,1,390a,00,00,01,0,01,00,05,09,0,0,0,0,0,0,0,0000,0000,0000,01
1908,1908,0,1,390b,00,00,01,0,01,00,05,09,0,0,0,0,0,0,0,0000,0000,0000,01
1909,1909,0,1,390c,00,00,01,0,01,00,05,09,0,0,0,0,0,0,0,0000,0000,0000,01
1910,1910,0,1,390d,00,00,01,0,01,00,05,09,0,0,0,0,0,0,0,0000,0000,0000,01
1911,1911,0,1,390e,00,00,01,0,01,00,05,09,0,0,0,0,0,0,0,0000,0000,0000,01
1912,1912,0,1,390f,00,00,01,0,01,00,05,09,0,0,0,0,0,0,0,0000,0000,0000,01
1913,1913,0,1,3910,00,00,01,0,01,00,05,09,0,0,0,0,0,0,0,0000,0000,0000,01
1914,1914,0,1,3911,00,00,01,0,01,00,05,09,0,0,0,0,0,0,0,0000,0000,0000,01
1915,1915,0,1,3912,00,00,01,0,01,00,05,09,0,0,0,0,0,0,0,0000,0000,0000,01
1916,1916,0,1,3913,00,00,01,0,01,00,05,09,0,0,0,0,0,0,0,0000,0000,0000,01
1917,1917,0,1,3914,00,00,01,0,01,00,05,09,0,0,0,0,0,0,0,0000,0000,0000,01
1918,1918,0,1,3915,00,00,01,0,01,00,05,09,0,0,0,0,0,0,0,0000,0000,0000,01
1919,1919,0,1,3916,00,00,01,0,01,00,05,09,0,0,0,0,0,0,0,0000,0000,0000,01
1920,1920,0,1,3917,00,00,01,0,01,00,05,09,0,0,0,0,0,0,0,0000,0000,0000,01
1921,1921,0,1,3918,00,00,01,0,01,00,05,09,0,0,0,0,0,0,0,0000,0000,0000,01
1922,1922,0,1,3919,00,00,01,0,01,00,05,09,0,0,0,0,0,0,0,0000,0000,0000,01
1923,1923,0,1,391a,00,00,01,0,01,00,05,09,0,0,0,0,0,0,0,0000,0000,0000,01
1924,1924,0,1,391b,00,00,01,0,01,00,05,09,0,0,0,0,0,0,0,0000,0000,0000,01
1925,1925,0,1,391c,00,00,01,0,01,00,05,09,0,0,0,0,0,0,0,0000,0000,0000,01
1926,1926,0,1,391d,00,00,01,0,01,00,05,09,0,0,0,0,0,0,0,0000,0000,0000,01
1927,1927,0,1,391e,00,00,01,0,01,00,05,09,0,0,0,0,0,0,0,0000,0000,0000,01
1928,1928,0,1,391f,00,00,01,0,01,00,05,09,0,0,0,0,0,0,0,0000,0000,0000,01
1929,1929,0,1,3920,00,00,01,0,01,00,05,09,0,0,0,0,0,0,0,0000,0000,0000,01
1930,1930,0,1,3921,00,00,01,0,01,00,05,09,0,0,0,0,0,0,0,0000,0000,0000,01
1931,1931,0,1,3922,00,00,01,0,01,00,05,09,0,0,0,0,0,0,0,0000,0000,0000,01
1932,1932,0,1,3923,00,00,01,0,01,00,05,09,0,0,0,0,0,0,0,0000,0000,0000,01
1933,1933,0,1,3924,00,00,01,0,01,00,05,09,0,0,0,0,0,0,0,0000,0000,0000,01
1934,1934,0,1,3925,00,00,01,0,01,00,05,09,0,0,0,0,0,0,0,0000,0000,0000,01
1935,1935,0,1,3926,00,00,01,0,01,00,05,09,0,0,0,0,0,0,0,0000,0000,0000,01
1936,1936,0,1,3927,00,00,01,0,01,00,05,09,0,0,0,0,0,0,0,0000,0000,0000,01
1937,1937,0,1,3928,00,00,01,0,01,00,05,09,0,0,0,0,0,0,0,0000,0000,0000,01
1938,1938,0,1,3929,00,00,01,0,01,00,05,09,0,0,0,0,0,0,0,0000,0000,0000,01
1939,1939,0,1,392a,00,00,01,0,01,00,05,09,0,0,0,0,0,0,0,0000,0000,0000,01
1940,1940,0,1,392b,00,00,01,0,01,00,05,09,0,0,0,0,0,0,0,0000,0000,0000,01
1941,1941,0,1,392c,00,00,01,0,01,00,05,09,0,0,0,0,0,0,0,0000,0000,0000,01
1942,1942,0,1,392d,00,00,01,0,01,00,05,09,0,0,0,0,0,0,0,0000,0000,0000,01
1943,1943,0,1,392e,00,00,01,0,01,00,05,09,0,0,0,0,0,0,0,0000,0000,0000,01
1944,1944,0,1,392f,00,00,01,0,01,00,05,09,0,0,0,0,0,0,0,0000,0000,0000,01
1945,1945,0,1,3930,00,00,01,0,01,00,05,09,0,0,0,0,0,0,0,0000,0000,0000,01
1946,1946,0,1,3931,00,00,01,0,01,00,05,09,0,0,0,0,0,0,0,0000,0000,0000,01
1947,1947,0,1,3932,00,00,01,0,01,00,05,09,0,0,0,0,0,0,0,0000,0000,0000,01
1948,1948,0,1,3933,00,00,01,0,01,00,05,09,0,0,0,0,0,0,0,0000,0000,0000,01
1949,1949,0,1,3934,00,00,01,0,01,00,05,09,0,0,0,0,0,0,0,0000,0000,0000,01
1950,1950,0,1,3935,00,00,01,0,01,00,05,09,0,0,0,0,0,0,0,0000,0000,0000,01
1951,1951,0,1,3936,00,00,01,0,01,00,05,09,0,0,0,0,0,0,0,0000,0000,0000,01
1952,1952,0,1,3937,00,00,01,0,01,00,05,09,0,0,0,0,0,0,0,0000,0000,0000,01
1953,1953,0,1,3938,00,00,01,0,01,00,05,09,0,0,0,0,0,0,0,0000,0000,0000,01
1954,1954,0,1,3939,00,00,01,0,01,00,05,09,0,0,0,0,0,0,0,0000,0000,0000,01
1955,1955,0,1,393a,00,00,01,0,01,00,05,09,0,0,0,0,0,0,0,0000,0000,0000,01
1956,1956,0,1,393b,00,00,01,0,01,00,05,09,0,0,0,0,0,0,0,0000,0000,0000,01
1957,1957,0,1,393c,00,00,01,0,01,00,05,09,0,0,0,0,0,0,0,0000,0000,0000,01
1958,1958,0,1,393d,00,00,01,0,01,00,05,09,0,0,0,0,0,0,0,0000,0000,0000,01
1959,1959,0,1,393e,00,00,01,0,01,00,05,09,0,0,0,0,0,0,0,0000,0000,0000,01
1960,1960,0,1,393f,00,00,01,0,01,00,05,09,0,0,0,0,0,0,0,0000,0000,0000,01
1961,1961,0,1,3940,00,00,01,0,01,00,05,09,0,0,0,0,0,0,0,0000,0000,0000,01
1962,1962,0,1,3941,00,00,01,0,01,00,05,09,0,0,0,0,0,0,0,0000,0000,0000,01
1963,1963,0,1,3942,00,00,01,0,01,00,05,09,0,0,0,0,0,0,0,0000,0000,0000,01
1964,1964,0,1,3943,00,00,01,0,01,00,05,09,0,0,0,0,0,0,0,0000,0000,0000,01
1965,1965,0,1,3944,00,00,01,0,01,00,05,09,0,0,0,0,0,0,0,0000,0000,0000,01
1966,1966,0,1,3945,00,00,01,0,01,00,05,09,0,0,0,0,0,0,0,0000,0000,0000,01
1967,1967,0,1,3946,00,00,01,0,01,00,05,09,0,0,0,0,0,0,0,0000,0000,0000,01
1968,1968,0,1,3947,00,00,01,0,01,00,05,09,0,0,0,0,0,0,0,0000,0000,0000,01
1969,1969,0,1,3948,00,00,01,0,01,00,05,09,0,0,0,0,0,0,0,0000,0000,0000,01
1970,1970,0,1,3949,00,00,01,0,01,00,05,09,0,0,0,0,0,0,0,0000,0000,0000,01
1971,1971,0,1,394a,00,00,01,0,01,00,05,09,0,0,0,0,0,0,0,0000,0000,0000,01
1972,1972,0,1,394b,00,00,01,0,01,00,05,09,0,0,0,0,0,0,0,0000,0000,0000,01
1973,1973,0,1,394c,00,00,01,0,01,00,05,09,0,0,0,0,0,0,0,0000,0000,0000,01
1974,1974,0,1,394d,00,00,01,0,01,00,05,09,0,0,0,0,0,0,0,0000,0000,0000,01
1975,1975,0,1,394e,00,00,01,0,01,00,05,09,0,0,0,0,0,0,0,0000,0000,0000,01
1976,1976,0,1,394f,00,00,01,0,01,00,05,09,0,0,0,0,0,0,0,0000,0000,0000,01
1977,1977,0,1,3950,00,00,01,0,01,00,05,09,0,0,0,0,0,0,0,0000,0000,0000,01
1978,1978,0,1,3951,00,00,01,0,01,00,05,09,0,0,0,0,0,0,0,0000,0000,0000,01
1979,1979,0,1,3952,00,00,01,0,01,00,05,09,0,0,0,0,0,0,0,0000,0000,0000,01
1980,1980,0,1,3953,00,00,01,0,01,00,05,09,0,0,0,0,0,0,0,0000,0000,0000,01
1981,1981,0,1,3954,00,00,01,0,01,00,05,09,0,0,0,0,0,0,0,0000,0000,0000,01
1982,1982,0,1,3955,00,00,01,0,01,00,05,09,0,0,0,0,0,0,0,0000,0000,0000,01
1983,1983,0,1,3956,00,00,01,0,01,00,05,09,0,0,0,0,0,0,0,0000,0000,0000,01
1984,1984,0,1,3957,00,00,01,0,01,00,05,09,0,0,0,0,0,0,0,0000,0000,0000,01
1985,1985,0,1,3958,00,00,01,0,01,00,05,09,0,0,0,0,0,0,0,0000,0000,0000,01
1986,1986,0,1,3959,00,00,01,0,01,00,05,09,0,0,0,0,0,0,0,0000,0000,0000,01
1987,1987,0,1,395a,00,00,01,0,01,00,05,09,0,0,0,0,0,0,0,0000,0000,0000,01
1988,1988,0,1,395b,00,00,01,0,01,00,05,09,0,0,0,0,0,0,0,0000,0000,0000,01
1989,1989,0,1,395c,00,00,01,0,01,00,05,09,0,0,0,0,0,0,0,0000,0000,0000,01
1990,1990,0,1,395d,00,00,01,0,01,00,05,09,0,0,0,0,0,0,0,0000,0000,0000,01
1991,1991,0,1,395e,00,00,01,0,01,00,05,09,0,0,0,0,0,0,0,0000,0000,0000,01
1992,1992,0,1,395f,00,00,01,0,01,00,05,09,0,0,0,0,0,0,0,0000,0000,0000,01
1993,1993,0,1,3960,00,00,01,0,01,00,05,09,0,0,0,0,0,0,0,0000,0000,0000,01
1994,1994,0,1,3961,00,00,01,0,01,00,05,09,0,0,0,0,0,0,0,0000,0000,0000,01
1995,1995,0,1,3962,00,00,01,0,01,00,05,09,0,0,0,0,0,0,0,0000,0000,0000,01
1996,1996,0,1,3963,00,00,01,0,01,00,05,09,0,0,0,0,0,0,0,0000,0000,0000,01
1997,1997,0,1,3964,00,00,01,0,01,00,05,09,0,0,0,0,0,0,0,0000,0000,0000,01
1998,1998,0,1,3965,00,00,01,0,01,00,05,09,0,0,0,0,0,0,0,0000,0000,0000,01
1999,1999,0,1,3966,00,00,01,0,01,00,05,09,0,0,0,0,0,0,0,0000,0000,0000,01
2000,2000,0,1,3967,00,00,01,0,01,00,05,09,0,0,0,0,0,0,0,0000,0000,0000,01
2001,2001,0,1,3968,00,00,01,0,01,00,05,09,0,0,0,0,0,0,0,0000,0000,0000,01
2002,2002,0,1,3969,00,00,01,0,01,00,05,09,0,0,0,0,0,0,0,0000,0000,0000,01
2003,2003,0,1,396a,00,00,01,0,01,00,05,09,0,0,0,0,0,0,0,0000,0000,0000,01
2004,2004,0,1,396b,00,00,01,0,01,00,05,09,0,0,0,0,0,0,0,0000,0000,0000,01
2005,2005,0,1,396c,00,00,01,0,01,00,05,09,0,0,0,0,0,0,0,0000,0000,0000,01
2006,2006,0,1,396d,00,00,01,0,01,00,05,09,0,0,0,0,0,0,0,0000,0000,0000,01
2007,2007,0,1,396e,00,00,01,0,01,00,05,09,0,0,0,0,0,0,0,0000,0000,0000,01
2008,2008,0,1,396f,00,00,01,0,01,00,05,09,0,0,0,0,0,0,0,0000,0000,0000,01
2009,2009,0,1,3970,00,00,01,0,01,00,05,09,0,0,0,0,0,0,0,0000,0000,0000,01
2010,2010,0,1,3971,00,00,01,0,01,00,05,09,0,0,0,0,0,0,0,0000,0000,0000,01
2011,2011,0,1,3972,00,00,01,0,01,00,05,09,0,0,0,0,0,0,0,0000,0000,0000,01
2012,2012,0,1,3973,00,00,01,0,01,00,05,09,0,0,0,0,0,0,0,0000,0000,0000,01
2013,2013,0,1,3974,00,00,01,0,01,00,05,09,0,0,0,0,0,0,0,0000,0000,0000,01
2014,2014,0,1,3975,00,00,01,0,01,00,05,09,0,0,0,0,0,0,0,0000,0000,0000,01
2015,2015,0,1,3976,00,00,01,0,01,00,05,09,0,0,0,0,0,0,0,0000,0000,0000,01
2016,2016,0,1,3977,00,00,01,0,01,00,05,09,0,0,0,0,0,0,0,0000,0000,0000,01
2017,2017,0,1,3978,00,00,01,0,01,00,05,09,0,0,0,0,0,0,0,0000,0000,0000,01
2018,2018,0,1,3979,00,00,01,0,01,00,05,09,0,0,0,0,0,0,0,0000,0000,0000,01
2019,2019,0,1,397a,00,00,01,0,01,00,05,09,0,0,0,0,0,0,0,0000,0000,0000,01
2020,2020,0,1,397b,00,00,01,0,01,00,05,09,0,0,0,0,0,0,0,0000,0000,0000,01
2021,2021,0,1,397c,00,00,01,0,01,00,05,09,0,0,0,0,0,0,0,0000,0000,0000,01
2022,2022,0,1,397d,00,00,01,0,01,00,05,09,0,0,0,0,0,0,0,0000,0000,0000,01
2023,2023,0,1,397e,00,00,01,0,01,00,05,09,0,0,0,0,0,0,0,0000,0000,0000,01
2024,2024,0,1,397f,00,00,01,0,01,00,05,09,0,0,0,0,0,0,0,0000,0000,0000,01
2025,2025,0,1,3980,00,00,01,0,01,00,05,09,0,0,0,0,0,0,0,0000,0000,0000,01
2026,2026,0,1,3981,00,00,01,0,01,00,05,09,0,0,0,0,0,0,0,0000,0000,0000,01
2027,2027,0,1,3982,00,00,01,0,01,00,05,09,0,0,0,0,0,0,0,0000,0000,0000,01
2028,2028,0,1,3983,00,00,01,0,01,00,05,09,0,0,0,0,0,0,0,0000,0000,0000,01
2029,2029,0,1,3984,00,00,01,0,01,00,05,09,0,0,0,0,0,0,0,0000,0000,0000,01
2030,2030,0,1,3985,00,00,01,0,01,00,05,09,0,0,0,0,0,0,0,0000,0000,0000,01
2031,2031,0,1,3986,00,00,01,0,01,00,05,09,0,0,0,0,0,0,0,0000,0000,0000,01
2032,2032,0,1,3987,00,00,01,0,01,00,05,09,0,0,0,0,0,0,0,0000,0000,0000,01
2033,2033,0,1,3988,00,00,01,0,01,00,05,09,0,0,0,0,0,0,0,0000,0000,0000,01
2034,2034,0,1,3989,00,00,01,0,01,00,05,09,0,0,0,0,0,0,0,0000,0000,0000,01
2035,2035,0,1,398a,00,00,01,0,01,00,05,09,0,0,0,0,0,0,0,0000,0000,0000,01
2036,2036,0,1,398b,00,00,01,0,01,00,05,09,0,0,0,0,0,0,0,0000,0000,0000,01
2037,2037,0,1,398c,00,00,01,0,01,00,05,09,0,0,0,0,0,0,0,0000,0000,0000,01
2038,2038,0,1,398d,00,00,01,0,01,00,05,09,0,0,0,0,0,0,0,0000,0000,0000,01
2039,2039,0,1,398e,00,00,01,0,01,00,05,09,0,0,0,0,0,0,0,0000,0000,0000,01
2040,2040,0,1,398f,00,00,01,0,01,00,05,09,0,0,0,0,0,0,0,0000,0000,0000,01
2041,2041,0,1,3990,00,00,01,0,01,00,05,09,0,0,0,0,0,0,0,0000,0000,0000,01
2042,2042,0,1,3991,00,00,01,0,01,00,05,09,0,0,0,0,0,0,0,0000,0000,0000,01
2043,2043,0,1,3992,00,00,01,0,01,00,05,09,0,0,0,0,0,0,0,0000,0000,0000,01
2044,2044,0,1,3993,00,00,01,0,01,00,05,09,0,0,0,0,0,0,0,0000,0000,0000,01
2045,2045,0,1,3994,00,00,01,0,01,00,05,09,0,0,0,0,0,0,0,0000,0000,0000,01
2046,2046,0,1,3995,00,00,01,0,01,00,05,09,0,0,0,0,0,0,0,0000,0000,0000,01
2047,2047,0,1,3996,00,00,01,0,01,00,05,09,0,0,0,0,0,0,0,0000,0000,0000,01
