Sample in Buffer,Sample in Window,TRIGGER,kv_guard_bd_i/kv_lifecycle_guard_0_dbg_rstn,kv_guard_bd_i/kv_lifecycle_guard_0_dbg_heartbeat[15:0],kv_guard_bd_i/kv_lifecycle_guard_0_dbg_refcount[7:0],kv_guard_bd_i/kv_lifecycle_guard_0_dbg_reservation[7:0],kv_guard_bd_i/kv_lifecycle_guard_0_dbg_inflight[5:0],kv_guard_bd_i/kv_lifecycle_guard_0_dbg_fill_pending[3:0],kv_guard_bd_i/kv_lifecycle_guard_0_dbg_generation[7:0],kv_guard_bd_i/kv_lifecycle_guard_0_dbg_exp_generation[7:0],kv_guard_bd_i/kv_lifecycle_guard_0_dbg_slot[5:0],kv_guard_bd_i/kv_lifecycle_guard_0_dbg_phys[5:0],kv_guard_bd_i/kv_lifecycle_guard_0_dbg_reuse_req,kv_guard_bd_i/kv_lifecycle_guard_0_dbg_reuse_grant,kv_guard_bd_i/kv_lifecycle_guard_0_dbg_reuse_refused,kv_guard_bd_i/kv_lifecycle_guard_0_dbg_stale,kv_guard_bd_i/kv_lifecycle_guard_0_dbg_payload_mm,kv_guard_bd_i/kv_lifecycle_guard_0_dbg_evictable,kv_guard_bd_i/kv_lifecycle_guard_0_dbg_outstanding[1:0],kv_guard_bd_i/kv_lifecycle_guard_0_dbg_ar_wait[15:0],kv_guard_bd_i/kv_lifecycle_guard_0_dbg_rd_latency[15:0],kv_guard_bd_i/kv_lifecycle_guard_0_dbg_rd_latency_max[15:0],kv_guard_bd_i/kv_lifecycle_guard_0_dbg_sticky[7:0]
Radix - UNSIGNED,UNSIGNED,UNSIGNED,HEX,HEX,HEX,HEX,HEX,HEX,HEX,HEX,HEX,HEX,HEX,HEX,HEX,HEX,HEX,HEX,HEX,HEX,HEX,HEX,HEX
0,0,0,1,f1ac,00,00,00,0,00,00,00,00,0,0,0,0,0,0,0,0000,0000,0000,00
1,1,0,1,f1ad,00,00,00,0,00,00,00,00,0,0,0,0,0,0,0,0000,0000,0000,00
2,2,0,1,f1ae,00,00,00,0,00,00,00,00,0,0,0,0,0,0,0,0000,0000,0000,00
3,3,0,1,f1af,00,00,00,0,00,00,00,00,0,0,0,0,0,0,0,0000,0000,0000,00
4,4,0,1,f1b0,00,00,00,0,00,00,00,00,0,0,0,0,0,0,0,0000,0000,0000,00
5,5,0,1,f1b1,00,00,00,0,00,00,00,00,0,0,0,0,0,0,0,0000,0000,0000,00
6,6,0,1,f1b2,00,00,00,0,00,00,00,00,0,0,0,0,0,0,0,0000,0000,0000,00
7,7,0,1,f1b3,00,00,00,0,00,00,00,00,0,0,0,0,0,0,0,0000,0000,0000,00
8,8,0,1,f1b4,00,00,00,0,00,00,00,00,0,0,0,0,0,0,0,0000,0000,0000,00
9,9,0,1,f1b5,00,00,00,0,00,00,00,00,0,0,0,0,0,0,0,0000,0000,0000,00
10,10,0,1,f1b6,00,00,00,0,00,00,00,00,0,0,0,0,0,0,0,0000,0000,0000,00
11,11,0,1,f1b7,00,00,00,0,00,00,00,00,0,0,0,0,0,0,0,0000,0000,0000,00
12,12,0,1,f1b8,00,00,00,0,00,00,00,00,0,0,0,0,0,0,0,0000,0000,0000,00
13,13,0,1,f1b9,00,00,00,0,00,00,00,00,0,0,0,0,0,0,0,0000,0000,0000,00
14,14,0,1,f1ba,00,00,00,0,00,00,00,00,0,0,0,0,0,0,0,0000,0000,0000,00
15,15,0,1,f1bb,00,00,00,0,00,00,00,00,0,0,0,0,0,0,0,0000,0000,0000,00
16,16,0,1,f1bc,00,00,00,0,00,00,00,00,0,0,0,0,0,0,0,0000,0000,0000,00
17,17,0,1,f1bd,00,00,00,0,00,00,00,00,0,0,0,0,0,0,0,0000,0000,0000,00
18,18,0,1,f1be,00,00,00,0,00,00,00,00,0,0,0,0,0,0,0,0000,0000,0000,00
19,19,0,1,f1bf,00,00,00,0,00,00,00,00,0,0,0,0,0,0,0,0000,0000,0000,00
20,20,0,1,f1c0,00,00,00,0,00,00,00,00,0,0,0,0,0,0,0,0000,0000,0000,00
21,21,0,1,f1c1,00,00,00,0,00,00,00,00,0,0,0,0,0,0,0,0000,0000,0000,00
22,22,0,1,f1c2,00,00,00,0,00,00,00,00,0,0,0,0,0,0,0,0000,0000,0000,00
23,23,0,1,f1c3,00,00,00,0,00,00,00,00,0,0,0,0,0,0,0,0000,0000,0000,00
24,24,0,1,f1c4,00,00,00,0,00,00,00,00,0,0,0,0,0,0,0,0000,0000,0000,00
25,25,0,1,f1c5,00,00,00,0,00,00,00,00,0,0,0,0,0,0,0,0000,0000,0000,00
26,26,0,1,f1c6,00,00,00,0,00,00,00,00,0,0,0,0,0,0,0,0000,0000,0000,00
27,27,0,1,f1c7,00,00,00,0,00,00,00,00,0,0,0,0,0,0,0,0000,0000,0000,00
28,28,0,1,f1c8,00,00,00,0,00,00,00,00,0,0,0,0,0,0,0,0000,0000,0000,00
29,29,0,1,f1c9,00,00,00,0,00,00,00,00,0,0,0,0,0,0,0,0000,0000,0000,00
30,30,0,1,f1ca,00,00,00,0,00,00,00,00,0,0,0,0,0,0,0,0000,0000,0000,00
31,31,0,1,f1cb,00,00,00,0,00,00,00,00,0,0,0,0,0,0,0,0000,0000,0000,00
32,32,0,1,f1cc,00,00,00,0,00,00,00,00,0,0,0,0,0,0,0,0000,0000,0000,00
33,33,0,1,f1cd,00,00,00,0,00,00,00,00,0,0,0,0,0,0,0,0000,0000,0000,00
34,34,0,1,f1ce,00,00,00,0,00,00,00,00,0,0,0,0,0,0,0,0000,0000,0000,00
35,35,0,1,f1cf,00,00,00,0,00,00,00,00,0,0,0,0,0,0,0,0000,0000,0000,00
36,36,0,1,f1d0,00,00,00,0,00,00,00,00,0,0,0,0,0,0,0,0000,0000,0000,00
37,37,0,1,f1d1,00,00,00,0,00,00,00,00,0,0,0,0,0,0,0,0000,0000,0000,00
38,38,0,1,f1d2,00,00,00,0,00,00,00,00,0,0,0,0,0,0,0,0000,0000,0000,00
39,39,0,1,f1d3,00,00,00,0,00,00,00,00,0,0,0,0,0,0,0,0000,0000,0000,00
40,40,0,1,f1d4,00,00,00,0,00,00,00,00,0,0,0,0,0,0,0,0000,0000,0000,00
41,41,0,1,f1d5,00,00,00,0,00,00,00,00,0,0,0,0,0,0,0,0000,0000,0000,00
42,42,0,1,f1d6,00,00,00,0,00,00,00,00,0,0,0,0,0,0,0,0000,0000,0000,00
43,43,0,1,f1d7,00,00,00,0,00,00,00,00,0,0,0,0,0,0,0,0000,0000,0000,00
44,44,0,1,f1d8,00,00,00,0,00,00,00,00,0,0,0,0,0,0,0,0000,0000,0000,00
45,45,0,1,f1d9,00,00,00,0,00,00,00,00,0,0,0,0,0,0,0,0000,0000,0000,00
46,46,0,1,f1da,00,00,00,0,00,00,00,00,0,0,0,0,0,0,0,0000,0000,0000,00
47,47,0,1,f1db,00,00,00,0,00,00,00,00,0,0,0,0,0,0,0,0000,0000,0000,00
48,48,0,1,f1dc,00,00,00,0,00,00,00,00,0,0,0,0,0,0,0,0000,0000,0000,00
49,49,0,1,f1dd,00,00,00,0,00,00,00,00,0,0,0,0,0,0,0,0000,0000,0000,00
50,50,0,1,f1de,00,00,00,0,00,00,00,00,0,0,0,0,0,0,0,0000,0000,0000,00
51,51,0,1,f1df,00,00,00,0,00,00,00,00,0,0,0,0,0,0,0,0000,0000,0000,00
52,52,0,1,f1e0,00,00,00,0,00,00,00,00,0,0,0,0,0,0,0,0000,0000,0000,00
53,53,0,1,f1e1,00,00,00,0,00,00,00,00,0,0,0,0,0,0,0,0000,0000,0000,00
54,54,0,1,f1e2,00,00,00,0,00,00,00,00,0,0,0,0,0,0,0,0000,0000,0000,00
55,55,0,1,f1e3,00,00,00,0,00,00,00,00,0,0,0,0,0,0,0,0000,0000,0000,00
56,56,0,1,f1e4,00,00,00,0,00,00,00,00,0,0,0,0,0,0,0,0000,0000,0000,00
57,57,0,1,f1e5,00,00,00,0,00,00,00,00,0,0,0,0,0,0,0,0000,0000,0000,00
58,58,0,1,f1e6,00,00,00,0,00,00,00,00,0,0,0,0,0,0,0,0000,0000,0000,00
59,59,0,1,f1e7,00,00,00,0,00,00,00,00,0,0,0,0,0,0,0,0000,0000,0000,00
60,60,0,1,f1e8,00,00,00,0,00,00,00,00,0,0,0,0,0,0,0,0000,0000,0000,00
61,61,0,1,f1e9,00,00,00,0,00,00,00,00,0,0,0,0,0,0,0,0000,0000,0000,00
62,62,0,1,f1ea,00,00,00,0,00,00,00,00,0,0,0,0,0,0,0,0000,0000,0000,00
63,63,0,1,f1eb,00,00,00,0,00,00,00,00,0,0,0,0,0,0,0,0000,0000,0000,00
64,64,0,1,f1ec,00,00,00,0,00,00,00,00,0,0,0,0,0,0,0,0000,0000,0000,00
65,65,0,1,f1ed,00,00,00,0,00,00,00,00,0,0,0,0,0,0,0,0000,0000,0000,00
66,66,0,1,f1ee,00,00,00,0,00,00,00,00,0,0,0,0,0,0,0,0000,0000,0000,00
67,67,0,1,f1ef,00,00,00,0,00,00,00,00,0,0,0,0,0,0,0,0000,0000,0000,00
68,68,0,1,f1f0,00,00,00,0,00,00,00,00,0,0,0,0,0,0,0,0000,0000,0000,00
69,69,0,1,f1f1,00,00,00,0,00,00,00,00,0,0,0,0,0,0,0,0000,0000,0000,00
70,70,0,1,f1f2,00,00,00,0,00,00,00,00,0,0,0,0,0,0,0,0000,0000,0000,00
71,71,0,1,f1f3,00,00,00,0,00,00,00,00,0,0,0,0,0,0,0,0000,0000,0000,00
72,72,0,1,f1f4,00,00,00,0,00,00,00,00,0,0,0,0,0,0,0,0000,0000,0000,00
73,73,0,1,f1f5,00,00,00,0,00,00,00,00,0,0,0,0,0,0,0,0000,0000,0000,00
74,74,0,1,f1f6,00,00,00,0,00,00,00,00,0,0,0,0,0,0,0,0000,0000,0000,00
75,75,0,1,f1f7,00,00,00,0,00,00,00,00,0,0,0,0,0,0,0,0000,0000,0000,00
76,76,0,1,f1f8,00,00,00,0,00,00,00,00,0,0,0,0,0,0,0,0000,0000,0000,00
77,77,0,1,f1f9,00,00,00,0,00,00,00,00,0,0,0,0,0,0,0,0000,0000,0000,00
78,78,0,1,f1fa,00,00,00,0,00,00,00,00,0,0,0,0,0,0,0,0000,0000,0000,00
79,79,0,1,f1fb,00,00,00,0,00,00,00,00,0,0,0,0,0,0,0,0000,0000,0000,00
80,80,0,1,f1fc,00,00,00,0,00,00,00,00,0,0,0,0,0,0,0,0000,0000,0000,00
81,81,0,1,f1fd,00,00,00,0,00,00,00,00,0,0,0,0,0,0,0,0000,0000,0000,00
82,82,0,1,f1fe,00,00,00,0,00,00,00,00,0,0,0,0,0,0,0,0000,0000,0000,00
83,83,0,1,f1ff,00,00,00,0,00,00,00,00,0,0,0,0,0,0,0,0000,0000,0000,00
84,84,0,1,f200,00,00,00,0,00,00,00,00,0,0,0,0,0,0,0,0000,0000,0000,00
85,85,0,1,f201,00,00,00,0,00,00,00,00,0,0,0,0,0,0,0,0000,0000,0000,00
86,86,0,1,f202,00,00,00,0,00,00,00,00,0,0,0,0,0,0,0,0000,0000,0000,00
87,87,0,1,f203,00,00,00,0,00,00,00,00,0,0,0,0,0,0,0,0000,0000,0000,00
88,88,0,1,f204,00,00,00,0,00,00,00,00,0,0,0,0,0,0,0,0000,0000,0000,00
89,89,0,1,f205,00,00,00,0,00,00,00,00,0,0,0,0,0,0,0,0000,0000,0000,00
90,90,0,1,f206,00,00,00,0,00,00,00,00,0,0,0,0,0,0,0,0000,0000,0000,00
91,91,0,1,f207,00,00,00,0,00,00,00,00,0,0,0,0,0,0,0,0000,0000,0000,00
92,92,0,1,f208,00,00,00,0,00,00,00,00,0,0,0,0,0,0,0,0000,0000,0000,00
93,93,0,1,f209,00,00,00,0,00,00,00,00,0,0,0,0,0,0,0,0000,0000,0000,00
94,94,0,1,f20a,00,00,00,0,00,00,00,00,0,0,0,0,0,0,0,0000,0000,0000,00
95,95,0,1,f20b,00,00,00,0,00,00,00,00,0,0,0,0,0,0,0,0000,0000,0000,00
96,96,0,1,f20c,00,00,00,0,00,00,00,00,0,0,0,0,0,0,0,0000,0000,0000,00
97,97,0,1,f20d,00,00,00,0,00,00,00,00,0,0,0,0,0,0,0,0000,0000,0000,00
98,98,0,1,f20e,00,00,00,0,00,00,00,00,0,0,0,0,0,0,0,0000,0000,0000,00
99,99,0,1,f20f,00,00,00,0,00,00,00,00,0,0,0,0,0,0,0,0000,0000,0000,00
100,100,0,1,f210,00,00,00,0,00,00,00,00,0,0,0,0,0,0,0,0000,0000,0000,00
101,101,0,1,f211,00,00,00,0,00,00,00,00,0,0,0,0,0,0,0,0000,0000,0000,00
102,102,0,1,f212,00,00,00,0,00,00,00,00,0,0,0,0,0,0,0,0000,0000,0000,00
103,103,0,1,f213,00,00,00,0,00,00,00,00,0,0,0,0,0,0,0,0000,0000,0000,00
104,104,0,1,f214,00,00,00,0,00,00,00,00,0,0,0,0,0,0,0,0000,0000,0000,00
105,105,0,1,f215,00,00,00,0,00,00,00,00,0,0,0,0,0,0,0,0000,0000,0000,00
106,106,0,1,f216,00,00,00,0,00,00,00,00,0,0,0,0,0,0,0,0000,0000,0000,00
107,107,0,1,f217,00,00,00,0,00,00,00,00,0,0,0,0,0,0,0,0000,0000,0000,00
108,108,0,1,f218,00,00,00,0,00,00,00,00,0,0,0,0,0,0,0,0000,0000,0000,00
109,109,0,1,f219,00,00,00,0,00,00,00,00,0,0,0,0,0,0,0,0000,0000,0000,00
110,110,0,1,f21a,00,00,00,0,00,00,00,00,0,0,0,0,0,0,0,0000,0000,0000,00
111,111,0,1,f21b,00,00,00,0,00,00,00,00,0,0,0,0,0,0,0,0000,0000,0000,00
112,112,0,1,f21c,00,00,00,0,00,00,00,00,0,0,0,0,0,0,0,0000,0000,0000,00
113,113,0,1,f21d,00,00,00,0,00,00,00,00,0,0,0,0,0,0,0,0000,0000,0000,00
114,114,0,1,f21e,00,00,00,0,00,00,00,00,0,0,0,0,0,0,0,0000,0000,0000,00
115,115,0,1,f21f,00,00,00,0,00,00,00,00,0,0,0,0,0,0,0,0000,0000,0000,00
116,116,0,1,f220,00,00,00,0,00,00,00,00,0,0,0,0,0,0,0,0000,0000,0000,00
117,117,0,1,f221,00,00,00,0,00,00,00,00,0,0,0,0,0,0,0,0000,0000,0000,00
118,118,0,1,f222,00,00,00,0,00,00,00,00,0,0,0,0,0,0,0,0000,0000,0000,00
119,119,0,1,f223,00,00,00,0,00,00,00,00,0,0,0,0,0,0,0,0000,0000,0000,00
120,120,0,1,f224,00,00,00,0,00,00,00,00,0,0,0,0,0,0,0,0000,0000,0000,00
121,121,0,1,f225,00,00,00,0,00,00,00,00,0,0,0,0,0,0,0,0000,0000,0000,00
122,122,0,1,f226,00,00,00,0,00,00,00,00,0,0,0,0,0,0,0,0000,0000,0000,00
123,123,0,1,f227,00,00,00,0,00,00,00,00,0,0,0,0,0,0,0,0000,0000,0000,00
124,124,0,1,f228,00,00,00,0,00,00,00,00,0,0,0,0,0,0,0,0000,0000,0000,00
125,125,0,1,f229,00,00,00,0,00,00,00,00,0,0,0,0,0,0,0,0000,0000,0000,00
126,126,0,1,f22a,00,00,00,0,00,00,00,00,0,0,0,0,0,0,0,0000,0000,0000,00
127,127,0,1,f22b,00,00,00,0,00,00,00,00,0,0,0,0,0,0,0,0000,0000,0000,00
128,128,0,1,f22c,00,00,00,0,00,00,00,00,0,0,0,0,0,0,0,0000,0000,0000,00
129,129,0,1,f22d,00,00,00,0,00,00,00,00,0,0,0,0,0,0,0,0000,0000,0000,00
130,130,0,1,f22e,00,00,00,0,00,00,00,00,0,0,0,0,0,0,0,0000,0000,0000,00
131,131,0,1,f22f,00,00,00,0,00,00,00,00,0,0,0,0,0,0,0,0000,0000,0000,00
132,132,0,1,f230,00,00,00,0,00,00,00,00,0,0,0,0,0,0,0,0000,0000,0000,00
133,133,0,1,f231,00,00,00,0,00,00,00,00,0,0,0,0,0,0,0,0000,0000,0000,00
134,134,0,1,f232,00,00,00,0,00,00,00,00,0,0,0,0,0,0,0,0000,0000,0000,00
135,135,0,1,f233,00,00,00,0,00,00,00,00,0,0,0,0,0,0,0,0000,0000,0000,00
136,136,0,1,f234,00,00,00,0,00,00,00,00,0,0,0,0,0,0,0,0000,0000,0000,00
137,137,0,1,f235,00,00,00,0,00,00,00,00,0,0,0,0,0,0,0,0000,0000,0000,00
138,138,0,1,f236,00,00,00,0,00,00,00,00,0,0,0,0,0,0,0,0000,0000,0000,00
139,139,0,1,f237,00,00,00,0,00,00,00,00,0,0,0,0,0,0,0,0000,0000,0000,00
140,140,0,1,f238,00,00,00,0,00,00,00,00,0,0,0,0,0,0,0,0000,0000,0000,00
141,141,0,1,f239,00,00,00,0,00,00,00,00,0,0,0,0,0,0,0,0000,0000,0000,00
142,142,0,1,f23a,00,00,00,0,00,00,00,00,0,0,0,0,0,0,0,0000,0000,0000,00
143,143,0,1,f23b,00,00,00,0,00,00,00,00,0,0,0,0,0,0,0,0000,0000,0000,00
144,144,0,1,f23c,00,00,00,0,00,00,00,00,0,0,0,0,0,0,0,0000,0000,0000,00
145,145,0,1,f23d,00,00,00,0,00,00,00,00,0,0,0,0,0,0,0,0000,0000,0000,00
146,146,0,1,f23e,00,00,00,0,00,00,00,00,0,0,0,0,0,0,0,0000,0000,0000,00
147,147,0,1,f23f,00,00,00,0,00,00,00,00,0,0,0,0,0,0,0,0000,0000,0000,00
148,148,0,1,f240,00,00,00,0,00,00,00,00,0,0,0,0,0,0,0,0000,0000,0000,00
149,149,0,1,f241,00,00,00,0,00,00,00,00,0,0,0,0,0,0,0,0000,0000,0000,00
150,150,0,1,f242,00,00,00,0,00,00,00,00,0,0,0,0,0,0,0,0000,0000,0000,00
151,151,0,1,f243,00,00,00,0,00,00,00,00,0,0,0,0,0,0,0,0000,0000,0000,00
152,152,0,1,f244,00,00,00,0,00,00,00,00,0,0,0,0,0,0,0,0000,0000,0000,00
153,153,0,1,f245,00,00,00,0,00,00,00,00,0,0,0,0,0,0,0,0000,0000,0000,00
154,154,0,1,f246,00,00,00,0,00,00,00,00,0,0,0,0,0,0,0,0000,0000,0000,00
155,155,0,1,f247,00,00,00,0,00,00,00,00,0,0,0,0,0,0,0,0000,0000,0000,00
156,156,0,1,f248,00,00,00,0,00,00,00,00,0,0,0,0,0,0,0,0000,0000,0000,00
157,157,0,1,f249,00,00,00,0,00,00,00,00,0,0,0,0,0,0,0,0000,0000,0000,00
158,158,0,1,f24a,00,00,00,0,00,00,00,00,0,0,0,0,0,0,0,0000,0000,0000,00
159,159,0,1,f24b,00,00,00,0,00,00,00,00,0,0,0,0,0,0,0,0000,0000,0000,00
160,160,0,1,f24c,00,00,00,0,00,00,00,00,0,0,0,0,0,0,0,0000,0000,0000,00
161,161,0,1,f24d,00,00,00,0,00,00,00,00,0,0,0,0,0,0,0,0000,0000,0000,00
162,162,0,1,f24e,00,00,00,0,00,00,00,00,0,0,0,0,0,0,0,0000,0000,0000,00
163,163,0,1,f24f,00,00,00,0,00,00,00,00,0,0,0,0,0,0,0,0000,0000,0000,00
164,164,0,1,f250,00,00,00,0,00,00,00,00,0,0,0,0,0,0,0,0000,0000,0000,00
165,165,0,1,f251,00,00,00,0,00,00,00,00,0,0,0,0,0,0,0,0000,0000,0000,00
166,166,0,1,f252,00,00,00,0,00,00,00,00,0,0,0,0,0,0,0,0000,0000,0000,00
167,167,0,1,f253,00,00,00,0,00,00,00,00,0,0,0,0,0,0,0,0000,0000,0000,00
168,168,0,1,f254,00,00,00,0,00,00,00,00,0,0,0,0,0,0,0,0000,0000,0000,00
169,169,0,1,f255,00,00,00,0,00,00,00,00,0,0,0,0,0,0,0,0000,0000,0000,00
170,170,0,1,f256,00,00,00,0,00,00,00,00,0,0,0,0,0,0,0,0000,0000,0000,00
171,171,0,1,f257,00,00,00,0,00,00,00,00,0,0,0,0,0,0,0,0000,0000,0000,00
172,172,0,1,f258,00,00,00,0,00,00,00,00,0,0,0,0,0,0,0,0000,0000,0000,00
173,173,0,1,f259,00,00,00,0,00,00,00,00,0,0,0,0,0,0,0,0000,0000,0000,00
174,174,0,1,f25a,00,00,00,0,00,00,00,00,0,0,0,0,0,0,0,0000,0000,0000,00
175,175,0,1,f25b,00,00,00,0,00,00,00,00,0,0,0,0,0,0,0,0000,0000,0000,00
176,176,0,1,f25c,00,00,00,0,00,00,00,00,0,0,0,0,0,0,0,0000,0000,0000,00
177,177,0,1,f25d,00,00,00,0,00,00,00,00,0,0,0,0,0,0,0,0000,0000,0000,00
178,178,0,1,f25e,00,00,00,0,00,00,00,00,0,0,0,0,0,0,0,0000,0000,0000,00
179,179,0,1,f25f,00,00,00,0,00,00,00,00,0,0,0,0,0,0,0,0000,0000,0000,00
180,180,0,1,f260,00,00,00,0,00,00,00,00,0,0,0,0,0,0,0,0000,0000,0000,00
181,181,0,1,f261,00,00,00,0,00,00,00,00,0,0,0,0,0,0,0,0000,0000,0000,00
182,182,0,1,f262,00,00,00,0,00,00,00,00,0,0,0,0,0,0,0,0000,0000,0000,00
183,183,0,1,f263,00,00,00,0,00,00,00,00,0,0,0,0,0,0,0,0000,0000,0000,00
184,184,0,1,f264,00,00,00,0,00,00,00,00,0,0,0,0,0,0,0,0000,0000,0000,00
185,185,0,1,f265,00,00,00,0,00,00,00,00,0,0,0,0,0,0,0,0000,0000,0000,00
186,186,0,1,f266,00,00,00,0,00,00,00,00,0,0,0,0,0,0,0,0000,0000,0000,00
187,187,0,1,f267,00,00,00,0,00,00,00,00,0,0,0,0,0,0,0,0000,0000,0000,00
188,188,0,1,f268,00,00,00,0,00,00,00,00,0,0,0,0,0,0,0,0000,0000,0000,00
189,189,0,1,f269,00,00,00,0,00,00,00,00,0,0,0,0,0,0,0,0000,0000,0000,00
190,190,0,1,f26a,00,00,00,0,00,00,00,00,0,0,0,0,0,0,0,0000,0000,0000,00
191,191,0,1,f26b,00,00,00,0,00,00,00,00,0,0,0,0,0,0,0,0000,0000,0000,00
192,192,0,1,f26c,00,00,00,0,00,00,00,00,0,0,0,0,0,0,0,0000,0000,0000,00
193,193,0,1,f26d,00,00,00,0,00,00,00,00,0,0,0,0,0,0,0,0000,0000,0000,00
194,194,0,1,f26e,00,00,00,0,00,00,00,00,0,0,0,0,0,0,0,0000,0000,0000,00
195,195,0,1,f26f,00,00,00,0,00,00,00,00,0,0,0,0,0,0,0,0000,0000,0000,00
196,196,0,1,f270,00,00,00,0,00,00,00,00,0,0,0,0,0,0,0,0000,0000,0000,00
197,197,0,1,f271,00,00,00,0,00,00,00,00,0,0,0,0,0,0,0,0000,0000,0000,00
198,198,0,1,f272,00,00,00,0,00,00,00,00,0,0,0,0,0,0,0,0000,0000,0000,00
199,199,0,1,f273,00,00,00,0,00,00,00,00,0,0,0,0,0,0,0,0000,0000,0000,00
200,200,0,1,f274,00,00,00,0,00,00,00,00,0,0,0,0,0,0,0,0000,0000,0000,00
201,201,0,1,f275,00,00,00,0,00,00,00,00,0,0,0,0,0,0,0,0000,0000,0000,00
202,202,0,1,f276,00,00,00,0,00,00,00,00,0,0,0,0,0,0,0,0000,0000,0000,00
203,203,0,1,f277,00,00,00,0,00,00,00,00,0,0,0,0,0,0,0,0000,0000,0000,00
204,204,0,1,f278,00,00,00,0,00,00,00,00,0,0,0,0,0,0,0,0000,0000,0000,00
205,205,0,1,f279,00,00,00,0,00,00,00,00,0,0,0,0,0,0,0,0000,0000,0000,00
206,206,0,1,f27a,00,00,00,0,00,00,00,00,0,0,0,0,0,0,0,0000,0000,0000,00
207,207,0,1,f27b,00,00,00,0,00,00,00,00,0,0,0,0,0,0,0,0000,0000,0000,00
208,208,0,1,f27c,00,00,00,0,00,00,00,00,0,0,0,0,0,0,0,0000,0000,0000,00
209,209,0,1,f27d,00,00,00,0,00,00,00,00,0,0,0,0,0,0,0,0000,0000,0000,00
210,210,0,1,f27e,00,00,00,0,00,00,00,00,0,0,0,0,0,0,0,0000,0000,0000,00
211,211,0,1,f27f,00,00,00,0,00,00,00,00,0,0,0,0,0,0,0,0000,0000,0000,00
212,212,0,1,f280,00,00,00,0,00,00,00,00,0,0,0,0,0,0,0,0000,0000,0000,00
213,213,0,1,f281,00,00,00,0,00,00,00,00,0,0,0,0,0,0,0,0000,0000,0000,00
214,214,0,1,f282,00,00,00,0,00,00,00,00,0,0,0,0,0,0,0,0000,0000,0000,00
215,215,0,1,f283,00,00,00,0,00,00,00,00,0,0,0,0,0,0,0,0000,0000,0000,00
216,216,0,1,f284,00,00,00,0,00,00,00,00,0,0,0,0,0,0,0,0000,0000,0000,00
217,217,0,1,f285,00,00,00,0,00,00,00,00,0,0,0,0,0,0,0,0000,0000,0000,00
218,218,0,1,f286,00,00,00,0,00,00,00,00,0,0,0,0,0,0,0,0000,0000,0000,00
219,219,0,1,f287,00,00,00,0,00,00,00,00,0,0,0,0,0,0,0,0000,0000,0000,00
220,220,0,1,f288,00,00,00,0,00,00,00,00,0,0,0,0,0,0,0,0000,0000,0000,00
221,221,0,1,f289,00,00,00,0,00,00,00,00,0,0,0,0,0,0,0,0000,0000,0000,00
222,222,0,1,f28a,00,00,00,0,00,00,00,00,0,0,0,0,0,0,0,0000,0000,0000,00
223,223,0,1,f28b,00,00,00,0,00,00,00,00,0,0,0,0,0,0,0,0000,0000,0000,00
224,224,0,1,f28c,00,00,00,0,00,00,00,00,0,0,0,0,0,0,0,0000,0000,0000,00
225,225,0,1,f28d,00,00,00,0,00,00,00,00,0,0,0,0,0,0,0,0000,0000,0000,00
226,226,0,1,f28e,00,00,00,0,00,00,00,00,0,0,0,0,0,0,0,0000,0000,0000,00
227,227,0,1,f28f,00,00,00,0,00,00,00,00,0,0,0,0,0,0,0,0000,0000,0000,00
228,228,0,1,f290,00,00,00,0,00,00,00,00,0,0,0,0,0,0,0,0000,0000,0000,00
229,229,0,1,f291,00,00,00,0,00,00,00,00,0,0,0,0,0,0,0,0000,0000,0000,00
230,230,0,1,f292,00,00,00,0,00,00,00,00,0,0,0,0,0,0,0,0000,0000,0000,00
231,231,0,1,f293,00,00,00,0,00,00,00,00,0,0,0,0,0,0,0,0000,0000,0000,00
232,232,0,1,f294,00,00,00,0,00,00,00,00,0,0,0,0,0,0,0,0000,0000,0000,00
233,233,0,1,f295,00,00,00,0,00,00,00,00,0,0,0,0,0,0,0,0000,0000,0000,00
234,234,0,1,f296,00,00,00,0,00,00,00,00,0,0,0,0,0,0,0,0000,0000,0000,00
235,235,0,1,f297,00,00,00,0,00,00,00,00,0,0,0,0,0,0,0,0000,0000,0000,00
236,236,0,1,f298,00,00,00,0,00,00,00,00,0,0,0,0,0,0,0,0000,0000,0000,00
237,237,0,1,f299,00,00,00,0,00,00,00,00,0,0,0,0,0,0,0,0000,0000,0000,00
238,238,0,1,f29a,00,00,00,0,00,00,00,00,0,0,0,0,0,0,0,0000,0000,0000,00
239,239,0,1,f29b,00,00,00,0,00,00,00,00,0,0,0,0,0,0,0,0000,0000,0000,00
240,240,0,1,f29c,00,00,00,0,00,00,00,00,0,0,0,0,0,0,0,0000,0000,0000,00
241,241,0,1,f29d,00,00,00,0,00,00,00,00,0,0,0,0,0,0,0,0000,0000,0000,00
242,242,0,1,f29e,00,00,00,0,00,00,00,00,0,0,0,0,0,0,0,0000,0000,0000,00
243,243,0,1,f29f,00,00,00,0,00,00,00,00,0,0,0,0,0,0,0,0000,0000,0000,00
244,244,0,1,f2a0,00,00,00,0,00,00,00,00,0,0,0,0,0,0,0,0000,0000,0000,00
245,245,0,1,f2a1,00,00,00,0,00,00,00,00,0,0,0,0,0,0,0,0000,0000,0000,00
246,246,0,1,f2a2,00,00,00,0,00,00,00,00,0,0,0,0,0,0,0,0000,0000,0000,00
247,247,0,1,f2a3,00,00,00,0,00,00,00,00,0,0,0,0,0,0,0,0000,0000,0000,00
248,248,0,1,f2a4,00,00,00,0,00,00,00,00,0,0,0,0,0,0,0,0000,0000,0000,00
249,249,0,1,f2a5,00,00,00,0,00,00,00,00,0,0,0,0,0,0,0,0000,0000,0000,00
250,250,0,1,f2a6,00,00,00,0,00,00,00,00,0,0,0,0,0,0,0,0000,0000,0000,00
251,251,0,1,f2a7,00,00,00,0,00,00,00,00,0,0,0,0,0,0,0,0000,0000,0000,00
252,252,0,1,f2a8,00,00,00,0,00,00,00,00,0,0,0,0,0,0,0,0000,0000,0000,00
253,253,0,1,f2a9,00,00,00,0,00,00,00,00,0,0,0,0,0,0,0,0000,0000,0000,00
254,254,0,1,f2aa,00,00,00,0,00,00,00,00,0,0,0,0,0,0,0,0000,0000,0000,00
255,255,0,1,f2ab,00,00,00,0,00,00,00,00,0,0,0,0,0,0,0,0000,0000,0000,00
256,256,0,1,f2ac,00,00,00,0,00,00,00,00,0,0,0,0,0,0,0,0000,0000,0000,00
257,257,0,1,f2ad,00,00,00,0,00,00,00,00,0,0,0,0,0,0,0,0000,0000,0000,00
258,258,0,1,f2ae,00,00,00,0,00,00,00,00,0,0,0,0,0,0,0,0000,0000,0000,00
259,259,0,1,f2af,00,00,00,0,00,00,00,00,0,0,0,0,0,0,0,0000,0000,0000,00
260,260,0,1,f2b0,00,00,00,0,00,00,00,00,0,0,0,0,0,0,0,0000,0000,0000,00
261,261,0,1,f2b1,00,00,00,0,00,00,00,00,0,0,0,0,0,0,0,0000,0000,0000,00
262,262,0,1,f2b2,00,00,00,0,00,00,00,00,0,0,0,0,0,0,0,0000,0000,0000,00
263,263,0,1,f2b3,00,00,00,0,00,00,00,00,0,0,0,0,0,0,0,0000,0000,0000,00
264,264,0,1,f2b4,00,00,00,0,00,00,00,00,0,0,0,0,0,0,0,0000,0000,0000,00
265,265,0,1,f2b5,00,00,00,0,00,00,00,00,0,0,0,0,0,0,0,0000,0000,0000,00
266,266,0,1,f2b6,00,00,00,0,00,00,00,00,0,0,0,0,0,0,0,0000,0000,0000,00
267,267,0,1,f2b7,00,00,00,0,00,00,00,00,0,0,0,0,0,0,0,0000,0000,0000,00
268,268,0,1,f2b8,00,00,00,0,00,00,00,00,0,0,0,0,0,0,0,0000,0000,0000,00
269,269,0,1,f2b9,00,00,00,0,00,00,00,00,0,0,0,0,0,0,0,0000,0000,0000,00
270,270,0,1,f2ba,00,00,00,0,00,00,00,00,0,0,0,0,0,0,0,0000,0000,0000,00
271,271,0,1,f2bb,00,00,00,0,00,00,00,00,0,0,0,0,0,0,0,0000,0000,0000,00
272,272,0,1,f2bc,00,00,00,0,00,00,00,00,0,0,0,0,0,0,0,0000,0000,0000,00
273,273,0,1,f2bd,00,00,00,0,00,00,00,00,0,0,0,0,0,0,0,0000,0000,0000,00
274,274,0,1,f2be,00,00,00,0,00,00,00,00,0,0,0,0,0,0,0,0000,0000,0000,00
275,275,0,1,f2bf,00,00,00,0,00,00,00,00,0,0,0,0,0,0,0,0000,0000,0000,00
276,276,0,1,f2c0,00,00,00,0,00,00,00,00,0,0,0,0,0,0,0,0000,0000,0000,00
277,277,0,1,f2c1,00,00,00,0,00,00,00,00,0,0,0,0,0,0,0,0000,0000,0000,00
278,278,0,1,f2c2,00,00,00,0,00,00,00,00,0,0,0,0,0,0,0,0000,0000,0000,00
279,279,0,1,f2c3,00,00,00,0,00,00,00,00,0,0,0,0,0,0,0,0000,0000,0000,00
280,280,0,1,f2c4,00,00,00,0,00,00,00,00,0,0,0,0,0,0,0,0000,0000,0000,00
281,281,0,1,f2c5,00,00,00,0,00,00,00,00,0,0,0,0,0,0,0,0000,0000,0000,00
282,282,0,1,f2c6,00,00,00,0,00,00,00,00,0,0,0,0,0,0,0,0000,0000,0000,00
283,283,0,1,f2c7,00,00,00,0,00,00,00,00,0,0,0,0,0,0,0,0000,0000,0000,00
284,284,0,1,f2c8,00,00,00,0,00,00,00,00,0,0,0,0,0,0,0,0000,0000,0000,00
285,285,0,1,f2c9,00,00,00,0,00,00,00,00,0,0,0,0,0,0,0,0000,0000,0000,00
286,286,0,1,f2ca,00,00,00,0,00,00,00,00,0,0,0,0,0,0,0,0000,0000,0000,00
287,287,0,1,f2cb,00,00,00,0,00,00,00,00,0,0,0,0,0,0,0,0000,0000,0000,00
288,288,0,1,f2cc,00,00,00,0,00,00,00,00,0,0,0,0,0,0,0,0000,0000,0000,00
289,289,0,1,f2cd,00,00,00,0,00,00,00,00,0,0,0,0,0,0,0,0000,0000,0000,00
290,290,0,1,f2ce,00,00,00,0,00,00,00,00,0,0,0,0,0,0,0,0000,0000,0000,00
291,291,0,1,f2cf,00,00,00,0,00,00,00,00,0,0,0,0,0,0,0,0000,0000,0000,00
292,292,0,1,f2d0,00,00,00,0,00,00,00,00,0,0,0,0,0,0,0,0000,0000,0000,00
293,293,0,1,f2d1,00,00,00,0,00,00,00,00,0,0,0,0,0,0,0,0000,0000,0000,00
294,294,0,1,f2d2,00,00,00,0,00,00,00,00,0,0,0,0,0,0,0,0000,0000,0000,00
295,295,0,1,f2d3,00,00,00,0,00,00,00,00,0,0,0,0,0,0,0,0000,0000,0000,00
296,296,0,1,f2d4,00,00,00,0,00,00,00,00,0,0,0,0,0,0,0,0000,0000,0000,00
297,297,0,1,f2d5,00,00,00,0,00,00,00,00,0,0,0,0,0,0,0,0000,0000,0000,00
298,298,0,1,f2d6,00,00,00,0,00,00,00,00,0,0,0,0,0,0,0,0000,0000,0000,00
299,299,0,1,f2d7,00,00,00,0,00,00,00,00,0,0,0,0,0,0,0,0000,0000,0000,00
300,300,0,1,f2d8,00,00,00,0,00,00,00,00,0,0,0,0,0,0,0,0000,0000,0000,00
301,301,0,1,f2d9,00,00,00,0,00,00,00,00,0,0,0,0,0,0,0,0000,0000,0000,00
302,302,0,1,f2da,00,00,00,0,00,00,00,00,0,0,0,0,0,0,0,0000,0000,0000,00
303,303,0,1,f2db,00,00,00,0,00,00,00,00,0,0,0,0,0,0,0,0000,0000,0000,00
304,304,0,1,f2dc,00,00,00,0,00,00,00,00,0,0,0,0,0,0,0,0000,0000,0000,00
305,305,0,1,f2dd,00,00,00,0,00,00,00,00,0,0,0,0,0,0,0,0000,0000,0000,00
306,306,0,1,f2de,00,00,00,0,00,00,00,00,0,0,0,0,0,0,0,0000,0000,0000,00
307,307,0,1,f2df,00,00,00,0,00,00,00,00,0,0,0,0,0,0,0,0000,0000,0000,00
308,308,0,1,f2e0,00,00,00,0,00,00,00,00,0,0,0,0,0,0,0,0000,0000,0000,00
309,309,0,1,f2e1,00,00,00,0,00,00,00,00,0,0,0,0,0,0,0,0000,0000,0000,00
310,310,0,1,f2e2,00,00,00,0,00,00,00,00,0,0,0,0,0,0,0,0000,0000,0000,00
311,311,0,1,f2e3,00,00,00,0,00,00,00,00,0,0,0,0,0,0,0,0000,0000,0000,00
312,312,0,1,f2e4,00,00,00,0,00,00,00,00,0,0,0,0,0,0,0,0000,0000,0000,00
313,313,0,1,f2e5,00,00,00,0,00,00,00,00,0,0,0,0,0,0,0,0000,0000,0000,00
314,314,0,1,f2e6,00,00,00,0,00,00,00,00,0,0,0,0,0,0,0,0000,0000,0000,00
315,315,0,1,f2e7,00,00,00,0,00,00,00,00,0,0,0,0,0,0,0,0000,0000,0000,00
316,316,0,1,f2e8,00,00,00,0,00,00,00,00,0,0,0,0,0,0,0,0000,0000,0000,00
317,317,0,1,f2e9,00,00,00,0,00,00,00,00,0,0,0,0,0,0,0,0000,0000,0000,00
318,318,0,1,f2ea,00,00,00,0,00,00,00,00,0,0,0,0,0,0,0,0000,0000,0000,00
319,319,0,1,f2eb,00,00,00,0,00,00,00,00,0,0,0,0,0,0,0,0000,0000,0000,00
320,320,0,1,f2ec,00,00,00,0,00,00,00,00,0,0,0,0,0,0,0,0000,0000,0000,00
321,321,0,1,f2ed,00,00,00,0,00,00,00,00,0,0,0,0,0,0,0,0000,0000,0000,00
322,322,0,1,f2ee,00,00,00,0,00,00,00,00,0,0,0,0,0,0,0,0000,0000,0000,00
323,323,0,1,f2ef,00,00,00,0,00,00,00,00,0,0,0,0,0,0,0,0000,0000,0000,00
324,324,0,1,f2f0,00,00,00,0,00,00,00,00,0,0,0,0,0,0,0,0000,0000,0000,00
325,325,0,1,f2f1,00,00,00,0,00,00,00,00,0,0,0,0,0,0,0,0000,0000,0000,00
326,326,0,1,f2f2,00,00,00,0,00,00,00,00,0,0,0,0,0,0,0,0000,0000,0000,00
327,327,0,1,f2f3,00,00,00,0,00,00,00,00,0,0,0,0,0,0,0,0000,0000,0000,00
328,328,0,1,f2f4,00,00,00,0,00,00,00,00,0,0,0,0,0,0,0,0000,0000,0000,00
329,329,0,1,f2f5,00,00,00,0,00,00,00,00,0,0,0,0,0,0,0,0000,0000,0000,00
330,330,0,1,f2f6,00,00,00,0,00,00,00,00,0,0,0,0,0,0,0,0000,0000,0000,00
331,331,0,1,f2f7,00,00,00,0,00,00,00,00,0,0,0,0,0,0,0,0000,0000,0000,00
332,332,0,1,f2f8,00,00,00,0,00,00,00,00,0,0,0,0,0,0,0,0000,0000,0000,00
333,333,0,1,f2f9,00,00,00,0,00,00,00,00,0,0,0,0,0,0,0,0000,0000,0000,00
334,334,0,1,f2fa,00,00,00,0,00,00,00,00,0,0,0,0,0,0,0,0000,0000,0000,00
335,335,0,1,f2fb,00,00,00,0,00,00,00,00,0,0,0,0,0,0,0,0000,0000,0000,00
336,336,0,1,f2fc,00,00,00,0,00,00,00,00,0,0,0,0,0,0,0,0000,0000,0000,00
337,337,0,1,f2fd,00,00,00,0,00,00,00,00,0,0,0,0,0,0,0,0000,0000,0000,00
338,338,0,1,f2fe,00,00,00,0,00,00,00,00,0,0,0,0,0,0,0,0000,0000,0000,00
339,339,0,1,f2ff,00,00,00,0,00,00,00,00,0,0,0,0,0,0,0,0000,0000,0000,00
340,340,0,1,f300,00,00,00,0,00,00,00,00,0,0,0,0,0,0,0,0000,0000,0000,00
341,341,0,1,f301,00,00,00,0,00,00,00,00,0,0,0,0,0,0,0,0000,0000,0000,00
342,342,0,1,f302,00,00,00,0,00,00,00,00,0,0,0,0,0,0,0,0000,0000,0000,00
343,343,0,1,f303,00,00,00,0,00,00,00,00,0,0,0,0,0,0,0,0000,0000,0000,00
344,344,0,1,f304,00,00,00,0,00,00,00,00,0,0,0,0,0,0,0,0000,0000,0000,00
345,345,0,1,f305,00,00,00,0,00,00,00,00,0,0,0,0,0,0,0,0000,0000,0000,00
346,346,0,1,f306,00,00,00,0,00,00,00,00,0,0,0,0,0,0,0,0000,0000,0000,00
347,347,0,1,f307,00,00,00,0,00,00,00,00,0,0,0,0,0,0,0,0000,0000,0000,00
348,348,0,1,f308,00,00,00,0,00,00,00,00,0,0,0,0,0,0,0,0000,0000,0000,00
349,349,0,1,f309,00,00,00,0,00,00,00,00,0,0,0,0,0,0,0,0000,0000,0000,00
350,350,0,1,f30a,00,00,00,0,00,00,00,00,0,0,0,0,0,0,0,0000,0000,0000,00
351,351,0,1,f30b,00,00,00,0,00,00,00,00,0,0,0,0,0,0,0,0000,0000,0000,00
352,352,0,1,f30c,00,00,00,0,00,00,00,00,0,0,0,0,0,0,0,0000,0000,0000,00
353,353,0,1,f30d,00,00,00,0,00,00,00,00,0,0,0,0,0,0,0,0000,0000,0000,00
354,354,0,1,f30e,00,00,00,0,00,00,00,00,0,0,0,0,0,0,0,0000,0000,0000,00
355,355,0,1,f30f,00,00,00,0,00,00,00,00,0,0,0,0,0,0,0,0000,0000,0000,00
356,356,0,1,f310,00,00,00,0,00,00,00,00,0,0,0,0,0,0,0,0000,0000,0000,00
357,357,0,1,f311,00,00,00,0,00,00,00,00,0,0,0,0,0,0,0,0000,0000,0000,00
358,358,0,1,f312,00,00,00,0,00,00,00,00,0,0,0,0,0,0,0,0000,0000,0000,00
359,359,0,1,f313,00,00,00,0,00,00,00,00,0,0,0,0,0,0,0,0000,0000,0000,00
360,360,0,1,f314,00,00,00,0,00,00,00,00,0,0,0,0,0,0,0,0000,0000,0000,00
361,361,0,1,f315,00,00,00,0,00,00,00,00,0,0,0,0,0,0,0,0000,0000,0000,00
362,362,0,1,f316,00,00,00,0,00,00,00,00,0,0,0,0,0,0,0,0000,0000,0000,00
363,363,0,1,f317,00,00,00,0,00,00,00,00,0,0,0,0,0,0,0,0000,0000,0000,00
364,364,0,1,f318,00,00,00,0,00,00,00,00,0,0,0,0,0,0,0,0000,0000,0000,00
365,365,0,1,f319,00,00,00,0,00,00,00,00,0,0,0,0,0,0,0,0000,0000,0000,00
366,366,0,1,f31a,00,00,00,0,00,00,00,00,0,0,0,0,0,0,0,0000,0000,0000,00
367,367,0,1,f31b,00,00,00,0,00,00,00,00,0,0,0,0,0,0,0,0000,0000,0000,00
368,368,0,1,f31c,00,00,00,0,00,00,00,00,0,0,0,0,0,0,0,0000,0000,0000,00
369,369,0,1,f31d,00,00,00,0,00,00,00,00,0,0,0,0,0,0,0,0000,0000,0000,00
370,370,0,1,f31e,00,00,00,0,00,00,00,00,0,0,0,0,0,0,0,0000,0000,0000,00
371,371,0,1,f31f,00,00,00,0,00,00,00,00,0,0,0,0,0,0,0,0000,0000,0000,00
372,372,0,1,f320,00,00,00,0,00,00,00,00,0,0,0,0,0,0,0,0000,0000,0000,00
373,373,0,1,f321,00,00,00,0,00,00,00,00,0,0,0,0,0,0,0,0000,0000,0000,00
374,374,0,1,f322,00,00,00,0,00,00,00,00,0,0,0,0,0,0,0,0000,0000,0000,00
375,375,0,1,f323,00,00,00,0,00,00,00,00,0,0,0,0,0,0,0,0000,0000,0000,00
376,376,0,1,f324,00,00,00,0,00,00,00,00,0,0,0,0,0,0,0,0000,0000,0000,00
377,377,0,1,f325,00,00,00,0,00,00,00,00,0,0,0,0,0,0,0,0000,0000,0000,00
378,378,0,1,f326,00,00,00,0,00,00,00,00,0,0,0,0,0,0,0,0000,0000,0000,00
379,379,0,1,f327,00,00,00,0,00,00,00,00,0,0,0,0,0,0,0,0000,0000,0000,00
380,380,0,1,f328,00,00,00,0,00,00,00,00,0,0,0,0,0,0,0,0000,0000,0000,00
381,381,0,1,f329,00,00,00,0,00,00,00,00,0,0,0,0,0,0,0,0000,0000,0000,00
382,382,0,1,f32a,00,00,00,0,00,00,00,00,0,0,0,0,0,0,0,0000,0000,0000,00
383,383,0,1,f32b,00,00,00,0,00,00,00,00,0,0,0,0,0,0,0,0000,0000,0000,00
384,384,0,1,f32c,00,00,00,0,00,00,00,00,0,0,0,0,0,0,0,0000,0000,0000,00
385,385,0,1,f32d,00,00,00,0,00,00,00,00,0,0,0,0,0,0,0,0000,0000,0000,00
386,386,0,1,f32e,00,00,00,0,00,00,00,00,0,0,0,0,0,0,0,0000,0000,0000,00
387,387,0,1,f32f,00,00,00,0,00,00,00,00,0,0,0,0,0,0,0,0000,0000,0000,00
388,388,0,1,f330,00,00,00,0,00,00,00,00,0,0,0,0,0,0,0,0000,0000,0000,00
389,389,0,1,f331,00,00,00,0,00,00,00,00,0,0,0,0,0,0,0,0000,0000,0000,00
390,390,0,1,f332,00,00,00,0,00,00,00,00,0,0,0,0,0,0,0,0000,0000,0000,00
391,391,0,1,f333,00,00,00,0,00,00,00,00,0,0,0,0,0,0,0,0000,0000,0000,00
392,392,0,1,f334,00,00,00,0,00,00,00,00,0,0,0,0,0,0,0,0000,0000,0000,00
393,393,0,1,f335,00,00,00,0,00,00,00,00,0,0,0,0,0,0,0,0000,0000,0000,00
394,394,0,1,f336,00,00,00,0,00,00,00,00,0,0,0,0,0,0,0,0000,0000,0000,00
395,395,0,1,f337,00,00,00,0,00,00,00,00,0,0,0,0,0,0,0,0000,0000,0000,00
396,396,0,1,f338,00,00,00,0,00,00,00,00,0,0,0,0,0,0,0,0000,0000,0000,00
397,397,0,1,f339,00,00,00,0,00,00,00,00,0,0,0,0,0,0,0,0000,0000,0000,00
398,398,0,1,f33a,00,00,00,0,00,00,00,00,0,0,0,0,0,0,0,0000,0000,0000,00
399,399,0,1,f33b,00,00,00,0,00,00,00,00,0,0,0,0,0,0,0,0000,0000,0000,00
400,400,0,1,f33c,00,00,00,0,00,00,00,00,0,0,0,0,0,0,0,0000,0000,0000,00
401,401,0,1,f33d,00,00,00,0,00,00,00,00,0,0,0,0,0,0,0,0000,0000,0000,00
402,402,0,1,f33e,00,00,00,0,00,00,00,00,0,0,0,0,0,0,0,0000,0000,0000,00
403,403,0,1,f33f,00,00,00,0,00,00,00,00,0,0,0,0,0,0,0,0000,0000,0000,00
404,404,0,1,f340,00,00,00,0,00,00,00,00,0,0,0,0,0,0,0,0000,0000,0000,00
405,405,0,1,f341,00,00,00,0,00,00,00,00,0,0,0,0,0,0,0,0000,0000,0000,00
406,406,0,1,f342,00,00,00,0,00,00,00,00,0,0,0,0,0,0,0,0000,0000,0000,00
407,407,0,1,f343,00,00,00,0,00,00,00,00,0,0,0,0,0,0,0,0000,0000,0000,00
408,408,0,1,f344,00,00,00,0,00,00,00,00,0,0,0,0,0,0,0,0000,0000,0000,00
409,409,0,1,f345,00,00,00,0,00,00,00,00,0,0,0,0,0,0,0,0000,0000,0000,00
410,410,0,1,f346,00,00,00,0,00,00,00,00,0,0,0,0,0,0,0,0000,0000,0000,00
411,411,0,1,f347,00,00,00,0,00,00,00,00,0,0,0,0,0,0,0,0000,0000,0000,00
412,412,0,1,f348,00,00,00,0,00,00,00,00,0,0,0,0,0,0,0,0000,0000,0000,00
413,413,0,1,f349,00,00,00,0,00,00,00,00,0,0,0,0,0,0,0,0000,0000,0000,00
414,414,0,1,f34a,00,00,00,0,00,00,00,00,0,0,0,0,0,0,0,0000,0000,0000,00
415,415,0,1,f34b,00,00,00,0,00,00,00,00,0,0,0,0,0,0,0,0000,0000,0000,00
416,416,0,1,f34c,00,00,00,0,00,00,00,00,0,0,0,0,0,0,0,0000,0000,0000,00
417,417,0,1,f34d,00,00,00,0,00,00,00,00,0,0,0,0,0,0,0,0000,0000,0000,00
418,418,0,1,f34e,00,00,00,0,00,00,00,00,0,0,0,0,0,0,0,0000,0000,0000,00
419,419,0,1,f34f,00,00,00,0,00,00,00,00,0,0,0,0,0,0,0,0000,0000,0000,00
420,420,0,1,f350,00,00,00,0,00,00,00,00,0,0,0,0,0,0,0,0000,0000,0000,00
421,421,0,1,f351,00,00,00,0,00,00,00,00,0,0,0,0,0,0,0,0000,0000,0000,00
422,422,0,1,f352,00,00,00,0,00,00,00,00,0,0,0,0,0,0,0,0000,0000,0000,00
423,423,0,1,f353,00,00,00,0,00,00,00,00,0,0,0,0,0,0,0,0000,0000,0000,00
424,424,0,1,f354,00,00,00,0,00,00,00,00,0,0,0,0,0,0,0,0000,0000,0000,00
425,425,0,1,f355,00,00,00,0,00,00,00,00,0,0,0,0,0,0,0,0000,0000,0000,00
426,426,0,1,f356,00,00,00,0,00,00,00,00,0,0,0,0,0,0,0,0000,0000,0000,00
427,427,0,1,f357,00,00,00,0,00,00,00,00,0,0,0,0,0,0,0,0000,0000,0000,00
428,428,0,1,f358,00,00,00,0,00,00,00,00,0,0,0,0,0,0,0,0000,0000,0000,00
429,429,0,1,f359,00,00,00,0,00,00,00,00,0,0,0,0,0,0,0,0000,0000,0000,00
430,430,0,1,f35a,00,00,00,0,00,00,00,00,0,0,0,0,0,0,0,0000,0000,0000,00
431,431,0,1,f35b,00,00,00,0,00,00,00,00,0,0,0,0,0,0,0,0000,0000,0000,00
432,432,0,1,f35c,00,00,00,0,00,00,00,00,0,0,0,0,0,0,0,0000,0000,0000,00
433,433,0,1,f35d,00,00,00,0,00,00,00,00,0,0,0,0,0,0,0,0000,0000,0000,00
434,434,0,1,f35e,00,00,00,0,00,00,00,00,0,0,0,0,0,0,0,0000,0000,0000,00
435,435,0,1,f35f,00,00,00,0,00,00,00,00,0,0,0,0,0,0,0,0000,0000,0000,00
436,436,0,1,f360,00,00,00,0,00,00,00,00,0,0,0,0,0,0,0,0000,0000,0000,00
437,437,0,1,f361,00,00,00,0,00,00,00,00,0,0,0,0,0,0,0,0000,0000,0000,00
438,438,0,1,f362,00,00,00,0,00,00,00,00,0,0,0,0,0,0,0,0000,0000,0000,00
439,439,0,1,f363,00,00,00,0,00,00,00,00,0,0,0,0,0,0,0,0000,0000,0000,00
440,440,0,1,f364,00,00,00,0,00,00,00,00,0,0,0,0,0,0,0,0000,0000,0000,00
441,441,0,1,f365,00,00,00,0,00,00,00,00,0,0,0,0,0,0,0,0000,0000,0000,00
442,442,0,1,f366,00,00,00,0,00,00,00,00,0,0,0,0,0,0,0,0000,0000,0000,00
443,443,0,1,f367,00,00,00,0,00,00,00,00,0,0,0,0,0,0,0,0000,0000,0000,00
444,444,0,1,f368,00,00,00,0,00,00,00,00,0,0,0,0,0,0,0,0000,0000,0000,00
445,445,0,1,f369,00,00,00,0,00,00,00,00,0,0,0,0,0,0,0,0000,0000,0000,00
446,446,0,1,f36a,00,00,00,0,00,00,00,00,0,0,0,0,0,0,0,0000,0000,0000,00
447,447,0,1,f36b,00,00,00,0,00,00,00,00,0,0,0,0,0,0,0,0000,0000,0000,00
448,448,0,1,f36c,00,00,00,0,00,00,00,00,0,0,0,0,0,0,0,0000,0000,0000,00
449,449,0,1,f36d,00,00,00,0,00,00,00,00,0,0,0,0,0,0,0,0000,0000,0000,00
450,450,0,1,f36e,00,00,00,0,00,00,00,00,0,0,0,0,0,0,0,0000,0000,0000,00
451,451,0,1,f36f,00,00,00,0,00,00,00,00,0,0,0,0,0,0,0,0000,0000,0000,00
452,452,0,1,f370,00,00,00,0,00,00,00,00,0,0,0,0,0,0,0,0000,0000,0000,00
453,453,0,1,f371,00,00,00,0,00,00,00,00,0,0,0,0,0,0,0,0000,0000,0000,00
454,454,0,1,f372,00,00,00,0,00,00,00,00,0,0,0,0,0,0,0,0000,0000,0000,00
455,455,0,1,f373,00,00,00,0,00,00,00,00,0,0,0,0,0,0,0,0000,0000,0000,00
456,456,0,1,f374,00,00,00,0,00,00,00,00,0,0,0,0,0,0,0,0000,0000,0000,00
457,457,0,1,f375,00,00,00,0,00,00,00,00,0,0,0,0,0,0,0,0000,0000,0000,00
458,458,0,1,f376,00,00,00,0,00,00,00,00,0,0,0,0,0,0,0,0000,0000,0000,00
459,459,0,1,f377,00,00,00,0,00,00,00,00,0,0,0,0,0,0,0,0000,0000,0000,00
460,460,0,1,f378,00,00,00,0,00,00,00,00,0,0,0,0,0,0,0,0000,0000,0000,00
461,461,0,1,f379,00,00,00,0,00,00,00,00,0,0,0,0,0,0,0,0000,0000,0000,00
462,462,0,1,f37a,00,00,00,0,00,00,00,00,0,0,0,0,0,0,0,0000,0000,0000,00
463,463,0,1,f37b,00,00,00,0,00,00,00,00,0,0,0,0,0,0,0,0000,0000,0000,00
464,464,0,1,f37c,00,00,00,0,00,00,00,00,0,0,0,0,0,0,0,0000,0000,0000,00
465,465,0,1,f37d,00,00,00,0,00,00,00,00,0,0,0,0,0,0,0,0000,0000,0000,00
466,466,0,1,f37e,00,00,00,0,00,00,00,00,0,0,0,0,0,0,0,0000,0000,0000,00
467,467,0,1,f37f,00,00,00,0,00,00,00,00,0,0,0,0,0,0,0,0000,0000,0000,00
468,468,0,1,f380,00,00,00,0,00,00,00,00,0,0,0,0,0,0,0,0000,0000,0000,00
469,469,0,1,f381,00,00,00,0,00,00,00,00,0,0,0,0,0,0,0,0000,0000,0000,00
470,470,0,1,f382,00,00,00,0,00,00,00,00,0,0,0,0,0,0,0,0000,0000,0000,00
471,471,0,1,f383,00,00,00,0,00,00,00,00,0,0,0,0,0,0,0,0000,0000,0000,00
472,472,0,1,f384,00,00,00,0,00,00,00,00,0,0,0,0,0,0,0,0000,0000,0000,00
473,473,0,1,f385,00,00,00,0,00,00,00,00,0,0,0,0,0,0,0,0000,0000,0000,00
474,474,0,1,f386,00,00,00,0,00,00,00,00,0,0,0,0,0,0,0,0000,0000,0000,00
475,475,0,1,f387,00,00,00,0,00,00,00,00,0,0,0,0,0,0,0,0000,0000,0000,00
476,476,0,1,f388,00,00,00,0,00,00,00,00,0,0,0,0,0,0,0,0000,0000,0000,00
477,477,0,1,f389,00,00,00,0,00,00,00,00,0,0,0,0,0,0,0,0000,0000,0000,00
478,478,0,1,f38a,00,00,00,0,00,00,00,00,0,0,0,0,0,0,0,0000,0000,0000,00
479,479,0,1,f38b,00,00,00,0,00,00,00,00,0,0,0,0,0,0,0,0000,0000,0000,00
480,480,0,1,f38c,00,00,00,0,00,00,00,00,0,0,0,0,0,0,0,0000,0000,0000,00
481,481,0,1,f38d,00,00,00,0,00,00,00,00,0,0,0,0,0,0,0,0000,0000,0000,00
482,482,0,1,f38e,00,00,00,0,00,00,00,00,0,0,0,0,0,0,0,0000,0000,0000,00
483,483,0,1,f38f,00,00,00,0,00,00,00,00,0,0,0,0,0,0,0,0000,0000,0000,00
484,484,0,1,f390,00,00,00,0,00,00,00,00,0,0,0,0,0,0,0,0000,0000,0000,00
485,485,0,1,f391,00,00,00,0,00,00,00,00,0,0,0,0,0,0,0,0000,0000,0000,00
486,486,0,1,f392,00,00,00,0,00,00,00,00,0,0,0,0,0,0,0,0000,0000,0000,00
487,487,0,1,f393,00,00,00,0,00,00,00,00,0,0,0,0,0,0,0,0000,0000,0000,00
488,488,0,1,f394,00,00,00,0,00,00,00,00,0,0,0,0,0,0,0,0000,0000,0000,00
489,489,0,1,f395,00,00,00,0,00,00,00,00,0,0,0,0,0,0,0,0000,0000,0000,00
490,490,0,1,f396,00,00,00,0,00,00,00,00,0,0,0,0,0,0,0,0000,0000,0000,00
491,491,0,1,f397,00,00,00,0,00,00,00,00,0,0,0,0,0,0,0,0000,0000,0000,00
492,492,0,1,f398,00,00,00,0,00,00,00,00,0,0,0,0,0,0,0,0000,0000,0000,00
493,493,0,1,f399,00,00,00,0,00,00,00,00,0,0,0,0,0,0,0,0000,0000,0000,00
494,494,0,1,f39a,00,00,00,0,00,00,00,00,0,0,0,0,0,0,0,0000,0000,0000,00
495,495,0,1,f39b,00,00,00,0,00,00,00,00,0,0,0,0,0,0,0,0000,0000,0000,00
496,496,0,1,f39c,00,00,00,0,00,00,00,00,0,0,0,0,0,0,0,0000,0000,0000,00
497,497,0,1,f39d,00,00,00,0,00,00,00,00,0,0,0,0,0,0,0,0000,0000,0000,00
498,498,0,1,f39e,00,00,00,0,00,00,00,00,0,0,0,0,0,0,0,0000,0000,0000,00
499,499,0,1,f39f,00,00,00,0,00,00,00,00,0,0,0,0,0,0,0,0000,0000,0000,00
500,500,0,1,f3a0,00,00,00,0,00,00,00,00,0,0,0,0,0,0,0,0000,0000,0000,00
501,501,0,1,f3a1,00,00,00,0,00,00,00,00,0,0,0,0,0,0,0,0000,0000,0000,00
502,502,0,1,f3a2,00,00,00,0,00,00,00,00,0,0,0,0,0,0,0,0000,0000,0000,00
503,503,0,1,f3a3,00,00,00,0,00,00,00,00,0,0,0,0,0,0,0,0000,0000,0000,00
504,504,0,1,f3a4,00,00,00,0,00,00,00,00,0,0,0,0,0,0,0,0000,0000,0000,00
505,505,0,1,f3a5,00,00,00,0,00,00,00,00,0,0,0,0,0,0,0,0000,0000,0000,00
506,506,0,1,f3a6,00,00,00,0,00,00,00,00,0,0,0,0,0,0,0,0000,0000,0000,00
507,507,0,1,f3a7,00,00,00,0,00,00,00,00,0,0,0,0,0,0,0,0000,0000,0000,00
508,508,0,1,f3a8,00,00,00,0,00,00,00,00,0,0,0,0,0,0,0,0000,0000,0000,00
509,509,0,1,f3a9,00,00,00,0,00,00,00,00,0,0,0,0,0,0,0,0000,0000,0000,00
510,510,0,1,f3aa,00,00,00,0,00,00,00,00,0,0,0,0,0,0,0,0000,0000,0000,00
511,511,0,1,f3ab,00,00,00,0,00,00,00,00,0,0,0,0,0,0,0,0000,0000,0000,00
512,512,0,1,f3ac,00,00,00,0,00,00,00,00,0,0,0,0,0,0,0,0000,0000,0000,00
513,513,0,1,f3ad,00,00,00,0,00,00,00,00,0,0,0,0,0,0,0,0000,0000,0000,00
514,514,0,1,f3ae,00,00,00,0,00,00,00,00,0,0,0,0,0,0,0,0000,0000,0000,00
515,515,0,1,f3af,00,00,00,0,00,00,00,00,0,0,0,0,0,0,0,0000,0000,0000,00
516,516,0,1,f3b0,00,00,00,0,00,00,00,00,0,0,0,0,0,0,0,0000,0000,0000,00
517,517,0,1,f3b1,00,00,00,0,00,00,00,00,0,0,0,0,0,0,0,0000,0000,0000,00
518,518,0,1,f3b2,00,00,00,0,00,00,00,00,0,0,0,0,0,0,0,0000,0000,0000,00
519,519,0,1,f3b3,00,00,00,0,00,00,00,00,0,0,0,0,0,0,0,0000,0000,0000,00
520,520,0,1,f3b4,00,00,00,0,00,00,00,00,0,0,0,0,0,0,0,0000,0000,0000,00
521,521,0,1,f3b5,00,00,00,0,00,00,00,00,0,0,0,0,0,0,0,0000,0000,0000,00
522,522,0,1,f3b6,00,00,00,0,00,00,00,00,0,0,0,0,0,0,0,0000,0000,0000,00
523,523,0,1,f3b7,00,00,00,0,00,00,00,00,0,0,0,0,0,0,0,0000,0000,0000,00
524,524,0,1,f3b8,00,00,00,0,00,00,00,00,0,0,0,0,0,0,0,0000,0000,0000,00
525,525,0,1,f3b9,00,00,00,0,00,00,00,00,0,0,0,0,0,0,0,0000,0000,0000,00
526,526,0,1,f3ba,00,00,00,0,00,00,00,00,0,0,0,0,0,0,0,0000,0000,0000,00
527,527,0,1,f3bb,00,00,00,0,00,00,00,00,0,0,0,0,0,0,0,0000,0000,0000,00
528,528,0,1,f3bc,00,00,00,0,00,00,00,00,0,0,0,0,0,0,0,0000,0000,0000,00
529,529,0,1,f3bd,00,00,00,0,00,00,00,00,0,0,0,0,0,0,0,0000,0000,0000,00
530,530,0,1,f3be,00,00,00,0,00,00,00,00,0,0,0,0,0,0,0,0000,0000,0000,00
531,531,0,1,f3bf,00,00,00,0,00,00,00,00,0,0,0,0,0,0,0,0000,0000,0000,00
532,532,0,1,f3c0,00,00,00,0,00,00,00,00,0,0,0,0,0,0,0,0000,0000,0000,00
533,533,0,1,f3c1,00,00,00,0,00,00,00,00,0,0,0,0,0,0,0,0000,0000,0000,00
534,534,0,1,f3c2,00,00,00,0,00,00,00,00,0,0,0,0,0,0,0,0000,0000,0000,00
535,535,0,1,f3c3,00,00,00,0,00,00,00,00,0,0,0,0,0,0,0,0000,0000,0000,00
536,536,0,1,f3c4,00,00,00,0,00,00,00,00,0,0,0,0,0,0,0,0000,0000,0000,00
537,537,0,1,f3c5,00,00,00,0,00,00,00,00,0,0,0,0,0,0,0,0000,0000,0000,00
538,538,0,1,f3c6,00,00,00,0,00,00,00,00,0,0,0,0,0,0,0,0000,0000,0000,00
539,539,0,1,f3c7,00,00,00,0,00,00,00,00,0,0,0,0,0,0,0,0000,0000,0000,00
540,540,0,1,f3c8,00,00,00,0,00,00,00,00,0,0,0,0,0,0,0,0000,0000,0000,00
541,541,0,1,f3c9,00,00,00,0,00,00,00,00,0,0,0,0,0,0,0,0000,0000,0000,00
542,542,0,1,f3ca,00,00,00,0,00,00,00,00,0,0,0,0,0,0,0,0000,0000,0000,00
543,543,0,1,f3cb,00,00,00,0,00,00,00,00,0,0,0,0,0,0,0,0000,0000,0000,00
544,544,0,1,f3cc,00,00,00,0,00,00,00,00,0,0,0,0,0,0,0,0000,0000,0000,00
545,545,0,1,f3cd,00,00,00,0,00,00,00,00,0,0,0,0,0,0,0,0000,0000,0000,00
546,546,0,1,f3ce,00,00,00,0,00,00,00,00,0,0,0,0,0,0,0,0000,0000,0000,00
547,547,0,1,f3cf,00,00,00,0,00,00,00,00,0,0,0,0,0,0,0,0000,0000,0000,00
548,548,0,1,f3d0,00,00,00,0,00,00,00,00,0,0,0,0,0,0,0,0000,0000,0000,00
549,549,0,1,f3d1,00,00,00,0,00,00,00,00,0,0,0,0,0,0,0,0000,0000,0000,00
550,550,0,1,f3d2,00,00,00,0,00,00,00,00,0,0,0,0,0,0,0,0000,0000,0000,00
551,551,0,1,f3d3,00,00,00,0,00,00,00,00,0,0,0,0,0,0,0,0000,0000,0000,00
552,552,0,1,f3d4,00,00,00,0,00,00,00,00,0,0,0,0,0,0,0,0000,0000,0000,00
553,553,0,1,f3d5,00,00,00,0,00,00,00,00,0,0,0,0,0,0,0,0000,0000,0000,00
554,554,0,1,f3d6,00,00,00,0,00,00,00,00,0,0,0,0,0,0,0,0000,0000,0000,00
555,555,0,1,f3d7,00,00,00,0,00,00,00,00,0,0,0,0,0,0,0,0000,0000,0000,00
556,556,0,1,f3d8,00,00,00,0,00,00,00,00,0,0,0,0,0,0,0,0000,0000,0000,00
557,557,0,1,f3d9,00,00,00,0,00,00,00,00,0,0,0,0,0,0,0,0000,0000,0000,00
558,558,0,1,f3da,00,00,00,0,00,00,00,00,0,0,0,0,0,0,0,0000,0000,0000,00
559,559,0,1,f3db,00,00,00,0,00,00,00,00,0,0,0,0,0,0,0,0000,0000,0000,00
560,560,0,1,f3dc,00,00,00,0,00,00,00,00,0,0,0,0,0,0,0,0000,0000,0000,00
561,561,0,1,f3dd,00,00,00,0,00,00,00,00,0,0,0,0,0,0,0,0000,0000,0000,00
562,562,0,1,f3de,00,00,00,0,00,00,00,00,0,0,0,0,0,0,0,0000,0000,0000,00
563,563,0,1,f3df,00,00,00,0,00,00,00,00,0,0,0,0,0,0,0,0000,0000,0000,00
564,564,0,1,f3e0,00,00,00,0,00,00,00,00,0,0,0,0,0,0,0,0000,0000,0000,00
565,565,0,1,f3e1,00,00,00,0,00,00,00,00,0,0,0,0,0,0,0,0000,0000,0000,00
566,566,0,1,f3e2,00,00,00,0,00,00,00,00,0,0,0,0,0,0,0,0000,0000,0000,00
567,567,0,1,f3e3,00,00,00,0,00,00,00,00,0,0,0,0,0,0,0,0000,0000,0000,00
568,568,0,1,f3e4,00,00,00,0,00,00,00,00,0,0,0,0,0,0,0,0000,0000,0000,00
569,569,0,1,f3e5,00,00,00,0,00,00,00,00,0,0,0,0,0,0,0,0000,0000,0000,00
570,570,0,1,f3e6,00,00,00,0,00,00,00,00,0,0,0,0,0,0,0,0000,0000,0000,00
571,571,0,1,f3e7,00,00,00,0,00,00,00,00,0,0,0,0,0,0,0,0000,0000,0000,00
572,572,0,1,f3e8,00,00,00,0,00,00,00,00,0,0,0,0,0,0,0,0000,0000,0000,00
573,573,0,1,f3e9,00,00,00,0,00,00,00,00,0,0,0,0,0,0,0,0000,0000,0000,00
574,574,0,1,f3ea,00,00,00,0,00,00,00,00,0,0,0,0,0,0,0,0000,0000,0000,00
575,575,0,1,f3eb,00,00,00,0,00,00,00,00,0,0,0,0,0,0,0,0000,0000,0000,00
576,576,0,1,f3ec,00,00,00,0,00,00,00,00,0,0,0,0,0,0,0,0000,0000,0000,00
577,577,0,1,f3ed,00,00,00,0,00,00,00,00,0,0,0,0,0,0,0,0000,0000,0000,00
578,578,0,1,f3ee,00,00,00,0,00,00,00,00,0,0,0,0,0,0,0,0000,0000,0000,00
579,579,0,1,f3ef,00,00,00,0,00,00,00,00,0,0,0,0,0,0,0,0000,0000,0000,00
580,580,0,1,f3f0,00,00,00,0,00,00,00,00,0,0,0,0,0,0,0,0000,0000,0000,00
581,581,0,1,f3f1,00,00,00,0,00,00,00,00,0,0,0,0,0,0,0,0000,0000,0000,00
582,582,0,1,f3f2,00,00,00,0,00,00,00,00,0,0,0,0,0,0,0,0000,0000,0000,00
583,583,0,1,f3f3,00,00,00,0,00,00,00,00,0,0,0,0,0,0,0,0000,0000,0000,00
584,584,0,1,f3f4,00,00,00,0,00,00,00,00,0,0,0,0,0,0,0,0000,0000,0000,00
585,585,0,1,f3f5,00,00,00,0,00,00,00,00,0,0,0,0,0,0,0,0000,0000,0000,00
586,586,0,1,f3f6,00,00,00,0,00,00,00,00,0,0,0,0,0,0,0,0000,0000,0000,00
587,587,0,1,f3f7,00,00,00,0,00,00,00,00,0,0,0,0,0,0,0,0000,0000,0000,00
588,588,0,1,f3f8,00,00,00,0,00,00,00,00,0,0,0,0,0,0,0,0000,0000,0000,00
589,589,0,1,f3f9,00,00,00,0,00,00,00,00,0,0,0,0,0,0,0,0000,0000,0000,00
590,590,0,1,f3fa,00,00,00,0,00,00,00,00,0,0,0,0,0,0,0,0000,0000,0000,00
591,591,0,1,f3fb,00,00,00,0,00,00,00,00,0,0,0,0,0,0,0,0000,0000,0000,00
592,592,0,1,f3fc,00,00,00,0,00,00,00,00,0,0,0,0,0,0,0,0000,0000,0000,00
593,593,0,1,f3fd,00,00,00,0,00,00,00,00,0,0,0,0,0,0,0,0000,0000,0000,00
594,594,0,1,f3fe,00,00,00,0,00,00,00,00,0,0,0,0,0,0,0,0000,0000,0000,00
595,595,0,1,f3ff,00,00,00,0,00,00,00,00,0,0,0,0,0,0,0,0000,0000,0000,00
596,596,0,1,f400,00,00,00,0,00,00,00,00,0,0,0,0,0,0,0,0000,0000,0000,00
597,597,0,1,f401,00,00,00,0,00,00,00,00,0,0,0,0,0,0,0,0000,0000,0000,00
598,598,0,1,f402,00,00,00,0,00,00,00,00,0,0,0,0,0,0,0,0000,0000,0000,00
599,599,0,1,f403,00,00,00,0,00,00,00,00,0,0,0,0,0,0,0,0000,0000,0000,00
600,600,0,1,f404,00,00,00,0,00,00,00,00,0,0,0,0,0,0,0,0000,0000,0000,00
601,601,0,1,f405,00,00,00,0,00,00,00,00,0,0,0,0,0,0,0,0000,0000,0000,00
602,602,0,1,f406,00,00,00,0,00,00,00,00,0,0,0,0,0,0,0,0000,0000,0000,00
603,603,0,1,f407,00,00,00,0,00,00,00,00,0,0,0,0,0,0,0,0000,0000,0000,00
604,604,0,1,f408,00,00,00,0,00,00,00,00,0,0,0,0,0,0,0,0000,0000,0000,00
605,605,0,1,f409,00,00,00,0,00,00,00,00,0,0,0,0,0,0,0,0000,0000,0000,00
606,606,0,1,f40a,00,00,00,0,00,00,00,00,0,0,0,0,0,0,0,0000,0000,0000,00
607,607,0,1,f40b,00,00,00,0,00,00,00,00,0,0,0,0,0,0,0,0000,0000,0000,00
608,608,0,1,f40c,00,00,00,0,00,00,00,00,0,0,0,0,0,0,0,0000,0000,0000,00
609,609,0,1,f40d,00,00,00,0,00,00,00,00,0,0,0,0,0,0,0,0000,0000,0000,00
610,610,0,1,f40e,00,00,00,0,00,00,00,00,0,0,0,0,0,0,0,0000,0000,0000,00
611,611,0,1,f40f,00,00,00,0,00,00,00,00,0,0,0,0,0,0,0,0000,0000,0000,00
612,612,0,1,f410,00,00,00,0,00,00,00,00,0,0,0,0,0,0,0,0000,0000,0000,00
613,613,0,1,f411,00,00,00,0,00,00,00,00,0,0,0,0,0,0,0,0000,0000,0000,00
614,614,0,1,f412,00,00,00,0,00,00,00,00,0,0,0,0,0,0,0,0000,0000,0000,00
615,615,0,1,f413,00,00,00,0,00,00,00,00,0,0,0,0,0,0,0,0000,0000,0000,00
616,616,0,1,f414,00,00,00,0,00,00,00,00,0,0,0,0,0,0,0,0000,0000,0000,00
617,617,0,1,f415,00,00,00,0,00,00,00,00,0,0,0,0,0,0,0,0000,0000,0000,00
618,618,0,1,f416,00,00,00,0,00,00,00,00,0,0,0,0,0,0,0,0000,0000,0000,00
619,619,0,1,f417,00,00,00,0,00,00,00,00,0,0,0,0,0,0,0,0000,0000,0000,00
620,620,0,1,f418,00,00,00,0,00,00,00,00,0,0,0,0,0,0,0,0000,0000,0000,00
621,621,0,1,f419,00,00,00,0,00,00,00,00,0,0,0,0,0,0,0,0000,0000,0000,00
622,622,0,1,f41a,00,00,00,0,00,00,00,00,0,0,0,0,0,0,0,0000,0000,0000,00
623,623,0,1,f41b,00,00,00,0,00,00,00,00,0,0,0,0,0,0,0,0000,0000,0000,00
624,624,0,1,f41c,00,00,00,0,00,00,00,00,0,0,0,0,0,0,0,0000,0000,0000,00
625,625,0,1,f41d,00,00,00,0,00,00,00,00,0,0,0,0,0,0,0,0000,0000,0000,00
626,626,0,1,f41e,00,00,00,0,00,00,00,00,0,0,0,0,0,0,0,0000,0000,0000,00
627,627,0,1,f41f,00,00,00,0,00,00,00,00,0,0,0,0,0,0,0,0000,0000,0000,00
628,628,0,1,f420,00,00,00,0,00,00,00,00,0,0,0,0,0,0,0,0000,0000,0000,00
629,629,0,1,f421,00,00,00,0,00,00,00,00,0,0,0,0,0,0,0,0000,0000,0000,00
630,630,0,1,f422,00,00,00,0,00,00,00,00,0,0,0,0,0,0,0,0000,0000,0000,00
631,631,0,1,f423,00,00,00,0,00,00,00,00,0,0,0,0,0,0,0,0000,0000,0000,00
632,632,0,1,f424,00,00,00,0,00,00,00,00,0,0,0,0,0,0,0,0000,0000,0000,00
633,633,0,1,f425,00,00,00,0,00,00,00,00,0,0,0,0,0,0,0,0000,0000,0000,00
634,634,0,1,f426,00,00,00,0,00,00,00,00,0,0,0,0,0,0,0,0000,0000,0000,00
635,635,0,1,f427,00,00,00,0,00,00,00,00,0,0,0,0,0,0,0,0000,0000,0000,00
636,636,0,1,f428,00,00,00,0,00,00,00,00,0,0,0,0,0,0,0,0000,0000,0000,00
637,637,0,1,f429,00,00,00,0,00,00,00,00,0,0,0,0,0,0,0,0000,0000,0000,00
638,638,0,1,f42a,00,00,00,0,00,00,00,00,0,0,0,0,0,0,0,0000,0000,0000,00
639,639,0,1,f42b,00,00,00,0,00,00,00,00,0,0,0,0,0,0,0,0000,0000,0000,00
640,640,0,1,f42c,00,00,00,0,00,00,00,00,0,0,0,0,0,0,0,0000,0000,0000,00
641,641,0,1,f42d,00,00,00,0,00,00,00,00,0,0,0,0,0,0,0,0000,0000,0000,00
642,642,0,1,f42e,00,00,00,0,00,00,00,00,0,0,0,0,0,0,0,0000,0000,0000,00
643,643,0,1,f42f,00,00,00,0,00,00,00,00,0,0,0,0,0,0,0,0000,0000,0000,00
644,644,0,1,f430,00,00,00,0,00,00,00,00,0,0,0,0,0,0,0,0000,0000,0000,00
645,645,0,1,f431,00,00,00,0,00,00,00,00,0,0,0,0,0,0,0,0000,0000,0000,00
646,646,0,1,f432,00,00,00,0,00,00,00,00,0,0,0,0,0,0,0,0000,0000,0000,00
647,647,0,1,f433,00,00,00,0,00,00,00,00,0,0,0,0,0,0,0,0000,0000,0000,00
648,648,0,1,f434,00,00,00,0,00,00,00,00,0,0,0,0,0,0,0,0000,0000,0000,00
649,649,0,1,f435,00,00,00,0,00,00,00,00,0,0,0,0,0,0,0,0000,0000,0000,00
650,650,0,1,f436,00,00,00,0,00,00,00,00,0,0,0,0,0,0,0,0000,0000,0000,00
651,651,0,1,f437,00,00,00,0,00,00,00,00,0,0,0,0,0,0,0,0000,0000,0000,00
652,652,0,1,f438,00,00,00,0,00,00,00,00,0,0,0,0,0,0,0,0000,0000,0000,00
653,653,0,1,f439,00,00,00,0,00,00,00,00,0,0,0,0,0,0,0,0000,0000,0000,00
654,654,0,1,f43a,00,00,00,0,00,00,00,00,0,0,0,0,0,0,0,0000,0000,0000,00
655,655,0,1,f43b,00,00,00,0,00,00,00,00,0,0,0,0,0,0,0,0000,0000,0000,00
656,656,0,1,f43c,00,00,00,0,00,00,00,00,0,0,0,0,0,0,0,0000,0000,0000,00
657,657,0,1,f43d,00,00,00,0,00,00,00,00,0,0,0,0,0,0,0,0000,0000,0000,00
658,658,0,1,f43e,00,00,00,0,00,00,00,00,0,0,0,0,0,0,0,0000,0000,0000,00
659,659,0,1,f43f,00,00,00,0,00,00,00,00,0,0,0,0,0,0,0,0000,0000,0000,00
660,660,0,1,f440,00,00,00,0,00,00,00,00,0,0,0,0,0,0,0,0000,0000,0000,00
661,661,0,1,f441,00,00,00,0,00,00,00,00,0,0,0,0,0,0,0,0000,0000,0000,00
662,662,0,1,f442,00,00,00,0,00,00,00,00,0,0,0,0,0,0,0,0000,0000,0000,00
663,663,0,1,f443,00,00,00,0,00,00,00,00,0,0,0,0,0,0,0,0000,0000,0000,00
664,664,0,1,f444,00,00,00,0,00,00,00,00,0,0,0,0,0,0,0,0000,0000,0000,00
665,665,0,1,f445,00,00,00,0,00,00,00,00,0,0,0,0,0,0,0,0000,0000,0000,00
666,666,0,1,f446,00,00,00,0,00,00,00,00,0,0,0,0,0,0,0,0000,0000,0000,00
667,667,0,1,f447,00,00,00,0,00,00,00,00,0,0,0,0,0,0,0,0000,0000,0000,00
668,668,0,1,f448,00,00,00,0,00,00,00,00,0,0,0,0,0,0,0,0000,0000,0000,00
669,669,0,1,f449,00,00,00,0,00,00,00,00,0,0,0,0,0,0,0,0000,0000,0000,00
670,670,0,1,f44a,00,00,00,0,00,00,00,00,0,0,0,0,0,0,0,0000,0000,0000,00
671,671,0,1,f44b,00,00,00,0,00,00,00,00,0,0,0,0,0,0,0,0000,0000,0000,00
672,672,0,1,f44c,00,00,00,0,00,00,00,00,0,0,0,0,0,0,0,0000,0000,0000,00
673,673,0,1,f44d,00,00,00,0,00,00,00,00,0,0,0,0,0,0,0,0000,0000,0000,00
674,674,0,1,f44e,00,00,00,0,00,00,00,00,0,0,0,0,0,0,0,0000,0000,0000,00
675,675,0,1,f44f,00,00,00,0,00,00,00,00,0,0,0,0,0,0,0,0000,0000,0000,00
676,676,0,1,f450,00,00,00,0,00,00,00,00,0,0,0,0,0,0,0,0000,0000,0000,00
677,677,0,1,f451,00,00,00,0,00,00,00,00,0,0,0,0,0,0,0,0000,0000,0000,00
678,678,0,1,f452,00,00,00,0,00,00,00,00,0,0,0,0,0,0,0,0000,0000,0000,00
679,679,0,1,f453,00,00,00,0,00,00,00,00,0,0,0,0,0,0,0,0000,0000,0000,00
680,680,0,1,f454,00,00,00,0,00,00,00,00,0,0,0,0,0,0,0,0000,0000,0000,00
681,681,0,1,f455,00,00,00,0,00,00,00,00,0,0,0,0,0,0,0,0000,0000,0000,00
682,682,0,1,f456,00,00,00,0,00,00,00,00,0,0,0,0,0,0,0,0000,0000,0000,00
683,683,0,1,f457,00,00,00,0,00,00,00,00,0,0,0,0,0,0,0,0000,0000,0000,00
684,684,0,1,f458,00,00,00,0,00,00,00,00,0,0,0,0,0,0,0,0000,0000,0000,00
685,685,0,1,f459,00,00,00,0,00,00,00,00,0,0,0,0,0,0,0,0000,0000,0000,00
686,686,0,1,f45a,00,00,00,0,00,00,00,00,0,0,0,0,0,0,0,0000,0000,0000,00
687,687,0,1,f45b,00,00,00,0,00,00,00,00,0,0,0,0,0,0,0,0000,0000,0000,00
688,688,0,1,f45c,00,00,00,0,00,00,00,00,0,0,0,0,0,0,0,0000,0000,0000,00
689,689,0,1,f45d,00,00,00,0,00,00,00,00,0,0,0,0,0,0,0,0000,0000,0000,00
690,690,0,1,f45e,00,00,00,0,00,00,00,00,0,0,0,0,0,0,0,0000,0000,0000,00
691,691,0,1,f45f,00,00,00,0,00,00,00,00,0,0,0,0,0,0,0,0000,0000,0000,00
692,692,0,1,f460,00,00,00,0,00,00,00,00,0,0,0,0,0,0,0,0000,0000,0000,00
693,693,0,1,f461,00,00,00,0,00,00,00,00,0,0,0,0,0,0,0,0000,0000,0000,00
694,694,0,1,f462,00,00,00,0,00,00,00,00,0,0,0,0,0,0,0,0000,0000,0000,00
695,695,0,1,f463,00,00,00,0,00,00,00,00,0,0,0,0,0,0,0,0000,0000,0000,00
696,696,0,1,f464,00,00,00,0,00,00,00,00,0,0,0,0,0,0,0,0000,0000,0000,00
697,697,0,1,f465,00,00,00,0,00,00,00,00,0,0,0,0,0,0,0,0000,0000,0000,00
698,698,0,1,f466,00,00,00,0,00,00,00,00,0,0,0,0,0,0,0,0000,0000,0000,00
699,699,0,1,f467,00,00,00,0,00,00,00,00,0,0,0,0,0,0,0,0000,0000,0000,00
700,700,0,1,f468,00,00,00,0,00,00,00,00,0,0,0,0,0,0,0,0000,0000,0000,00
701,701,0,1,f469,00,00,00,0,00,00,00,00,0,0,0,0,0,0,0,0000,0000,0000,00
702,702,0,1,f46a,00,00,00,0,00,00,00,00,0,0,0,0,0,0,0,0000,0000,0000,00
703,703,0,1,f46b,00,00,00,0,00,00,00,00,0,0,0,0,0,0,0,0000,0000,0000,00
704,704,0,1,f46c,00,00,00,0,00,00,00,00,0,0,0,0,0,0,0,0000,0000,0000,00
705,705,0,1,f46d,00,00,00,0,00,00,00,00,0,0,0,0,0,0,0,0000,0000,0000,00
706,706,0,1,f46e,00,00,00,0,00,00,00,00,0,0,0,0,0,0,0,0000,0000,0000,00
707,707,0,1,f46f,00,00,00,0,00,00,00,00,0,0,0,0,0,0,0,0000,0000,0000,00
708,708,0,1,f470,00,00,00,0,00,00,00,00,0,0,0,0,0,0,0,0000,0000,0000,00
709,709,0,1,f471,00,00,00,0,00,00,00,00,0,0,0,0,0,0,0,0000,0000,0000,00
710,710,0,1,f472,00,00,00,0,00,00,00,00,0,0,0,0,0,0,0,0000,0000,0000,00
711,711,0,1,f473,00,00,00,0,00,00,00,00,0,0,0,0,0,0,0,0000,0000,0000,00
712,712,0,1,f474,00,00,00,0,00,00,00,00,0,0,0,0,0,0,0,0000,0000,0000,00
713,713,0,1,f475,00,00,00,0,00,00,00,00,0,0,0,0,0,0,0,0000,0000,0000,00
714,714,0,1,f476,00,00,00,0,00,00,00,00,0,0,0,0,0,0,0,0000,0000,0000,00
715,715,0,1,f477,00,00,00,0,00,00,00,00,0,0,0,0,0,0,0,0000,0000,0000,00
716,716,0,1,f478,00,00,00,0,00,00,00,00,0,0,0,0,0,0,0,0000,0000,0000,00
717,717,0,1,f479,00,00,00,0,00,00,00,00,0,0,0,0,0,0,0,0000,0000,0000,00
718,718,0,1,f47a,00,00,00,0,00,00,00,00,0,0,0,0,0,0,0,0000,0000,0000,00
719,719,0,1,f47b,00,00,00,0,00,00,00,00,0,0,0,0,0,0,0,0000,0000,0000,00
720,720,0,1,f47c,00,00,00,0,00,00,00,00,0,0,0,0,0,0,0,0000,0000,0000,00
721,721,0,1,f47d,00,00,00,0,00,00,00,00,0,0,0,0,0,0,0,0000,0000,0000,00
722,722,0,1,f47e,00,00,00,0,00,00,00,00,0,0,0,0,0,0,0,0000,0000,0000,00
723,723,0,1,f47f,00,00,00,0,00,00,00,00,0,0,0,0,0,0,0,0000,0000,0000,00
724,724,0,1,f480,00,00,00,0,00,00,00,00,0,0,0,0,0,0,0,0000,0000,0000,00
725,725,0,1,f481,00,00,00,0,00,00,00,00,0,0,0,0,0,0,0,0000,0000,0000,00
726,726,0,1,f482,00,00,00,0,00,00,00,00,0,0,0,0,0,0,0,0000,0000,0000,00
727,727,0,1,f483,00,00,00,0,00,00,00,00,0,0,0,0,0,0,0,0000,0000,0000,00
728,728,0,1,f484,00,00,00,0,00,00,00,00,0,0,0,0,0,0,0,0000,0000,0000,00
729,729,0,1,f485,00,00,00,0,00,00,00,00,0,0,0,0,0,0,0,0000,0000,0000,00
730,730,0,1,f486,00,00,00,0,00,00,00,00,0,0,0,0,0,0,0,0000,0000,0000,00
731,731,0,1,f487,00,00,00,0,00,00,00,00,0,0,0,0,0,0,0,0000,0000,0000,00
732,732,0,1,f488,00,00,00,0,00,00,00,00,0,0,0,0,0,0,0,0000,0000,0000,00
733,733,0,1,f489,00,00,00,0,00,00,00,00,0,0,0,0,0,0,0,0000,0000,0000,00
734,734,0,1,f48a,00,00,00,0,00,00,00,00,0,0,0,0,0,0,0,0000,0000,0000,00
735,735,0,1,f48b,00,00,00,0,00,00,00,00,0,0,0,0,0,0,0,0000,0000,0000,00
736,736,0,1,f48c,00,00,00,0,00,00,00,00,0,0,0,0,0,0,0,0000,0000,0000,00
737,737,0,1,f48d,00,00,00,0,00,00,00,00,0,0,0,0,0,0,0,0000,0000,0000,00
738,738,0,1,f48e,00,00,00,0,00,00,00,00,0,0,0,0,0,0,0,0000,0000,0000,00
739,739,0,1,f48f,00,00,00,0,00,00,00,00,0,0,0,0,0,0,0,0000,0000,0000,00
740,740,0,1,f490,00,00,00,0,00,00,00,00,0,0,0,0,0,0,0,0000,0000,0000,00
741,741,0,1,f491,00,00,00,0,00,00,00,00,0,0,0,0,0,0,0,0000,0000,0000,00
742,742,0,1,f492,00,00,00,0,00,00,00,00,0,0,0,0,0,0,0,0000,0000,0000,00
743,743,0,1,f493,00,00,00,0,00,00,00,00,0,0,0,0,0,0,0,0000,0000,0000,00
744,744,0,1,f494,00,00,00,0,00,00,00,00,0,0,0,0,0,0,0,0000,0000,0000,00
745,745,0,1,f495,00,00,00,0,00,00,00,00,0,0,0,0,0,0,0,0000,0000,0000,00
746,746,0,1,f496,00,00,00,0,00,00,00,00,0,0,0,0,0,0,0,0000,0000,0000,00
747,747,0,1,f497,00,00,00,0,00,00,00,00,0,0,0,0,0,0,0,0000,0000,0000,00
748,748,0,1,f498,00,00,00,0,00,00,00,00,0,0,0,0,0,0,0,0000,0000,0000,00
749,749,0,1,f499,00,00,00,0,00,00,00,00,0,0,0,0,0,0,0,0000,0000,0000,00
750,750,0,1,f49a,00,00,00,0,00,00,00,00,0,0,0,0,0,0,0,0000,0000,0000,00
751,751,0,1,f49b,00,00,00,0,00,00,00,00,0,0,0,0,0,0,0,0000,0000,0000,00
752,752,0,1,f49c,00,00,00,0,00,00,00,00,0,0,0,0,0,0,0,0000,0000,0000,00
753,753,0,1,f49d,00,00,00,0,00,00,00,00,0,0,0,0,0,0,0,0000,0000,0000,00
754,754,0,1,f49e,00,00,00,0,00,00,00,00,0,0,0,0,0,0,0,0000,0000,0000,00
755,755,0,1,f49f,00,00,00,0,00,00,00,00,0,0,0,0,0,0,0,0000,0000,0000,00
756,756,0,1,f4a0,00,00,00,0,00,00,00,00,0,0,0,0,0,0,0,0000,0000,0000,00
757,757,0,1,f4a1,00,00,00,0,00,00,00,00,0,0,0,0,0,0,0,0000,0000,0000,00
758,758,0,1,f4a2,00,00,00,0,00,00,00,00,0,0,0,0,0,0,0,0000,0000,0000,00
759,759,0,1,f4a3,00,00,00,0,00,00,00,00,0,0,0,0,0,0,0,0000,0000,0000,00
760,760,0,1,f4a4,00,00,00,0,00,00,00,00,0,0,0,0,0,0,0,0000,0000,0000,00
761,761,0,1,f4a5,00,00,00,0,00,00,00,00,0,0,0,0,0,0,0,0000,0000,0000,00
762,762,0,1,f4a6,00,00,00,0,00,00,00,00,0,0,0,0,0,0,0,0000,0000,0000,00
763,763,0,1,f4a7,00,00,00,0,00,00,00,00,0,0,0,0,0,0,0,0000,0000,0000,00
764,764,0,1,f4a8,00,00,00,0,00,00,00,00,0,0,0,0,0,0,0,0000,0000,0000,00
765,765,0,1,f4a9,00,00,00,0,00,00,00,00,0,0,0,0,0,0,0,0000,0000,0000,00
766,766,0,1,f4aa,00,00,00,0,00,00,00,00,0,0,0,0,0,0,0,0000,0000,0000,00
767,767,0,1,f4ab,00,00,00,0,00,00,00,00,0,0,0,0,0,0,0,0000,0000,0000,00
768,768,0,1,f4ac,00,00,00,0,00,00,00,00,0,0,0,0,0,0,0,0000,0000,0000,00
769,769,0,1,f4ad,00,00,00,0,00,00,00,00,0,0,0,0,0,0,0,0000,0000,0000,00
770,770,0,1,f4ae,00,00,00,0,00,00,00,00,0,0,0,0,0,0,0,0000,0000,0000,00
771,771,0,1,f4af,00,00,00,0,00,00,00,00,0,0,0,0,0,0,0,0000,0000,0000,00
772,772,0,1,f4b0,00,00,00,0,00,00,00,00,0,0,0,0,0,0,0,0000,0000,0000,00
773,773,0,1,f4b1,00,00,00,0,00,00,00,00,0,0,0,0,0,0,0,0000,0000,0000,00
774,774,0,1,f4b2,00,00,00,0,00,00,00,00,0,0,0,0,0,0,0,0000,0000,0000,00
775,775,0,1,f4b3,00,00,00,0,00,00,00,00,0,0,0,0,0,0,0,0000,0000,0000,00
776,776,0,1,f4b4,00,00,00,0,00,00,00,00,0,0,0,0,0,0,0,0000,0000,0000,00
777,777,0,1,f4b5,00,00,00,0,00,00,00,00,0,0,0,0,0,0,0,0000,0000,0000,00
778,778,0,1,f4b6,00,00,00,0,00,00,00,00,0,0,0,0,0,0,0,0000,0000,0000,00
779,779,0,1,f4b7,00,00,00,0,00,00,00,00,0,0,0,0,0,0,0,0000,0000,0000,00
780,780,0,1,f4b8,00,00,00,0,00,00,00,00,0,0,0,0,0,0,0,0000,0000,0000,00
781,781,0,1,f4b9,00,00,00,0,00,00,00,00,0,0,0,0,0,0,0,0000,0000,0000,00
782,782,0,1,f4ba,00,00,00,0,00,00,00,00,0,0,0,0,0,0,0,0000,0000,0000,00
783,783,0,1,f4bb,00,00,00,0,00,00,00,00,0,0,0,0,0,0,0,0000,0000,0000,00
784,784,0,1,f4bc,00,00,00,0,00,00,00,00,0,0,0,0,0,0,0,0000,0000,0000,00
785,785,0,1,f4bd,00,00,00,0,00,00,00,00,0,0,0,0,0,0,0,0000,0000,0000,00
786,786,0,1,f4be,00,00,00,0,00,00,00,00,0,0,0,0,0,0,0,0000,0000,0000,00
787,787,0,1,f4bf,00,00,00,0,00,00,00,00,0,0,0,0,0,0,0,0000,0000,0000,00
788,788,0,1,f4c0,00,00,00,0,00,00,00,00,0,0,0,0,0,0,0,0000,0000,0000,00
789,789,0,1,f4c1,00,00,00,0,00,00,00,00,0,0,0,0,0,0,0,0000,0000,0000,00
790,790,0,1,f4c2,00,00,00,0,00,00,00,00,0,0,0,0,0,0,0,0000,0000,0000,00
791,791,0,1,f4c3,00,00,00,0,00,00,00,00,0,0,0,0,0,0,0,0000,0000,0000,00
792,792,0,1,f4c4,00,00,00,0,00,00,00,00,0,0,0,0,0,0,0,0000,0000,0000,00
793,793,0,1,f4c5,00,00,00,0,00,00,00,00,0,0,0,0,0,0,0,0000,0000,0000,00
794,794,0,1,f4c6,00,00,00,0,00,00,00,00,0,0,0,0,0,0,0,0000,0000,0000,00
795,795,0,1,f4c7,00,00,00,0,00,00,00,00,0,0,0,0,0,0,0,0000,0000,0000,00
796,796,0,1,f4c8,00,00,00,0,00,00,00,00,0,0,0,0,0,0,0,0000,0000,0000,00
797,797,0,1,f4c9,00,00,00,0,00,00,00,00,0,0,0,0,0,0,0,0000,0000,0000,00
798,798,0,1,f4ca,00,00,00,0,00,00,00,00,0,0,0,0,0,0,0,0000,0000,0000,00
799,799,0,1,f4cb,00,00,00,0,00,00,00,00,0,0,0,0,0,0,0,0000,0000,0000,00
800,800,0,1,f4cc,00,00,00,0,00,00,00,00,0,0,0,0,0,0,0,0000,0000,0000,00
801,801,0,1,f4cd,00,00,00,0,00,00,00,00,0,0,0,0,0,0,0,0000,0000,0000,00
802,802,0,1,f4ce,00,00,00,0,00,00,00,00,0,0,0,0,0,0,0,0000,0000,0000,00
803,803,0,1,f4cf,00,00,00,0,00,00,00,00,0,0,0,0,0,0,0,0000,0000,0000,00
804,804,0,1,f4d0,00,00,00,0,00,00,00,00,0,0,0,0,0,0,0,0000,0000,0000,00
805,805,0,1,f4d1,00,00,00,0,00,00,00,00,0,0,0,0,0,0,0,0000,0000,0000,00
806,806,0,1,f4d2,00,00,00,0,00,00,00,00,0,0,0,0,0,0,0,0000,0000,0000,00
807,807,0,1,f4d3,00,00,00,0,00,00,00,00,0,0,0,0,0,0,0,0000,0000,0000,00
808,808,0,1,f4d4,00,00,00,0,00,00,00,00,0,0,0,0,0,0,0,0000,0000,0000,00
809,809,0,1,f4d5,00,00,00,0,00,00,00,00,0,0,0,0,0,0,0,0000,0000,0000,00
810,810,0,1,f4d6,00,00,00,0,00,00,00,00,0,0,0,0,0,0,0,0000,0000,0000,00
811,811,0,1,f4d7,00,00,00,0,00,00,00,00,0,0,0,0,0,0,0,0000,0000,0000,00
812,812,0,1,f4d8,00,00,00,0,00,00,00,00,0,0,0,0,0,0,0,0000,0000,0000,00
813,813,0,1,f4d9,00,00,00,0,00,00,00,00,0,0,0,0,0,0,0,0000,0000,0000,00
814,814,0,1,f4da,00,00,00,0,00,00,00,00,0,0,0,0,0,0,0,0000,0000,0000,00
815,815,0,1,f4db,00,00,00,0,00,00,00,00,0,0,0,0,0,0,0,0000,0000,0000,00
816,816,0,1,f4dc,00,00,00,0,00,00,00,00,0,0,0,0,0,0,0,0000,0000,0000,00
817,817,0,1,f4dd,00,00,00,0,00,00,00,00,0,0,0,0,0,0,0,0000,0000,0000,00
818,818,0,1,f4de,00,00,00,0,00,00,00,00,0,0,0,0,0,0,0,0000,0000,0000,00
819,819,0,1,f4df,00,00,00,0,00,00,00,00,0,0,0,0,0,0,0,0000,0000,0000,00
820,820,0,1,f4e0,00,00,00,0,00,00,00,00,0,0,0,0,0,0,0,0000,0000,0000,00
821,821,0,1,f4e1,00,00,00,0,00,00,00,00,0,0,0,0,0,0,0,0000,0000,0000,00
822,822,0,1,f4e2,00,00,00,0,00,00,00,00,0,0,0,0,0,0,0,0000,0000,0000,00
823,823,0,1,f4e3,00,00,00,0,00,00,00,00,0,0,0,0,0,0,0,0000,0000,0000,00
824,824,0,1,f4e4,00,00,00,0,00,00,00,00,0,0,0,0,0,0,0,0000,0000,0000,00
825,825,0,1,f4e5,00,00,00,0,00,00,00,00,0,0,0,0,0,0,0,0000,0000,0000,00
826,826,0,1,f4e6,00,00,00,0,00,00,00,00,0,0,0,0,0,0,0,0000,0000,0000,00
827,827,0,1,f4e7,00,00,00,0,00,00,00,00,0,0,0,0,0,0,0,0000,0000,0000,00
828,828,0,1,f4e8,00,00,00,0,00,00,00,00,0,0,0,0,0,0,0,0000,0000,0000,00
829,829,0,1,f4e9,00,00,00,0,00,00,00,00,0,0,0,0,0,0,0,0000,0000,0000,00
830,830,0,1,f4ea,00,00,00,0,00,00,00,00,0,0,0,0,0,0,0,0000,0000,0000,00
831,831,0,1,f4eb,00,00,00,0,00,00,00,00,0,0,0,0,0,0,0,0000,0000,0000,00
832,832,0,1,f4ec,00,00,00,0,00,00,00,00,0,0,0,0,0,0,0,0000,0000,0000,00
833,833,0,1,f4ed,00,00,00,0,00,00,00,00,0,0,0,0,0,0,0,0000,0000,0000,00
834,834,0,1,f4ee,00,00,00,0,00,00,00,00,0,0,0,0,0,0,0,0000,0000,0000,00
835,835,0,1,f4ef,00,00,00,0,00,00,00,00,0,0,0,0,0,0,0,0000,0000,0000,00
836,836,0,1,f4f0,00,00,00,0,00,00,00,00,0,0,0,0,0,0,0,0000,0000,0000,00
837,837,0,1,f4f1,00,00,00,0,00,00,00,00,0,0,0,0,0,0,0,0000,0000,0000,00
838,838,0,1,f4f2,00,00,00,0,00,00,00,00,0,0,0,0,0,0,0,0000,0000,0000,00
839,839,0,1,f4f3,00,00,00,0,00,00,00,00,0,0,0,0,0,0,0,0000,0000,0000,00
840,840,0,1,f4f4,00,00,00,0,00,00,00,00,0,0,0,0,0,0,0,0000,0000,0000,00
841,841,0,1,f4f5,00,00,00,0,00,00,00,00,0,0,0,0,0,0,0,0000,0000,0000,00
842,842,0,1,f4f6,00,00,00,0,00,00,00,00,0,0,0,0,0,0,0,0000,0000,0000,00
843,843,0,1,f4f7,00,00,00,0,00,00,00,00,0,0,0,0,0,0,0,0000,0000,0000,00
844,844,0,1,f4f8,00,00,00,0,00,00,00,00,0,0,0,0,0,0,0,0000,0000,0000,00
845,845,0,1,f4f9,00,00,00,0,00,00,00,00,0,0,0,0,0,0,0,0000,0000,0000,00
846,846,0,1,f4fa,00,00,00,0,00,00,00,00,0,0,0,0,0,0,0,0000,0000,0000,00
847,847,0,1,f4fb,00,00,00,0,00,00,00,00,0,0,0,0,0,0,0,0000,0000,0000,00
848,848,0,1,f4fc,00,00,00,0,00,00,00,00,0,0,0,0,0,0,0,0000,0000,0000,00
849,849,0,1,f4fd,00,00,00,0,00,00,00,00,0,0,0,0,0,0,0,0000,0000,0000,00
850,850,0,1,f4fe,00,00,00,0,00,00,00,00,0,0,0,0,0,0,0,0000,0000,0000,00
851,851,0,1,f4ff,00,00,00,0,00,00,00,00,0,0,0,0,0,0,0,0000,0000,0000,00
852,852,0,1,f500,00,00,00,0,00,00,00,00,0,0,0,0,0,0,0,0000,0000,0000,00
853,853,0,1,f501,00,00,00,0,00,00,00,00,0,0,0,0,0,0,0,0000,0000,0000,00
854,854,0,1,f502,00,00,00,0,00,00,00,00,0,0,0,0,0,0,0,0000,0000,0000,00
855,855,0,1,f503,00,00,00,0,00,00,00,00,0,0,0,0,0,0,0,0000,0000,0000,00
856,856,0,1,f504,00,00,00,0,00,00,00,00,0,0,0,0,0,0,0,0000,0000,0000,00
857,857,0,1,f505,00,00,00,0,00,00,00,00,0,0,0,0,0,0,0,0000,0000,0000,00
858,858,0,1,f506,00,00,00,0,00,00,00,00,0,0,0,0,0,0,0,0000,0000,0000,00
859,859,0,1,f507,00,00,00,0,00,00,00,00,0,0,0,0,0,0,0,0000,0000,0000,00
860,860,0,1,f508,00,00,00,0,00,00,00,00,0,0,0,0,0,0,0,0000,0000,0000,00
861,861,0,1,f509,00,00,00,0,00,00,00,00,0,0,0,0,0,0,0,0000,0000,0000,00
862,862,0,1,f50a,00,00,00,0,00,00,00,00,0,0,0,0,0,0,0,0000,0000,0000,00
863,863,0,1,f50b,00,00,00,0,00,00,00,00,0,0,0,0,0,0,0,0000,0000,0000,00
864,864,0,1,f50c,00,00,00,0,00,00,00,00,0,0,0,0,0,0,0,0000,0000,0000,00
865,865,0,1,f50d,00,00,00,0,00,00,00,00,0,0,0,0,0,0,0,0000,0000,0000,00
866,866,0,1,f50e,00,00,00,0,00,00,00,00,0,0,0,0,0,0,0,0000,0000,0000,00
867,867,0,1,f50f,00,00,00,0,00,00,00,00,0,0,0,0,0,0,0,0000,0000,0000,00
868,868,0,1,f510,00,00,00,0,00,00,00,00,0,0,0,0,0,0,0,0000,0000,0000,00
869,869,0,1,f511,00,00,00,0,00,00,00,00,0,0,0,0,0,0,0,0000,0000,0000,00
870,870,0,1,f512,00,00,00,0,00,00,00,00,0,0,0,0,0,0,0,0000,0000,0000,00
871,871,0,1,f513,00,00,00,0,00,00,00,00,0,0,0,0,0,0,0,0000,0000,0000,00
872,872,0,1,f514,00,00,00,0,00,00,00,00,0,0,0,0,0,0,0,0000,0000,0000,00
873,873,0,1,f515,00,00,00,0,00,00,00,00,0,0,0,0,0,0,0,0000,0000,0000,00
874,874,0,1,f516,00,00,00,0,00,00,00,00,0,0,0,0,0,0,0,0000,0000,0000,00
875,875,0,1,f517,00,00,00,0,00,00,00,00,0,0,0,0,0,0,0,0000,0000,0000,00
876,876,0,1,f518,00,00,00,0,00,00,00,00,0,0,0,0,0,0,0,0000,0000,0000,00
877,877,0,1,f519,00,00,00,0,00,00,00,00,0,0,0,0,0,0,0,0000,0000,0000,00
878,878,0,1,f51a,00,00,00,0,00,00,00,00,0,0,0,0,0,0,0,0000,0000,0000,00
879,879,0,1,f51b,00,00,00,0,00,00,00,00,0,0,0,0,0,0,0,0000,0000,0000,00
880,880,0,1,f51c,00,00,00,0,00,00,00,00,0,0,0,0,0,0,0,0000,0000,0000,00
881,881,0,1,f51d,00,00,00,0,00,00,00,00,0,0,0,0,0,0,0,0000,0000,0000,00
882,882,0,1,f51e,00,00,00,0,00,00,00,00,0,0,0,0,0,0,0,0000,0000,0000,00
883,883,0,1,f51f,00,00,00,0,00,00,00,00,0,0,0,0,0,0,0,0000,0000,0000,00
884,884,0,1,f520,00,00,00,0,00,00,00,00,0,0,0,0,0,0,0,0000,0000,0000,00
885,885,0,1,f521,00,00,00,0,00,00,00,00,0,0,0,0,0,0,0,0000,0000,0000,00
886,886,0,1,f522,00,00,00,0,00,00,00,00,0,0,0,0,0,0,0,0000,0000,0000,00
887,887,0,1,f523,00,00,00,0,00,00,00,00,0,0,0,0,0,0,0,0000,0000,0000,00
888,888,0,1,f524,00,00,00,0,00,00,00,00,0,0,0,0,0,0,0,0000,0000,0000,00
889,889,0,1,f525,00,00,00,0,00,00,00,00,0,0,0,0,0,0,0,0000,0000,0000,00
890,890,0,1,f526,00,00,00,0,00,00,00,00,0,0,0,0,0,0,0,0000,0000,0000,00
891,891,0,1,f527,00,00,00,0,00,00,00,00,0,0,0,0,0,0,0,0000,0000,0000,00
892,892,0,1,f528,00,00,00,0,00,00,00,00,0,0,0,0,0,0,0,0000,0000,0000,00
893,893,0,1,f529,00,00,00,0,00,00,00,00,0,0,0,0,0,0,0,0000,0000,0000,00
894,894,0,1,f52a,00,00,00,0,00,00,00,00,0,0,0,0,0,0,0,0000,0000,0000,00
895,895,0,1,f52b,00,00,00,0,00,00,00,00,0,0,0,0,0,0,0,0000,0000,0000,00
896,896,0,1,f52c,00,00,00,0,00,00,00,00,0,0,0,0,0,0,0,0000,0000,0000,00
897,897,0,1,f52d,00,00,00,0,00,00,00,00,0,0,0,0,0,0,0,0000,0000,0000,00
898,898,0,1,f52e,00,00,00,0,00,00,00,00,0,0,0,0,0,0,0,0000,0000,0000,00
899,899,0,1,f52f,00,00,00,0,00,00,00,00,0,0,0,0,0,0,0,0000,0000,0000,00
900,900,0,1,f530,00,00,00,0,00,00,00,00,0,0,0,0,0,0,0,0000,0000,0000,00
901,901,0,1,f531,00,00,00,0,00,00,00,00,0,0,0,0,0,0,0,0000,0000,0000,00
902,902,0,1,f532,00,00,00,0,00,00,00,00,0,0,0,0,0,0,0,0000,0000,0000,00
903,903,0,1,f533,00,00,00,0,00,00,00,00,0,0,0,0,0,0,0,0000,0000,0000,00
904,904,0,1,f534,00,00,00,0,00,00,00,00,0,0,0,0,0,0,0,0000,0000,0000,00
905,905,0,1,f535,00,00,00,0,00,00,00,00,0,0,0,0,0,0,0,0000,0000,0000,00
906,906,0,1,f536,00,00,00,0,00,00,00,00,0,0,0,0,0,0,0,0000,0000,0000,00
907,907,0,1,f537,00,00,00,0,00,00,00,00,0,0,0,0,0,0,0,0000,0000,0000,00
908,908,0,1,f538,00,00,00,0,00,00,00,00,0,0,0,0,0,0,0,0000,0000,0000,00
909,909,0,1,f539,00,00,00,0,00,00,00,00,0,0,0,0,0,0,0,0000,0000,0000,00
910,910,0,1,f53a,00,00,00,0,00,00,00,00,0,0,0,0,0,0,0,0000,0000,0000,00
911,911,0,1,f53b,00,00,00,0,00,00,00,00,0,0,0,0,0,0,0,0000,0000,0000,00
912,912,0,1,f53c,00,00,00,0,00,00,00,00,0,0,0,0,0,0,0,0000,0000,0000,00
913,913,0,1,f53d,00,00,00,0,00,00,00,00,0,0,0,0,0,0,0,0000,0000,0000,00
914,914,0,1,f53e,00,00,00,0,00,00,00,00,0,0,0,0,0,0,0,0000,0000,0000,00
915,915,0,1,f53f,00,00,00,0,00,00,00,00,0,0,0,0,0,0,0,0000,0000,0000,00
916,916,0,1,f540,00,00,00,0,00,00,00,00,0,0,0,0,0,0,0,0000,0000,0000,00
917,917,0,1,f541,00,00,00,0,00,00,00,00,0,0,0,0,0,0,0,0000,0000,0000,00
918,918,0,1,f542,00,00,00,0,00,00,00,00,0,0,0,0,0,0,0,0000,0000,0000,00
919,919,0,1,f543,00,00,00,0,00,00,00,00,0,0,0,0,0,0,0,0000,0000,0000,00
920,920,0,1,f544,00,00,00,0,00,00,00,00,0,0,0,0,0,0,0,0000,0000,0000,00
921,921,0,1,f545,00,00,00,0,00,00,00,00,0,0,0,0,0,0,0,0000,0000,0000,00
922,922,0,1,f546,00,00,00,0,00,00,00,00,0,0,0,0,0,0,0,0000,0000,0000,00
923,923,0,1,f547,00,00,00,0,00,00,00,00,0,0,0,0,0,0,0,0000,0000,0000,00
924,924,0,1,f548,00,00,00,0,00,00,00,00,0,0,0,0,0,0,0,0000,0000,0000,00
925,925,0,1,f549,00,00,00,0,00,00,00,00,0,0,0,0,0,0,0,0000,0000,0000,00
926,926,0,1,f54a,00,00,00,0,00,00,00,00,0,0,0,0,0,0,0,0000,0000,0000,00
927,927,0,1,f54b,00,00,00,0,00,00,00,00,0,0,0,0,0,0,0,0000,0000,0000,00
928,928,0,1,f54c,00,00,00,0,00,00,00,00,0,0,0,0,0,0,0,0000,0000,0000,00
929,929,0,1,f54d,00,00,00,0,00,00,00,00,0,0,0,0,0,0,0,0000,0000,0000,00
930,930,0,1,f54e,00,00,00,0,00,00,00,00,0,0,0,0,0,0,0,0000,0000,0000,00
931,931,0,1,f54f,00,00,00,0,00,00,00,00,0,0,0,0,0,0,0,0000,0000,0000,00
932,932,0,1,f550,00,00,00,0,00,00,00,00,0,0,0,0,0,0,0,0000,0000,0000,00
933,933,0,1,f551,00,00,00,0,00,00,00,00,0,0,0,0,0,0,0,0000,0000,0000,00
934,934,0,1,f552,00,00,00,0,00,00,00,00,0,0,0,0,0,0,0,0000,0000,0000,00
935,935,0,1,f553,00,00,00,0,00,00,00,00,0,0,0,0,0,0,0,0000,0000,0000,00
936,936,0,1,f554,00,00,00,0,00,00,00,00,0,0,0,0,0,0,0,0000,0000,0000,00
937,937,0,1,f555,00,00,00,0,00,00,00,00,0,0,0,0,0,0,0,0000,0000,0000,00
938,938,0,1,f556,00,00,00,0,00,00,00,00,0,0,0,0,0,0,0,0000,0000,0000,00
939,939,0,1,f557,00,00,00,0,00,00,00,00,0,0,0,0,0,0,0,0000,0000,0000,00
940,940,0,1,f558,00,00,00,0,00,00,00,00,0,0,0,0,0,0,0,0000,0000,0000,00
941,941,0,1,f559,00,00,00,0,00,00,00,00,0,0,0,0,0,0,0,0000,0000,0000,00
942,942,0,1,f55a,00,00,00,0,00,00,00,00,0,0,0,0,0,0,0,0000,0000,0000,00
943,943,0,1,f55b,00,00,00,0,00,00,00,00,0,0,0,0,0,0,0,0000,0000,0000,00
944,944,0,1,f55c,00,00,00,0,00,00,00,00,0,0,0,0,0,0,0,0000,0000,0000,00
945,945,0,1,f55d,00,00,00,0,00,00,00,00,0,0,0,0,0,0,0,0000,0000,0000,00
946,946,0,1,f55e,00,00,00,0,00,00,00,00,0,0,0,0,0,0,0,0000,0000,0000,00
947,947,0,1,f55f,00,00,00,0,00,00,00,00,0,0,0,0,0,0,0,0000,0000,0000,00
948,948,0,1,f560,00,00,00,0,00,00,00,00,0,0,0,0,0,0,0,0000,0000,0000,00
949,949,0,1,f561,00,00,00,0,00,00,00,00,0,0,0,0,0,0,0,0000,0000,0000,00
950,950,0,1,f562,00,00,00,0,00,00,00,00,0,0,0,0,0,0,0,0000,0000,0000,00
951,951,0,1,f563,00,00,00,0,00,00,00,00,0,0,0,0,0,0,0,0000,0000,0000,00
952,952,0,1,f564,00,00,00,0,00,00,00,00,0,0,0,0,0,0,0,0000,0000,0000,00
953,953,0,1,f565,00,00,00,0,00,00,00,00,0,0,0,0,0,0,0,0000,0000,0000,00
954,954,0,1,f566,00,00,00,0,00,00,00,00,0,0,0,0,0,0,0,0000,0000,0000,00
955,955,0,1,f567,00,00,00,0,00,00,00,00,0,0,0,0,0,0,0,0000,0000,0000,00
956,956,0,1,f568,00,00,00,0,00,00,00,00,0,0,0,0,0,0,0,0000,0000,0000,00
957,957,0,1,f569,00,00,00,0,00,00,00,00,0,0,0,0,0,0,0,0000,0000,0000,00
958,958,0,1,f56a,00,00,00,0,00,00,00,00,0,0,0,0,0,0,0,0000,0000,0000,00
959,959,0,1,f56b,00,00,00,0,00,00,00,00,0,0,0,0,0,0,0,0000,0000,0000,00
960,960,0,1,f56c,00,00,00,0,00,00,00,00,0,0,0,0,0,0,0,0000,0000,0000,00
961,961,0,1,f56d,00,00,00,0,00,00,00,00,0,0,0,0,0,0,0,0000,0000,0000,00
962,962,0,1,f56e,00,00,00,0,00,00,00,00,0,0,0,0,0,0,0,0000,0000,0000,00
963,963,0,1,f56f,00,00,00,0,00,00,00,00,0,0,0,0,0,0,0,0000,0000,0000,00
964,964,0,1,f570,00,00,00,0,00,00,00,00,0,0,0,0,0,0,0,0000,0000,0000,00
965,965,0,1,f571,00,00,00,0,00,00,00,00,0,0,0,0,0,0,0,0000,0000,0000,00
966,966,0,1,f572,00,00,00,0,00,00,00,00,0,0,0,0,0,0,0,0000,0000,0000,00
967,967,0,1,f573,00,00,00,0,00,00,00,00,0,0,0,0,0,0,0,0000,0000,0000,00
968,968,0,1,f574,00,00,00,0,00,00,00,00,0,0,0,0,0,0,0,0000,0000,0000,00
969,969,0,1,f575,00,00,00,0,00,00,00,00,0,0,0,0,0,0,0,0000,0000,0000,00
970,970,0,1,f576,00,00,00,0,00,00,00,00,0,0,0,0,0,0,0,0000,0000,0000,00
971,971,0,1,f577,00,00,00,0,00,00,00,00,0,0,0,0,0,0,0,0000,0000,0000,00
972,972,0,1,f578,00,00,00,0,00,00,00,00,0,0,0,0,0,0,0,0000,0000,0000,00
973,973,0,1,f579,00,00,00,0,00,00,00,00,0,0,0,0,0,0,0,0000,0000,0000,00
974,974,0,1,f57a,00,00,00,0,00,00,00,00,0,0,0,0,0,0,0,0000,0000,0000,00
975,975,0,1,f57b,00,00,00,0,00,00,00,00,0,0,0,0,0,0,0,0000,0000,0000,00
976,976,0,1,f57c,00,00,00,0,00,00,00,00,0,0,0,0,0,0,0,0000,0000,0000,00
977,977,0,1,f57d,00,00,00,0,00,00,00,00,0,0,0,0,0,0,0,0000,0000,0000,00
978,978,0,1,f57e,00,00,00,0,00,00,00,00,0,0,0,0,0,0,0,0000,0000,0000,00
979,979,0,1,f57f,00,00,00,0,00,00,00,00,0,0,0,0,0,0,0,0000,0000,0000,00
980,980,0,1,f580,00,00,00,0,00,00,00,00,0,0,0,0,0,0,0,0000,0000,0000,00
981,981,0,1,f581,00,00,00,0,00,00,00,00,0,0,0,0,0,0,0,0000,0000,0000,00
982,982,0,1,f582,00,00,00,0,00,00,00,00,0,0,0,0,0,0,0,0000,0000,0000,00
983,983,0,1,f583,00,00,00,0,00,00,00,00,0,0,0,0,0,0,0,0000,0000,0000,00
984,984,0,1,f584,00,00,00,0,00,00,00,00,0,0,0,0,0,0,0,0000,0000,0000,00
985,985,0,1,f585,00,00,00,0,00,00,00,00,0,0,0,0,0,0,0,0000,0000,0000,00
986,986,0,1,f586,00,00,00,0,00,00,00,00,0,0,0,0,0,0,0,0000,0000,0000,00
987,987,0,1,f587,00,00,00,0,00,00,00,00,0,0,0,0,0,0,0,0000,0000,0000,00
988,988,0,1,f588,00,00,00,0,00,00,00,00,0,0,0,0,0,0,0,0000,0000,0000,00
989,989,0,1,f589,00,00,00,0,00,00,00,00,0,0,0,0,0,0,0,0000,0000,0000,00
990,990,0,1,f58a,00,00,00,0,00,00,00,00,0,0,0,0,0,0,0,0000,0000,0000,00
991,991,0,1,f58b,00,00,00,0,00,00,00,00,0,0,0,0,0,0,0,0000,0000,0000,00
992,992,0,1,f58c,00,00,00,0,00,00,00,00,0,0,0,0,0,0,0,0000,0000,0000,00
993,993,0,1,f58d,00,00,00,0,00,00,00,00,0,0,0,0,0,0,0,0000,0000,0000,00
994,994,0,1,f58e,00,00,00,0,00,00,00,00,0,0,0,0,0,0,0,0000,0000,0000,00
995,995,0,1,f58f,00,00,00,0,00,00,00,00,0,0,0,0,0,0,0,0000,0000,0000,00
996,996,0,1,f590,00,00,00,0,00,00,00,00,0,0,0,0,0,0,0,0000,0000,0000,00
997,997,0,1,f591,00,00,00,0,00,00,00,00,0,0,0,0,0,0,0,0000,0000,0000,00
998,998,0,1,f592,00,00,00,0,00,00,00,00,0,0,0,0,0,0,0,0000,0000,0000,00
999,999,0,1,f593,00,00,00,0,00,00,00,00,0,0,0,0,0,0,0,0000,0000,0000,00
1000,1000,0,1,f594,00,00,00,0,00,00,00,00,0,0,0,0,0,0,0,0000,0000,0000,00
1001,1001,0,1,f595,00,00,00,0,00,00,00,00,0,0,0,0,0,0,0,0000,0000,0000,00
1002,1002,0,1,f596,00,00,00,0,00,00,00,00,0,0,0,0,0,0,0,0000,0000,0000,00
1003,1003,0,1,f597,00,00,00,0,00,00,00,00,0,0,0,0,0,0,0,0000,0000,0000,00
1004,1004,0,1,f598,00,00,00,0,00,00,00,00,0,0,0,0,0,0,0,0000,0000,0000,00
1005,1005,0,1,f599,00,00,00,0,00,00,00,00,0,0,0,0,0,0,0,0000,0000,0000,00
1006,1006,0,1,f59a,00,00,00,0,00,00,00,00,0,0,0,0,0,0,0,0000,0000,0000,00
1007,1007,0,1,f59b,00,00,00,0,00,00,00,00,0,0,0,0,0,0,0,0000,0000,0000,00
1008,1008,0,1,f59c,00,00,00,0,00,00,00,00,0,0,0,0,0,0,0,0000,0000,0000,00
1009,1009,0,1,f59d,00,00,00,0,00,00,00,00,0,0,0,0,0,0,0,0000,0000,0000,00
1010,1010,0,1,f59e,00,00,00,0,00,00,00,00,0,0,0,0,0,0,0,0000,0000,0000,00
1011,1011,0,1,f59f,00,00,00,0,00,00,00,00,0,0,0,0,0,0,0,0000,0000,0000,00
1012,1012,0,1,f5a0,00,00,00,0,00,00,00,00,0,0,0,0,0,0,0,0000,0000,0000,00
1013,1013,0,1,f5a1,00,00,00,0,00,00,00,00,0,0,0,0,0,0,0,0000,0000,0000,00
1014,1014,0,1,f5a2,00,00,00,0,00,00,00,00,0,0,0,0,0,0,0,0000,0000,0000,00
1015,1015,0,1,f5a3,00,00,00,0,00,00,00,00,0,0,0,0,0,0,0,0000,0000,0000,00
1016,1016,0,1,f5a4,00,00,00,0,00,00,00,00,0,0,0,0,0,0,0,0000,0000,0000,00
1017,1017,0,1,f5a5,00,00,00,0,00,00,00,00,0,0,0,0,0,0,0,0000,0000,0000,00
1018,1018,0,1,f5a6,00,00,00,0,00,00,00,00,0,0,0,0,0,0,0,0000,0000,0000,00
1019,1019,0,1,f5a7,00,00,00,0,00,00,00,00,0,0,0,0,0,0,0,0000,0000,0000,00
1020,1020,0,1,f5a8,00,00,00,0,00,00,00,00,0,0,0,0,0,0,0,0000,0000,0000,00
1021,1021,0,1,f5a9,00,00,00,0,00,00,00,00,0,0,0,0,0,0,0,0000,0000,0000,00
1022,1022,0,1,f5aa,00,00,00,0,00,00,00,00,0,0,0,0,0,0,0,0000,0000,0000,00
1023,1023,0,1,f5ab,00,00,00,0,00,00,00,00,0,0,0,0,0,0,0,0000,0000,0000,00
1024,1024,1,1,f5ac,00,00,00,0,00,00,00,00,0,0,0,0,0,0,0,0000,0000,0000,00
1025,1025,0,1,f5ad,00,00,00,0,00,00,00,00,0,0,0,0,0,0,0,0000,0000,0000,00
1026,1026,0,1,f5ae,00,00,00,0,00,00,00,00,0,0,0,0,0,0,0,0000,0000,0000,00
1027,1027,0,1,f5af,00,00,00,0,00,00,00,00,0,0,0,0,0,0,0,0000,0000,0000,00
1028,1028,0,1,f5b0,00,00,00,0,00,00,00,00,0,0,0,0,0,0,0,0000,0000,0000,00
1029,1029,0,1,f5b1,00,00,00,0,00,00,00,00,0,0,0,0,0,0,0,0000,0000,0000,00
1030,1030,0,1,f5b2,00,00,00,0,00,00,00,00,0,0,0,0,0,0,0,0000,0000,0000,00
1031,1031,0,1,f5b3,00,00,00,0,00,00,00,00,0,0,0,0,0,0,0,0000,0000,0000,00
1032,1032,0,1,f5b4,00,00,00,0,00,00,00,00,0,0,0,0,0,0,0,0000,0000,0000,00
1033,1033,0,1,f5b5,00,00,00,0,00,00,00,00,0,0,0,0,0,0,0,0000,0000,0000,00
1034,1034,0,1,f5b6,00,00,00,0,00,00,00,00,0,0,0,0,0,0,0,0000,0000,0000,00
1035,1035,0,1,f5b7,00,00,00,0,00,00,00,00,0,0,0,0,0,0,0,0000,0000,0000,00
1036,1036,0,1,f5b8,00,00,00,0,00,00,00,00,0,0,0,0,0,0,0,0000,0000,0000,00
1037,1037,0,1,f5b9,00,00,00,0,00,00,00,00,0,0,0,0,0,0,0,0000,0000,0000,00
1038,1038,0,1,f5ba,00,00,00,0,00,00,00,00,0,0,0,0,0,0,0,0000,0000,0000,00
1039,1039,0,1,f5bb,00,00,00,0,00,00,00,00,0,0,0,0,0,0,0,0000,0000,0000,00
1040,1040,0,1,f5bc,00,00,00,0,00,00,00,00,0,0,0,0,0,0,0,0000,0000,0000,00
1041,1041,0,1,f5bd,00,00,00,0,00,00,00,00,0,0,0,0,0,0,0,0000,0000,0000,00
1042,1042,0,1,f5be,00,00,00,0,00,00,00,00,0,0,0,0,0,0,0,0000,0000,0000,00
1043,1043,0,1,f5bf,00,00,00,0,00,00,00,00,0,0,0,0,0,0,0,0000,0000,0000,00
1044,1044,0,1,f5c0,00,00,00,0,00,00,00,00,0,0,0,0,0,0,0,0000,0000,0000,00
1045,1045,0,1,f5c1,00,00,00,0,00,00,00,00,0,0,0,0,0,0,0,0000,0000,0000,00
1046,1046,0,1,f5c2,00,00,00,0,00,00,00,00,0,0,0,0,0,0,0,0000,0000,0000,00
1047,1047,0,1,f5c3,00,00,00,0,00,00,00,00,0,0,0,0,0,0,0,0000,0000,0000,00
1048,1048,0,1,f5c4,00,00,00,0,00,00,00,00,0,0,0,0,0,0,0,0000,0000,0000,00
1049,1049,0,1,f5c5,00,00,00,0,00,00,00,00,0,0,0,0,0,0,0,0000,0000,0000,00
1050,1050,0,1,f5c6,00,00,00,0,00,00,00,00,0,0,0,0,0,0,0,0000,0000,0000,00
1051,1051,0,1,f5c7,00,00,00,0,00,00,00,00,0,0,0,0,0,0,0,0000,0000,0000,00
1052,1052,0,1,f5c8,00,00,00,0,00,00,00,00,0,0,0,0,0,0,0,0000,0000,0000,00
1053,1053,0,1,f5c9,00,00,00,0,00,00,00,00,0,0,0,0,0,0,0,0000,0000,0000,00
1054,1054,0,1,f5ca,00,00,00,0,00,00,00,00,0,0,0,0,0,0,0,0000,0000,0000,00
1055,1055,0,1,f5cb,00,00,00,0,00,00,00,00,0,0,0,0,0,0,0,0000,0000,0000,00
1056,1056,0,1,f5cc,00,00,00,0,00,00,00,00,0,0,0,0,0,0,0,0000,0000,0000,00
1057,1057,0,1,f5cd,00,00,00,0,00,00,00,00,0,0,0,0,0,0,0,0000,0000,0000,00
1058,1058,0,1,f5ce,00,00,00,0,00,00,00,00,0,0,0,0,0,0,0,0000,0000,0000,00
1059,1059,0,1,f5cf,00,00,00,0,00,00,00,00,0,0,0,0,0,0,0,0000,0000,0000,00
1060,1060,0,1,f5d0,00,00,00,0,00,00,00,00,0,0,0,0,0,0,0,0000,0000,0000,00
1061,1061,0,1,f5d1,00,00,00,0,00,00,00,00,0,0,0,0,0,0,0,0000,0000,0000,00
1062,1062,0,1,f5d2,00,00,00,0,00,00,00,00,0,0,0,0,0,0,0,0000,0000,0000,00
1063,1063,0,1,f5d3,00,00,00,0,00,00,00,00,0,0,0,0,0,0,0,0000,0000,0000,00
1064,1064,0,1,f5d4,00,00,00,0,00,00,00,00,0,0,0,0,0,0,0,0000,0000,0000,00
1065,1065,0,1,f5d5,00,00,00,0,00,00,00,00,0,0,0,0,0,0,0,0000,0000,0000,00
1066,1066,0,1,f5d6,00,00,00,0,00,00,00,00,0,0,0,0,0,0,0,0000,0000,0000,00
1067,1067,0,1,f5d7,00,00,00,0,00,00,00,00,0,0,0,0,0,0,0,0000,0000,0000,00
1068,1068,0,1,f5d8,00,00,00,0,00,00,00,00,0,0,0,0,0,0,0,0000,0000,0000,00
1069,1069,0,1,f5d9,00,00,00,0,00,00,00,00,0,0,0,0,0,0,0,0000,0000,0000,00
1070,1070,0,1,f5da,00,00,00,0,00,00,00,00,0,0,0,0,0,0,0,0000,0000,0000,00
1071,1071,0,1,f5db,00,00,00,0,00,00,00,00,0,0,0,0,0,0,0,0000,0000,0000,00
1072,1072,0,1,f5dc,00,00,00,0,00,00,00,00,0,0,0,0,0,0,0,0000,0000,0000,00
1073,1073,0,1,f5dd,00,00,00,0,00,00,00,00,0,0,0,0,0,0,0,0000,0000,0000,00
1074,1074,0,1,f5de,00,00,00,0,00,00,00,00,0,0,0,0,0,0,0,0000,0000,0000,00
1075,1075,0,1,f5df,00,00,00,0,00,00,00,00,0,0,0,0,0,0,0,0000,0000,0000,00
1076,1076,0,1,f5e0,00,00,00,0,00,00,00,00,0,0,0,0,0,0,0,0000,0000,0000,00
1077,1077,0,1,f5e1,00,00,00,0,00,00,00,00,0,0,0,0,0,0,0,0000,0000,0000,00
1078,1078,0,1,f5e2,00,00,00,0,00,00,00,00,0,0,0,0,0,0,0,0000,0000,0000,00
1079,1079,0,1,f5e3,00,00,00,0,00,00,00,00,0,0,0,0,0,0,0,0000,0000,0000,00
1080,1080,0,1,f5e4,00,00,00,0,00,00,00,00,0,0,0,0,0,0,0,0000,0000,0000,00
1081,1081,0,1,f5e5,00,00,00,0,00,00,00,00,0,0,0,0,0,0,0,0000,0000,0000,00
1082,1082,0,1,f5e6,00,00,00,0,00,00,00,00,0,0,0,0,0,0,0,0000,0000,0000,00
1083,1083,0,1,f5e7,00,00,00,0,00,00,00,00,0,0,0,0,0,0,0,0000,0000,0000,00
1084,1084,0,1,f5e8,00,00,00,0,00,00,00,00,0,0,0,0,0,0,0,0000,0000,0000,00
1085,1085,0,1,f5e9,00,00,00,0,00,00,00,00,0,0,0,0,0,0,0,0000,0000,0000,00
1086,1086,0,1,f5ea,00,00,00,0,00,00,00,00,0,0,0,0,0,0,0,0000,0000,0000,00
1087,1087,0,1,f5eb,00,00,00,0,00,00,00,00,0,0,0,0,0,0,0,0000,0000,0000,00
1088,1088,0,1,f5ec,00,00,00,0,00,00,00,00,0,0,0,0,0,0,0,0000,0000,0000,00
1089,1089,0,1,f5ed,00,00,00,0,00,00,00,00,0,0,0,0,0,0,0,0000,0000,0000,00
1090,1090,0,1,f5ee,00,00,00,0,00,00,00,00,0,0,0,0,0,0,0,0000,0000,0000,00
1091,1091,0,1,f5ef,00,00,00,0,00,00,00,00,0,0,0,0,0,0,0,0000,0000,0000,00
1092,1092,0,1,f5f0,00,00,00,0,00,00,00,00,0,0,0,0,0,0,0,0000,0000,0000,00
1093,1093,0,1,f5f1,00,00,00,0,00,00,00,00,0,0,0,0,0,0,0,0000,0000,0000,00
1094,1094,0,1,f5f2,00,00,00,0,00,00,00,00,0,0,0,0,0,0,0,0000,0000,0000,00
1095,1095,0,1,f5f3,00,00,00,0,00,00,00,00,0,0,0,0,0,0,0,0000,0000,0000,00
1096,1096,0,1,f5f4,00,00,00,0,00,00,00,00,0,0,0,0,0,0,0,0000,0000,0000,00
1097,1097,0,1,f5f5,00,00,00,0,00,00,00,00,0,0,0,0,0,0,0,0000,0000,0000,00
1098,1098,0,1,f5f6,00,00,00,0,00,00,00,00,0,0,0,0,0,0,0,0000,0000,0000,00
1099,1099,0,1,f5f7,00,00,00,0,00,00,00,00,0,0,0,0,0,0,0,0000,0000,0000,00
1100,1100,0,1,f5f8,00,00,00,0,00,00,00,00,0,0,0,0,0,0,0,0000,0000,0000,00
1101,1101,0,1,f5f9,00,00,00,0,00,00,00,00,0,0,0,0,0,0,0,0000,0000,0000,00
1102,1102,0,1,f5fa,00,00,00,0,00,00,00,00,0,0,0,0,0,0,0,0000,0000,0000,00
1103,1103,0,1,f5fb,00,00,00,0,00,00,00,00,0,0,0,0,0,0,0,0000,0000,0000,00
1104,1104,0,1,f5fc,00,00,00,0,00,00,00,00,0,0,0,0,0,0,0,0000,0000,0000,00
1105,1105,0,1,f5fd,00,00,00,0,00,00,00,00,0,0,0,0,0,0,0,0000,0000,0000,00
1106,1106,0,1,f5fe,00,00,00,0,00,00,00,00,0,0,0,0,0,0,0,0000,0000,0000,00
1107,1107,0,1,f5ff,00,00,00,0,00,00,00,00,0,0,0,0,0,0,0,0000,0000,0000,00
1108,1108,0,1,f600,00,00,00,0,00,00,00,00,0,0,0,0,0,0,0,0000,0000,0000,00
1109,1109,0,1,f601,00,00,00,0,00,00,00,00,0,0,0,0,0,0,0,0000,0000,0000,00
1110,1110,0,1,f602,00,00,00,0,00,00,00,00,0,0,0,0,0,0,0,0000,0000,0000,00
1111,1111,0,1,f603,00,00,00,0,00,00,00,00,0,0,0,0,0,0,0,0000,0000,0000,00
1112,1112,0,1,f604,00,00,00,0,00,00,00,00,0,0,0,0,0,0,0,0000,0000,0000,00
1113,1113,0,1,f605,00,00,00,0,00,00,00,00,0,0,0,0,0,0,0,0000,0000,0000,00
1114,1114,0,1,f606,00,00,00,0,00,00,00,00,0,0,0,0,0,0,0,0000,0000,0000,00
1115,1115,0,1,f607,00,00,00,0,00,00,00,00,0,0,0,0,0,0,0,0000,0000,0000,00
1116,1116,0,1,f608,00,00,00,0,00,00,00,00,0,0,0,0,0,0,0,0000,0000,0000,00
1117,1117,0,1,f609,00,00,00,0,00,00,00,00,0,0,0,0,0,0,0,0000,0000,0000,00
1118,1118,0,1,f60a,00,00,00,0,00,00,00,00,0,0,0,0,0,0,0,0000,0000,0000,00
1119,1119,0,1,f60b,00,00,00,0,00,00,00,00,0,0,0,0,0,0,0,0000,0000,0000,00
1120,1120,0,1,f60c,00,00,00,0,00,00,00,00,0,0,0,0,0,0,0,0000,0000,0000,00
1121,1121,0,1,f60d,00,00,00,0,00,00,00,00,0,0,0,0,0,0,0,0000,0000,0000,00
1122,1122,0,1,f60e,00,00,00,0,00,00,00,00,0,0,0,0,0,0,0,0000,0000,0000,00
1123,1123,0,1,f60f,00,00,00,0,00,00,00,00,0,0,0,0,0,0,0,0000,0000,0000,00
1124,1124,0,1,f610,00,00,00,0,00,00,00,00,0,0,0,0,0,0,0,0000,0000,0000,00
1125,1125,0,1,f611,00,00,00,0,00,00,00,00,0,0,0,0,0,0,0,0000,0000,0000,00
1126,1126,0,1,f612,00,00,00,0,00,00,00,00,0,0,0,0,0,0,0,0000,0000,0000,00
1127,1127,0,1,f613,00,00,00,0,00,00,00,00,0,0,0,0,0,0,0,0000,0000,0000,00
1128,1128,0,1,f614,00,00,00,0,00,00,00,00,0,0,0,0,0,0,0,0000,0000,0000,00
1129,1129,0,1,f615,00,00,00,0,00,00,00,00,0,0,0,0,0,0,0,0000,0000,0000,00
1130,1130,0,1,f616,00,00,00,0,00,00,00,00,0,0,0,0,0,0,0,0000,0000,0000,00
1131,1131,0,1,f617,00,00,00,0,00,00,00,00,0,0,0,0,0,0,0,0000,0000,0000,00
1132,1132,0,1,f618,00,00,00,0,00,00,00,00,0,0,0,0,0,0,0,0000,0000,0000,00
1133,1133,0,1,f619,00,00,00,0,00,00,00,00,0,0,0,0,0,0,0,0000,0000,0000,00
1134,1134,0,1,f61a,00,00,00,0,00,00,00,00,0,0,0,0,0,0,0,0000,0000,0000,00
1135,1135,0,1,f61b,00,00,00,0,00,00,00,00,0,0,0,0,0,0,0,0000,0000,0000,00
1136,1136,0,1,f61c,00,00,00,0,00,00,00,00,0,0,0,0,0,0,0,0000,0000,0000,00
1137,1137,0,1,f61d,00,00,00,0,00,00,00,00,0,0,0,0,0,0,0,0000,0000,0000,00
1138,1138,0,1,f61e,00,00,00,0,00,00,00,00,0,0,0,0,0,0,0,0000,0000,0000,00
1139,1139,0,1,f61f,00,00,00,0,00,00,00,00,0,0,0,0,0,0,0,0000,0000,0000,00
1140,1140,0,1,f620,00,00,00,0,00,00,00,00,0,0,0,0,0,0,0,0000,0000,0000,00
1141,1141,0,1,f621,00,00,00,0,00,00,00,00,0,0,0,0,0,0,0,0000,0000,0000,00
1142,1142,0,1,f622,00,00,00,0,00,00,00,00,0,0,0,0,0,0,0,0000,0000,0000,00
1143,1143,0,1,f623,00,00,00,0,00,00,00,00,0,0,0,0,0,0,0,0000,0000,0000,00
1144,1144,0,1,f624,00,00,00,0,00,00,00,00,0,0,0,0,0,0,0,0000,0000,0000,00
1145,1145,0,1,f625,00,00,00,0,00,00,00,00,0,0,0,0,0,0,0,0000,0000,0000,00
1146,1146,0,1,f626,00,00,00,0,00,00,00,00,0,0,0,0,0,0,0,0000,0000,0000,00
1147,1147,0,1,f627,00,00,00,0,00,00,00,00,0,0,0,0,0,0,0,0000,0000,0000,00
1148,1148,0,1,f628,00,00,00,0,00,00,00,00,0,0,0,0,0,0,0,0000,0000,0000,00
1149,1149,0,1,f629,00,00,00,0,00,00,00,00,0,0,0,0,0,0,0,0000,0000,0000,00
1150,1150,0,1,f62a,00,00,00,0,00,00,00,00,0,0,0,0,0,0,0,0000,0000,0000,00
1151,1151,0,1,f62b,00,00,00,0,00,00,00,00,0,0,0,0,0,0,0,0000,0000,0000,00
1152,1152,0,1,f62c,00,00,00,0,00,00,00,00,0,0,0,0,0,0,0,0000,0000,0000,00
1153,1153,0,1,f62d,00,00,00,0,00,00,00,00,0,0,0,0,0,0,0,0000,0000,0000,00
1154,1154,0,1,f62e,00,00,00,0,00,00,00,00,0,0,0,0,0,0,0,0000,0000,0000,00
1155,1155,0,1,f62f,00,00,00,0,00,00,00,00,0,0,0,0,0,0,0,0000,0000,0000,00
1156,1156,0,1,f630,00,00,00,0,00,00,00,00,0,0,0,0,0,0,0,0000,0000,0000,00
1157,1157,0,1,f631,00,00,00,0,00,00,00,00,0,0,0,0,0,0,0,0000,0000,0000,00
1158,1158,0,1,f632,00,00,00,0,00,00,00,00,0,0,0,0,0,0,0,0000,0000,0000,00
1159,1159,0,1,f633,00,00,00,0,00,00,00,00,0,0,0,0,0,0,0,0000,0000,0000,00
1160,1160,0,1,f634,00,00,00,0,00,00,00,00,0,0,0,0,0,0,0,0000,0000,0000,00
1161,1161,0,1,f635,00,00,00,0,00,00,00,00,0,0,0,0,0,0,0,0000,0000,0000,00
1162,1162,0,1,f636,00,00,00,0,00,00,00,00,0,0,0,0,0,0,0,0000,0000,0000,00
1163,1163,0,1,f637,00,00,00,0,00,00,00,00,0,0,0,0,0,0,0,0000,0000,0000,00
1164,1164,0,1,f638,00,00,00,0,00,00,00,00,0,0,0,0,0,0,0,0000,0000,0000,00
1165,1165,0,1,f639,00,00,00,0,00,00,00,00,0,0,0,0,0,0,0,0000,0000,0000,00
1166,1166,0,1,f63a,00,00,00,0,00,00,00,00,0,0,0,0,0,0,0,0000,0000,0000,00
1167,1167,0,1,f63b,00,00,00,0,00,00,00,00,0,0,0,0,0,0,0,0000,0000,0000,00
1168,1168,0,1,f63c,00,00,00,0,00,00,00,00,0,0,0,0,0,0,0,0000,0000,0000,00
1169,1169,0,1,f63d,00,00,00,0,00,00,00,00,0,0,0,0,0,0,0,0000,0000,0000,00
1170,1170,0,1,f63e,00,00,00,0,00,00,00,00,0,0,0,0,0,0,0,0000,0000,0000,00
1171,1171,0,1,f63f,00,00,00,0,00,00,00,00,0,0,0,0,0,0,0,0000,0000,0000,00
1172,1172,0,1,f640,00,00,00,0,00,00,00,00,0,0,0,0,0,0,0,0000,0000,0000,00
1173,1173,0,1,f641,00,00,00,0,00,00,00,00,0,0,0,0,0,0,0,0000,0000,0000,00
1174,1174,0,1,f642,00,00,00,0,00,00,00,00,0,0,0,0,0,0,0,0000,0000,0000,00
1175,1175,0,1,f643,00,00,00,0,00,00,00,00,0,0,0,0,0,0,0,0000,0000,0000,00
1176,1176,0,1,f644,00,00,00,0,00,00,00,00,0,0,0,0,0,0,0,0000,0000,0000,00
1177,1177,0,1,f645,00,00,00,0,00,00,00,00,0,0,0,0,0,0,0,0000,0000,0000,00
1178,1178,0,1,f646,00,00,00,0,00,00,00,00,0,0,0,0,0,0,0,0000,0000,0000,00
1179,1179,0,1,f647,00,00,00,0,00,00,00,00,0,0,0,0,0,0,0,0000,0000,0000,00
1180,1180,0,1,f648,00,00,00,0,00,00,00,00,0,0,0,0,0,0,0,0000,0000,0000,00
1181,1181,0,1,f649,00,00,00,0,00,00,00,00,0,0,0,0,0,0,0,0000,0000,0000,00
1182,1182,0,1,f64a,00,00,00,0,00,00,00,00,0,0,0,0,0,0,0,0000,0000,0000,00
1183,1183,0,1,f64b,00,00,00,0,00,00,00,00,0,0,0,0,0,0,0,0000,0000,0000,00
1184,1184,0,1,f64c,00,00,00,0,00,00,00,00,0,0,0,0,0,0,0,0000,0000,0000,00
1185,1185,0,1,f64d,00,00,00,0,00,00,00,00,0,0,0,0,0,0,0,0000,0000,0000,00
1186,1186,0,1,f64e,00,00,00,0,00,00,00,00,0,0,0,0,0,0,0,0000,0000,0000,00
1187,1187,0,1,f64f,00,00,00,0,00,00,00,00,0,0,0,0,0,0,0,0000,0000,0000,00
1188,1188,0,1,f650,00,00,00,0,00,00,00,00,0,0,0,0,0,0,0,0000,0000,0000,00
1189,1189,0,1,f651,00,00,00,0,00,00,00,00,0,0,0,0,0,0,0,0000,0000,0000,00
1190,1190,0,1,f652,00,00,00,0,00,00,00,00,0,0,0,0,0,0,0,0000,0000,0000,00
1191,1191,0,1,f653,00,00,00,0,00,00,00,00,0,0,0,0,0,0,0,0000,0000,0000,00
1192,1192,0,1,f654,00,00,00,0,00,00,00,00,0,0,0,0,0,0,0,0000,0000,0000,00
1193,1193,0,1,f655,00,00,00,0,00,00,00,00,0,0,0,0,0,0,0,0000,0000,0000,00
1194,1194,0,1,f656,00,00,00,0,00,00,00,00,0,0,0,0,0,0,0,0000,0000,0000,00
1195,1195,0,1,f657,00,00,00,0,00,00,00,00,0,0,0,0,0,0,0,0000,0000,0000,00
1196,1196,0,1,f658,00,00,00,0,00,00,00,00,0,0,0,0,0,0,0,0000,0000,0000,00
1197,1197,0,1,f659,00,00,00,0,00,00,00,00,0,0,0,0,0,0,0,0000,0000,0000,00
1198,1198,0,1,f65a,00,00,00,0,00,00,00,00,0,0,0,0,0,0,0,0000,0000,0000,00
1199,1199,0,1,f65b,00,00,00,0,00,00,00,00,0,0,0,0,0,0,0,0000,0000,0000,00
1200,1200,0,1,f65c,00,00,00,0,00,00,00,00,0,0,0,0,0,0,0,0000,0000,0000,00
1201,1201,0,1,f65d,00,00,00,0,00,00,00,00,0,0,0,0,0,0,0,0000,0000,0000,00
1202,1202,0,1,f65e,00,00,00,0,00,00,00,00,0,0,0,0,0,0,0,0000,0000,0000,00
1203,1203,0,1,f65f,00,00,00,0,00,00,00,00,0,0,0,0,0,0,0,0000,0000,0000,00
1204,1204,0,1,f660,00,00,00,0,00,00,00,00,0,0,0,0,0,0,0,0000,0000,0000,00
1205,1205,0,1,f661,00,00,00,0,00,00,00,00,0,0,0,0,0,0,0,0000,0000,0000,00
1206,1206,0,1,f662,00,00,00,0,00,00,00,00,0,0,0,0,0,0,0,0000,0000,0000,00
1207,1207,0,1,f663,00,00,00,0,00,00,00,00,0,0,0,0,0,0,0,0000,0000,0000,00
1208,1208,0,1,f664,00,00,00,0,00,00,00,00,0,0,0,0,0,0,0,0000,0000,0000,00
1209,1209,0,1,f665,00,00,00,0,00,00,00,00,0,0,0,0,0,0,0,0000,0000,0000,00
1210,1210,0,1,f666,00,00,00,0,00,00,00,00,0,0,0,0,0,0,0,0000,0000,0000,00
1211,1211,0,1,f667,00,00,00,0,00,00,00,00,0,0,0,0,0,0,0,0000,0000,0000,00
1212,1212,0,1,f668,00,00,00,0,00,00,00,00,0,0,0,0,0,0,0,0000,0000,0000,00
1213,1213,0,1,f669,00,00,00,0,00,00,00,00,0,0,0,0,0,0,0,0000,0000,0000,00
1214,1214,0,1,f66a,00,00,00,0,00,00,00,00,0,0,0,0,0,0,0,0000,0000,0000,00
1215,1215,0,1,f66b,00,00,00,0,00,00,00,00,0,0,0,0,0,0,0,0000,0000,0000,00
1216,1216,0,1,f66c,00,00,00,0,00,00,00,00,0,0,0,0,0,0,0,0000,0000,0000,00
1217,1217,0,1,f66d,00,00,00,0,00,00,00,00,0,0,0,0,0,0,0,0000,0000,0000,00
1218,1218,0,1,f66e,00,00,00,0,00,00,00,00,0,0,0,0,0,0,0,0000,0000,0000,00
1219,1219,0,1,f66f,00,00,00,0,00,00,00,00,0,0,0,0,0,0,0,0000,0000,0000,00
1220,1220,0,1,f670,00,00,00,0,00,00,00,00,0,0,0,0,0,0,0,0000,0000,0000,00
1221,1221,0,1,f671,00,00,00,0,00,00,00,00,0,0,0,0,0,0,0,0000,0000,0000,00
1222,1222,0,1,f672,00,00,00,0,00,00,00,00,0,0,0,0,0,0,0,0000,0000,0000,00
1223,1223,0,1,f673,00,00,00,0,00,00,00,00,0,0,0,0,0,0,0,0000,0000,0000,00
1224,1224,0,1,f674,00,00,00,0,00,00,00,00,0,0,0,0,0,0,0,0000,0000,0000,00
1225,1225,0,1,f675,00,00,00,0,00,00,00,00,0,0,0,0,0,0,0,0000,0000,0000,00
1226,1226,0,1,f676,00,00,00,0,00,00,00,00,0,0,0,0,0,0,0,0000,0000,0000,00
1227,1227,0,1,f677,00,00,00,0,00,00,00,00,0,0,0,0,0,0,0,0000,0000,0000,00
1228,1228,0,1,f678,00,00,00,0,00,00,00,00,0,0,0,0,0,0,0,0000,0000,0000,00
1229,1229,0,1,f679,00,00,00,0,00,00,00,00,0,0,0,0,0,0,0,0000,0000,0000,00
1230,1230,0,1,f67a,00,00,00,0,00,00,00,00,0,0,0,0,0,0,0,0000,0000,0000,00
1231,1231,0,1,f67b,00,00,00,0,00,00,00,00,0,0,0,0,0,0,0,0000,0000,0000,00
1232,1232,0,1,f67c,00,00,00,0,00,00,00,00,0,0,0,0,0,0,0,0000,0000,0000,00
1233,1233,0,1,f67d,00,00,00,0,00,00,00,00,0,0,0,0,0,0,0,0000,0000,0000,00
1234,1234,0,1,f67e,00,00,00,0,00,00,00,00,0,0,0,0,0,0,0,0000,0000,0000,00
1235,1235,0,1,f67f,00,00,00,0,00,00,00,00,0,0,0,0,0,0,0,0000,0000,0000,00
1236,1236,0,1,f680,00,00,00,0,00,00,00,00,0,0,0,0,0,0,0,0000,0000,0000,00
1237,1237,0,1,f681,00,00,00,0,00,00,00,00,0,0,0,0,0,0,0,0000,0000,0000,00
1238,1238,0,1,f682,00,00,00,0,00,00,00,00,0,0,0,0,0,0,0,0000,0000,0000,00
1239,1239,0,1,f683,00,00,00,0,00,00,00,00,0,0,0,0,0,0,0,0000,0000,0000,00
1240,1240,0,1,f684,00,00,00,0,00,00,00,00,0,0,0,0,0,0,0,0000,0000,0000,00
1241,1241,0,1,f685,00,00,00,0,00,00,00,00,0,0,0,0,0,0,0,0000,0000,0000,00
1242,1242,0,1,f686,00,00,00,0,00,00,00,00,0,0,0,0,0,0,0,0000,0000,0000,00
1243,1243,0,1,f687,00,00,00,0,00,00,00,00,0,0,0,0,0,0,0,0000,0000,0000,00
1244,1244,0,1,f688,00,00,00,0,00,00,00,00,0,0,0,0,0,0,0,0000,0000,0000,00
1245,1245,0,1,f689,00,00,00,0,00,00,00,00,0,0,0,0,0,0,0,0000,0000,0000,00
1246,1246,0,1,f68a,00,00,00,0,00,00,00,00,0,0,0,0,0,0,0,0000,0000,0000,00
1247,1247,0,1,f68b,00,00,00,0,00,00,00,00,0,0,0,0,0,0,0,0000,0000,0000,00
1248,1248,0,1,f68c,00,00,00,0,00,00,00,00,0,0,0,0,0,0,0,0000,0000,0000,00
1249,1249,0,1,f68d,00,00,00,0,00,00,00,00,0,0,0,0,0,0,0,0000,0000,0000,00
1250,1250,0,1,f68e,00,00,00,0,00,00,00,00,0,0,0,0,0,0,0,0000,0000,0000,00
1251,1251,0,1,f68f,00,00,00,0,00,00,00,00,0,0,0,0,0,0,0,0000,0000,0000,00
1252,1252,0,1,f690,00,00,00,0,00,00,00,00,0,0,0,0,0,0,0,0000,0000,0000,00
1253,1253,0,1,f691,00,00,00,0,00,00,00,00,0,0,0,0,0,0,0,0000,0000,0000,00
1254,1254,0,1,f692,00,00,00,0,00,00,00,00,0,0,0,0,0,0,0,0000,0000,0000,00
1255,1255,0,1,f693,00,00,00,0,00,00,00,00,0,0,0,0,0,0,0,0000,0000,0000,00
1256,1256,0,1,f694,00,00,00,0,00,00,00,00,0,0,0,0,0,0,0,0000,0000,0000,00
1257,1257,0,1,f695,00,00,00,0,00,00,00,00,0,0,0,0,0,0,0,0000,0000,0000,00
1258,1258,0,1,f696,00,00,00,0,00,00,00,00,0,0,0,0,0,0,0,0000,0000,0000,00
1259,1259,0,1,f697,00,00,00,0,00,00,00,00,0,0,0,0,0,0,0,0000,0000,0000,00
1260,1260,0,1,f698,00,00,00,0,00,00,00,00,0,0,0,0,0,0,0,0000,0000,0000,00
1261,1261,0,1,f699,00,00,00,0,00,00,00,00,0,0,0,0,0,0,0,0000,0000,0000,00
1262,1262,0,1,f69a,00,00,00,0,00,00,00,00,0,0,0,0,0,0,0,0000,0000,0000,00
1263,1263,0,1,f69b,00,00,00,0,00,00,00,00,0,0,0,0,0,0,0,0000,0000,0000,00
1264,1264,0,1,f69c,00,00,00,0,00,00,00,00,0,0,0,0,0,0,0,0000,0000,0000,00
1265,1265,0,1,f69d,00,00,00,0,00,00,00,00,0,0,0,0,0,0,0,0000,0000,0000,00
1266,1266,0,1,f69e,00,00,00,0,00,00,00,00,0,0,0,0,0,0,0,0000,0000,0000,00
1267,1267,0,1,f69f,00,00,00,0,00,00,00,00,0,0,0,0,0,0,0,0000,0000,0000,00
1268,1268,0,1,f6a0,00,00,00,0,00,00,00,00,0,0,0,0,0,0,0,0000,0000,0000,00
1269,1269,0,1,f6a1,00,00,00,0,00,00,00,00,0,0,0,0,0,0,0,0000,0000,0000,00
1270,1270,0,1,f6a2,00,00,00,0,00,00,00,00,0,0,0,0,0,0,0,0000,0000,0000,00
1271,1271,0,1,f6a3,00,00,00,0,00,00,00,00,0,0,0,0,0,0,0,0000,0000,0000,00
1272,1272,0,1,f6a4,00,00,00,0,00,00,00,00,0,0,0,0,0,0,0,0000,0000,0000,00
1273,1273,0,1,f6a5,00,00,00,0,00,00,00,00,0,0,0,0,0,0,0,0000,0000,0000,00
1274,1274,0,1,f6a6,00,00,00,0,00,00,00,00,0,0,0,0,0,0,0,0000,0000,0000,00
1275,1275,0,1,f6a7,00,00,00,0,00,00,00,00,0,0,0,0,0,0,0,0000,0000,0000,00
1276,1276,0,1,f6a8,00,00,00,0,00,00,00,00,0,0,0,0,0,0,0,0000,0000,0000,00
1277,1277,0,1,f6a9,00,00,00,0,00,00,00,00,0,0,0,0,0,0,0,0000,0000,0000,00
1278,1278,0,1,f6aa,00,00,00,0,00,00,00,00,0,0,0,0,0,0,0,0000,0000,0000,00
1279,1279,0,1,f6ab,00,00,00,0,00,00,00,00,0,0,0,0,0,0,0,0000,0000,0000,00
1280,1280,0,1,f6ac,00,00,00,0,00,00,00,00,0,0,0,0,0,0,0,0000,0000,0000,00
1281,1281,0,1,f6ad,00,00,00,0,00,00,00,00,0,0,0,0,0,0,0,0000,0000,0000,00
1282,1282,0,1,f6ae,00,00,00,0,00,00,00,00,0,0,0,0,0,0,0,0000,0000,0000,00
1283,1283,0,1,f6af,00,00,00,0,00,00,00,00,0,0,0,0,0,0,0,0000,0000,0000,00
1284,1284,0,1,f6b0,00,00,00,0,00,00,00,00,0,0,0,0,0,0,0,0000,0000,0000,00
1285,1285,0,1,f6b1,00,00,00,0,00,00,00,00,0,0,0,0,0,0,0,0000,0000,0000,00
1286,1286,0,1,f6b2,00,00,00,0,00,00,00,00,0,0,0,0,0,0,0,0000,0000,0000,00
1287,1287,0,1,f6b3,00,00,00,0,00,00,00,00,0,0,0,0,0,0,0,0000,0000,0000,00
1288,1288,0,1,f6b4,00,00,00,0,00,00,00,00,0,0,0,0,0,0,0,0000,0000,0000,00
1289,1289,0,1,f6b5,00,00,00,0,00,00,00,00,0,0,0,0,0,0,0,0000,0000,0000,00
1290,1290,0,1,f6b6,00,00,00,0,00,00,00,00,0,0,0,0,0,0,0,0000,0000,0000,00
1291,1291,0,1,f6b7,00,00,00,0,00,00,00,00,0,0,0,0,0,0,0,0000,0000,0000,00
1292,1292,0,1,f6b8,00,00,00,0,00,00,00,00,0,0,0,0,0,0,0,0000,0000,0000,00
1293,1293,0,1,f6b9,00,00,00,0,00,00,00,00,0,0,0,0,0,0,0,0000,0000,0000,00
1294,1294,0,1,f6ba,00,00,00,0,00,00,00,00,0,0,0,0,0,0,0,0000,0000,0000,00
1295,1295,0,1,f6bb,00,00,00,0,00,00,00,00,0,0,0,0,0,0,0,0000,0000,0000,00
1296,1296,0,1,f6bc,00,00,00,0,00,00,00,00,0,0,0,0,0,0,0,0000,0000,0000,00
1297,1297,0,1,f6bd,00,00,00,0,00,00,00,00,0,0,0,0,0,0,0,0000,0000,0000,00
1298,1298,0,1,f6be,00,00,00,0,00,00,00,00,0,0,0,0,0,0,0,0000,0000,0000,00
1299,1299,0,1,f6bf,00,00,00,0,00,00,00,00,0,0,0,0,0,0,0,0000,0000,0000,00
1300,1300,0,1,f6c0,00,00,00,0,00,00,00,00,0,0,0,0,0,0,0,0000,0000,0000,00
1301,1301,0,1,f6c1,00,00,00,0,00,00,00,00,0,0,0,0,0,0,0,0000,0000,0000,00
1302,1302,0,1,f6c2,00,00,00,0,00,00,00,00,0,0,0,0,0,0,0,0000,0000,0000,00
1303,1303,0,1,f6c3,00,00,00,0,00,00,00,00,0,0,0,0,0,0,0,0000,0000,0000,00
1304,1304,0,1,f6c4,00,00,00,0,00,00,00,00,0,0,0,0,0,0,0,0000,0000,0000,00
1305,1305,0,1,f6c5,00,00,00,0,00,00,00,00,0,0,0,0,0,0,0,0000,0000,0000,00
1306,1306,0,1,f6c6,00,00,00,0,00,00,00,00,0,0,0,0,0,0,0,0000,0000,0000,00
1307,1307,0,1,f6c7,00,00,00,0,00,00,00,00,0,0,0,0,0,0,0,0000,0000,0000,00
1308,1308,0,1,f6c8,00,00,00,0,00,00,00,00,0,0,0,0,0,0,0,0000,0000,0000,00
1309,1309,0,1,f6c9,00,00,00,0,00,00,00,00,0,0,0,0,0,0,0,0000,0000,0000,00
1310,1310,0,1,f6ca,00,00,00,0,00,00,00,00,0,0,0,0,0,0,0,0000,0000,0000,00
1311,1311,0,1,f6cb,00,00,00,0,00,00,00,00,0,0,0,0,0,0,0,0000,0000,0000,00
1312,1312,0,1,f6cc,00,00,00,0,00,00,00,00,0,0,0,0,0,0,0,0000,0000,0000,00
1313,1313,0,1,f6cd,00,00,00,0,00,00,00,00,0,0,0,0,0,0,0,0000,0000,0000,00
1314,1314,0,1,f6ce,00,00,00,0,00,00,00,00,0,0,0,0,0,0,0,0000,0000,0000,00
1315,1315,0,1,f6cf,00,00,00,0,00,00,00,00,0,0,0,0,0,0,0,0000,0000,0000,00
1316,1316,0,1,f6d0,00,00,00,0,00,00,00,00,0,0,0,0,0,0,0,0000,0000,0000,00
1317,1317,0,1,f6d1,00,00,00,0,00,00,00,00,0,0,0,0,0,0,0,0000,0000,0000,00
1318,1318,0,1,f6d2,00,00,00,0,00,00,00,00,0,0,0,0,0,0,0,0000,0000,0000,00
1319,1319,0,1,f6d3,00,00,00,0,00,00,00,00,0,0,0,0,0,0,0,0000,0000,0000,00
1320,1320,0,1,f6d4,00,00,00,0,00,00,00,00,0,0,0,0,0,0,0,0000,0000,0000,00
1321,1321,0,1,f6d5,00,00,00,0,00,00,00,00,0,0,0,0,0,0,0,0000,0000,0000,00
1322,1322,0,1,f6d6,00,00,00,0,00,00,00,00,0,0,0,0,0,0,0,0000,0000,0000,00
1323,1323,0,1,f6d7,00,00,00,0,00,00,00,00,0,0,0,0,0,0,0,0000,0000,0000,00
1324,1324,0,1,f6d8,00,00,00,0,00,00,00,00,0,0,0,0,0,0,0,0000,0000,0000,00
1325,1325,0,1,f6d9,00,00,00,0,00,00,00,00,0,0,0,0,0,0,0,0000,0000,0000,00
1326,1326,0,1,f6da,00,00,00,0,00,00,00,00,0,0,0,0,0,0,0,0000,0000,0000,00
1327,1327,0,1,f6db,00,00,00,0,00,00,00,00,0,0,0,0,0,0,0,0000,0000,0000,00
1328,1328,0,1,f6dc,00,00,00,0,00,00,00,00,0,0,0,0,0,0,0,0000,0000,0000,00
1329,1329,0,1,f6dd,00,00,00,0,00,00,00,00,0,0,0,0,0,0,0,0000,0000,0000,00
1330,1330,0,1,f6de,00,00,00,0,00,00,00,00,0,0,0,0,0,0,0,0000,0000,0000,00
1331,1331,0,1,f6df,00,00,00,0,00,00,00,00,0,0,0,0,0,0,0,0000,0000,0000,00
1332,1332,0,1,f6e0,00,00,00,0,00,00,00,00,0,0,0,0,0,0,0,0000,0000,0000,00
1333,1333,0,1,f6e1,00,00,00,0,00,00,00,00,0,0,0,0,0,0,0,0000,0000,0000,00
1334,1334,0,1,f6e2,00,00,00,0,00,00,00,00,0,0,0,0,0,0,0,0000,0000,0000,00
1335,1335,0,1,f6e3,00,00,00,0,00,00,00,00,0,0,0,0,0,0,0,0000,0000,0000,00
1336,1336,0,1,f6e4,00,00,00,0,00,00,00,00,0,0,0,0,0,0,0,0000,0000,0000,00
1337,1337,0,1,f6e5,00,00,00,0,00,00,00,00,0,0,0,0,0,0,0,0000,0000,0000,00
1338,1338,0,1,f6e6,00,00,00,0,00,00,00,00,0,0,0,0,0,0,0,0000,0000,0000,00
1339,1339,0,1,f6e7,00,00,00,0,00,00,00,00,0,0,0,0,0,0,0,0000,0000,0000,00
1340,1340,0,1,f6e8,00,00,00,0,00,00,00,00,0,0,0,0,0,0,0,0000,0000,0000,00
1341,1341,0,1,f6e9,00,00,00,0,00,00,00,00,0,0,0,0,0,0,0,0000,0000,0000,00
1342,1342,0,1,f6ea,00,00,00,0,00,00,00,00,0,0,0,0,0,0,0,0000,0000,0000,00
1343,1343,0,1,f6eb,00,00,00,0,00,00,00,00,0,0,0,0,0,0,0,0000,0000,0000,00
1344,1344,0,1,f6ec,00,00,00,0,00,00,00,00,0,0,0,0,0,0,0,0000,0000,0000,00
1345,1345,0,1,f6ed,00,00,00,0,00,00,00,00,0,0,0,0,0,0,0,0000,0000,0000,00
1346,1346,0,1,f6ee,00,00,00,0,00,00,00,00,0,0,0,0,0,0,0,0000,0000,0000,00
1347,1347,0,1,f6ef,00,00,00,0,00,00,00,00,0,0,0,0,0,0,0,0000,0000,0000,00
1348,1348,0,1,f6f0,00,00,00,0,00,00,00,00,0,0,0,0,0,0,0,0000,0000,0000,00
1349,1349,0,1,f6f1,00,00,00,0,00,00,00,00,0,0,0,0,0,0,0,0000,0000,0000,00
1350,1350,0,1,f6f2,00,00,00,0,00,00,00,00,0,0,0,0,0,0,0,0000,0000,0000,00
1351,1351,0,1,f6f3,00,00,00,0,00,00,00,00,0,0,0,0,0,0,0,0000,0000,0000,00
1352,1352,0,1,f6f4,00,00,00,0,00,00,00,00,0,0,0,0,0,0,0,0000,0000,0000,00
1353,1353,0,1,f6f5,00,00,00,0,00,00,00,00,0,0,0,0,0,0,0,0000,0000,0000,00
1354,1354,0,1,f6f6,00,00,00,0,00,00,00,00,0,0,0,0,0,0,0,0000,0000,0000,00
1355,1355,0,1,f6f7,00,00,00,0,00,00,00,00,0,0,0,0,0,0,0,0000,0000,0000,00
1356,1356,0,1,f6f8,00,00,00,0,00,00,00,00,0,0,0,0,0,0,0,0000,0000,0000,00
1357,1357,0,1,f6f9,00,00,00,0,00,00,00,00,0,0,0,0,0,0,0,0000,0000,0000,00
1358,1358,0,1,f6fa,00,00,00,0,00,00,00,00,0,0,0,0,0,0,0,0000,0000,0000,00
1359,1359,0,1,f6fb,00,00,00,0,00,00,00,00,0,0,0,0,0,0,0,0000,0000,0000,00
1360,1360,0,1,f6fc,00,00,00,0,00,00,00,00,0,0,0,0,0,0,0,0000,0000,0000,00
1361,1361,0,1,f6fd,00,00,00,0,00,00,00,00,0,0,0,0,0,0,0,0000,0000,0000,00
1362,1362,0,1,f6fe,00,00,00,0,00,00,00,00,0,0,0,0,0,0,0,0000,0000,0000,00
1363,1363,0,1,f6ff,00,00,00,0,00,00,00,00,0,0,0,0,0,0,0,0000,0000,0000,00
1364,1364,0,1,f700,00,00,00,0,00,00,00,00,0,0,0,0,0,0,0,0000,0000,0000,00
1365,1365,0,1,f701,00,00,00,0,00,00,00,00,0,0,0,0,0,0,0,0000,0000,0000,00
1366,1366,0,1,f702,00,00,00,0,00,00,00,00,0,0,0,0,0,0,0,0000,0000,0000,00
1367,1367,0,1,f703,00,00,00,0,00,00,00,00,0,0,0,0,0,0,0,0000,0000,0000,00
1368,1368,0,1,f704,00,00,00,0,00,00,00,00,0,0,0,0,0,0,0,0000,0000,0000,00
1369,1369,0,1,f705,00,00,00,0,00,00,00,00,0,0,0,0,0,0,0,0000,0000,0000,00
1370,1370,0,1,f706,00,00,00,0,00,00,00,00,0,0,0,0,0,0,0,0000,0000,0000,00
1371,1371,0,1,f707,00,00,00,0,00,00,00,00,0,0,0,0,0,0,0,0000,0000,0000,00
1372,1372,0,1,f708,00,00,00,0,00,00,00,00,0,0,0,0,0,0,0,0000,0000,0000,00
1373,1373,0,1,f709,00,00,00,0,00,00,00,00,0,0,0,0,0,0,0,0000,0000,0000,00
1374,1374,0,1,f70a,00,00,00,0,00,00,00,00,0,0,0,0,0,0,0,0000,0000,0000,00
1375,1375,0,1,f70b,00,00,00,0,00,00,00,00,0,0,0,0,0,0,0,0000,0000,0000,00
1376,1376,0,1,f70c,00,00,00,0,00,00,00,00,0,0,0,0,0,0,0,0000,0000,0000,00
1377,1377,0,1,f70d,00,00,00,0,00,00,00,00,0,0,0,0,0,0,0,0000,0000,0000,00
1378,1378,0,1,f70e,00,00,00,0,00,00,00,00,0,0,0,0,0,0,0,0000,0000,0000,00
1379,1379,0,1,f70f,00,00,00,0,00,00,00,00,0,0,0,0,0,0,0,0000,0000,0000,00
1380,1380,0,1,f710,00,00,00,0,00,00,00,00,0,0,0,0,0,0,0,0000,0000,0000,00
1381,1381,0,1,f711,00,00,00,0,00,00,00,00,0,0,0,0,0,0,0,0000,0000,0000,00
1382,1382,0,1,f712,00,00,00,0,00,00,00,00,0,0,0,0,0,0,0,0000,0000,0000,00
1383,1383,0,1,f713,00,00,00,0,00,00,00,00,0,0,0,0,0,0,0,0000,0000,0000,00
1384,1384,0,1,f714,00,00,00,0,00,00,00,00,0,0,0,0,0,0,0,0000,0000,0000,00
1385,1385,0,1,f715,00,00,00,0,00,00,00,00,0,0,0,0,0,0,0,0000,0000,0000,00
1386,1386,0,1,f716,00,00,00,0,00,00,00,00,0,0,0,0,0,0,0,0000,0000,0000,00
1387,1387,0,1,f717,00,00,00,0,00,00,00,00,0,0,0,0,0,0,0,0000,0000,0000,00
1388,1388,0,1,f718,00,00,00,0,00,00,00,00,0,0,0,0,0,0,0,0000,0000,0000,00
1389,1389,0,1,f719,00,00,00,0,00,00,00,00,0,0,0,0,0,0,0,0000,0000,0000,00
1390,1390,0,1,f71a,00,00,00,0,00,00,00,00,0,0,0,0,0,0,0,0000,0000,0000,00
1391,1391,0,1,f71b,00,00,00,0,00,00,00,00,0,0,0,0,0,0,0,0000,0000,0000,00
1392,1392,0,1,f71c,00,00,00,0,00,00,00,00,0,0,0,0,0,0,0,0000,0000,0000,00
1393,1393,0,1,f71d,00,00,00,0,00,00,00,00,0,0,0,0,0,0,0,0000,0000,0000,00
1394,1394,0,1,f71e,00,00,00,0,00,00,00,00,0,0,0,0,0,0,0,0000,0000,0000,00
1395,1395,0,1,f71f,00,00,00,0,00,00,00,00,0,0,0,0,0,0,0,0000,0000,0000,00
1396,1396,0,1,f720,00,00,00,0,00,00,00,00,0,0,0,0,0,0,0,0000,0000,0000,00
1397,1397,0,1,f721,00,00,00,0,00,00,00,00,0,0,0,0,0,0,0,0000,0000,0000,00
1398,1398,0,1,f722,00,00,00,0,00,00,00,00,0,0,0,0,0,0,0,0000,0000,0000,00
1399,1399,0,1,f723,00,00,00,0,00,00,00,00,0,0,0,0,0,0,0,0000,0000,0000,00
1400,1400,0,1,f724,00,00,00,0,00,00,00,00,0,0,0,0,0,0,0,0000,0000,0000,00
1401,1401,0,1,f725,00,00,00,0,00,00,00,00,0,0,0,0,0,0,0,0000,0000,0000,00
1402,1402,0,1,f726,00,00,00,0,00,00,00,00,0,0,0,0,0,0,0,0000,0000,0000,00
1403,1403,0,1,f727,00,00,00,0,00,00,00,00,0,0,0,0,0,0,0,0000,0000,0000,00
1404,1404,0,1,f728,00,00,00,0,00,00,00,00,0,0,0,0,0,0,0,0000,0000,0000,00
1405,1405,0,1,f729,00,00,00,0,00,00,00,00,0,0,0,0,0,0,0,0000,0000,0000,00
1406,1406,0,1,f72a,00,00,00,0,00,00,00,00,0,0,0,0,0,0,0,0000,0000,0000,00
1407,1407,0,1,f72b,00,00,00,0,00,00,00,00,0,0,0,0,0,0,0,0000,0000,0000,00
1408,1408,0,1,f72c,00,00,00,0,00,00,00,00,0,0,0,0,0,0,0,0000,0000,0000,00
1409,1409,0,1,f72d,00,00,00,0,00,00,00,00,0,0,0,0,0,0,0,0000,0000,0000,00
1410,1410,0,1,f72e,00,00,00,0,00,00,00,00,0,0,0,0,0,0,0,0000,0000,0000,00
1411,1411,0,1,f72f,00,00,00,0,00,00,00,00,0,0,0,0,0,0,0,0000,0000,0000,00
1412,1412,0,1,f730,00,00,00,0,00,00,00,00,0,0,0,0,0,0,0,0000,0000,0000,00
1413,1413,0,1,f731,00,00,00,0,00,00,00,00,0,0,0,0,0,0,0,0000,0000,0000,00
1414,1414,0,1,f732,00,00,00,0,00,00,00,00,0,0,0,0,0,0,0,0000,0000,0000,00
1415,1415,0,1,f733,00,00,00,0,00,00,00,00,0,0,0,0,0,0,0,0000,0000,0000,00
1416,1416,0,1,f734,00,00,00,0,00,00,00,00,0,0,0,0,0,0,0,0000,0000,0000,00
1417,1417,0,1,f735,00,00,00,0,00,00,00,00,0,0,0,0,0,0,0,0000,0000,0000,00
1418,1418,0,1,f736,00,00,00,0,00,00,00,00,0,0,0,0,0,0,0,0000,0000,0000,00
1419,1419,0,1,f737,00,00,00,0,00,00,00,00,0,0,0,0,0,0,0,0000,0000,0000,00
1420,1420,0,1,f738,00,00,00,0,00,00,00,00,0,0,0,0,0,0,0,0000,0000,0000,00
1421,1421,0,1,f739,00,00,00,0,00,00,00,00,0,0,0,0,0,0,0,0000,0000,0000,00
1422,1422,0,1,f73a,00,00,00,0,00,00,00,00,0,0,0,0,0,0,0,0000,0000,0000,00
1423,1423,0,1,f73b,00,00,00,0,00,00,00,00,0,0,0,0,0,0,0,0000,0000,0000,00
1424,1424,0,1,f73c,00,00,00,0,00,00,00,00,0,0,0,0,0,0,0,0000,0000,0000,00
1425,1425,0,1,f73d,00,00,00,0,00,00,00,00,0,0,0,0,0,0,0,0000,0000,0000,00
1426,1426,0,1,f73e,00,00,00,0,00,00,00,00,0,0,0,0,0,0,0,0000,0000,0000,00
1427,1427,0,1,f73f,00,00,00,0,00,00,00,00,0,0,0,0,0,0,0,0000,0000,0000,00
1428,1428,0,1,f740,00,00,00,0,00,00,00,00,0,0,0,0,0,0,0,0000,0000,0000,00
1429,1429,0,1,f741,00,00,00,0,00,00,00,00,0,0,0,0,0,0,0,0000,0000,0000,00
1430,1430,0,1,f742,00,00,00,0,00,00,00,00,0,0,0,0,0,0,0,0000,0000,0000,00
1431,1431,0,1,f743,00,00,00,0,00,00,00,00,0,0,0,0,0,0,0,0000,0000,0000,00
1432,1432,0,1,f744,00,00,00,0,00,00,00,00,0,0,0,0,0,0,0,0000,0000,0000,00
1433,1433,0,1,f745,00,00,00,0,00,00,00,00,0,0,0,0,0,0,0,0000,0000,0000,00
1434,1434,0,1,f746,00,00,00,0,00,00,00,00,0,0,0,0,0,0,0,0000,0000,0000,00
1435,1435,0,1,f747,00,00,00,0,00,00,00,00,0,0,0,0,0,0,0,0000,0000,0000,00
1436,1436,0,1,f748,00,00,00,0,00,00,00,00,0,0,0,0,0,0,0,0000,0000,0000,00
1437,1437,0,1,f749,00,00,00,0,00,00,00,00,0,0,0,0,0,0,0,0000,0000,0000,00
1438,1438,0,1,f74a,00,00,00,0,00,00,00,00,0,0,0,0,0,0,0,0000,0000,0000,00
1439,1439,0,1,f74b,00,00,00,0,00,00,00,00,0,0,0,0,0,0,0,0000,0000,0000,00
1440,1440,0,1,f74c,00,00,00,0,00,00,00,00,0,0,0,0,0,0,0,0000,0000,0000,00
1441,1441,0,1,f74d,00,00,00,0,00,00,00,00,0,0,0,0,0,0,0,0000,0000,0000,00
1442,1442,0,1,f74e,00,00,00,0,00,00,00,00,0,0,0,0,0,0,0,0000,0000,0000,00
1443,1443,0,1,f74f,00,00,00,0,00,00,00,00,0,0,0,0,0,0,0,0000,0000,0000,00
1444,1444,0,1,f750,00,00,00,0,00,00,00,00,0,0,0,0,0,0,0,0000,0000,0000,00
1445,1445,0,1,f751,00,00,00,0,00,00,00,00,0,0,0,0,0,0,0,0000,0000,0000,00
1446,1446,0,1,f752,00,00,00,0,00,00,00,00,0,0,0,0,0,0,0,0000,0000,0000,00
1447,1447,0,1,f753,00,00,00,0,00,00,00,00,0,0,0,0,0,0,0,0000,0000,0000,00
1448,1448,0,1,f754,00,00,00,0,00,00,00,00,0,0,0,0,0,0,0,0000,0000,0000,00
1449,1449,0,1,f755,00,00,00,0,00,00,00,00,0,0,0,0,0,0,0,0000,0000,0000,00
1450,1450,0,1,f756,00,00,00,0,00,00,00,00,0,0,0,0,0,0,0,0000,0000,0000,00
1451,1451,0,1,f757,00,00,00,0,00,00,00,00,0,0,0,0,0,0,0,0000,0000,0000,00
1452,1452,0,1,f758,00,00,00,0,00,00,00,00,0,0,0,0,0,0,0,0000,0000,0000,00
1453,1453,0,1,f759,00,00,00,0,00,00,00,00,0,0,0,0,0,0,0,0000,0000,0000,00
1454,1454,0,1,f75a,00,00,00,0,00,00,00,00,0,0,0,0,0,0,0,0000,0000,0000,00
1455,1455,0,1,f75b,00,00,00,0,00,00,00,00,0,0,0,0,0,0,0,0000,0000,0000,00
1456,1456,0,1,f75c,00,00,00,0,00,00,00,00,0,0,0,0,0,0,0,0000,0000,0000,00
1457,1457,0,1,f75d,00,00,00,0,00,00,00,00,0,0,0,0,0,0,0,0000,0000,0000,00
1458,1458,0,1,f75e,00,00,00,0,00,00,00,00,0,0,0,0,0,0,0,0000,0000,0000,00
1459,1459,0,1,f75f,00,00,00,0,00,00,00,00,0,0,0,0,0,0,0,0000,0000,0000,00
1460,1460,0,1,f760,00,00,00,0,00,00,00,00,0,0,0,0,0,0,0,0000,0000,0000,00
1461,1461,0,1,f761,00,00,00,0,00,00,00,00,0,0,0,0,0,0,0,0000,0000,0000,00
1462,1462,0,1,f762,00,00,00,0,00,00,00,00,0,0,0,0,0,0,0,0000,0000,0000,00
1463,1463,0,1,f763,00,00,00,0,00,00,00,00,0,0,0,0,0,0,0,0000,0000,0000,00
1464,1464,0,1,f764,00,00,00,0,00,00,00,00,0,0,0,0,0,0,0,0000,0000,0000,00
1465,1465,0,1,f765,00,00,00,0,00,00,00,00,0,0,0,0,0,0,0,0000,0000,0000,00
1466,1466,0,1,f766,00,00,00,0,00,00,00,00,0,0,0,0,0,0,0,0000,0000,0000,00
1467,1467,0,1,f767,00,00,00,0,00,00,00,00,0,0,0,0,0,0,0,0000,0000,0000,00
1468,1468,0,1,f768,00,00,00,0,00,00,00,00,0,0,0,0,0,0,0,0000,0000,0000,00
1469,1469,0,1,f769,00,00,00,0,00,00,00,00,0,0,0,0,0,0,0,0000,0000,0000,00
1470,1470,0,1,f76a,00,00,00,0,00,00,00,00,0,0,0,0,0,0,0,0000,0000,0000,00
1471,1471,0,1,f76b,00,00,00,0,00,00,00,00,0,0,0,0,0,0,0,0000,0000,0000,00
1472,1472,0,1,f76c,00,00,00,0,00,00,00,00,0,0,0,0,0,0,0,0000,0000,0000,00
1473,1473,0,1,f76d,00,00,00,0,00,00,00,00,0,0,0,0,0,0,0,0000,0000,0000,00
1474,1474,0,1,f76e,00,00,00,0,00,00,00,00,0,0,0,0,0,0,0,0000,0000,0000,00
1475,1475,0,1,f76f,00,00,00,0,00,00,00,00,0,0,0,0,0,0,0,0000,0000,0000,00
1476,1476,0,1,f770,00,00,00,0,00,00,00,00,0,0,0,0,0,0,0,0000,0000,0000,00
1477,1477,0,1,f771,00,00,00,0,00,00,00,00,0,0,0,0,0,0,0,0000,0000,0000,00
1478,1478,0,1,f772,00,00,00,0,00,00,00,00,0,0,0,0,0,0,0,0000,0000,0000,00
1479,1479,0,1,f773,00,00,00,0,00,00,00,00,0,0,0,0,0,0,0,0000,0000,0000,00
1480,1480,0,1,f774,00,00,00,0,00,00,00,00,0,0,0,0,0,0,0,0000,0000,0000,00
1481,1481,0,1,f775,00,00,00,0,00,00,00,00,0,0,0,0,0,0,0,0000,0000,0000,00
1482,1482,0,1,f776,00,00,00,0,00,00,00,00,0,0,0,0,0,0,0,0000,0000,0000,00
1483,1483,0,1,f777,00,00,00,0,00,00,00,00,0,0,0,0,0,0,0,0000,0000,0000,00
1484,1484,0,1,f778,00,00,00,0,00,00,00,00,0,0,0,0,0,0,0,0000,0000,0000,00
1485,1485,0,1,f779,00,00,00,0,00,00,00,00,0,0,0,0,0,0,0,0000,0000,0000,00
1486,1486,0,1,f77a,00,00,00,0,00,00,00,00,0,0,0,0,0,0,0,0000,0000,0000,00
1487,1487,0,1,f77b,00,00,00,0,00,00,00,00,0,0,0,0,0,0,0,0000,0000,0000,00
1488,1488,0,1,f77c,00,00,00,0,00,00,00,00,0,0,0,0,0,0,0,0000,0000,0000,00
1489,1489,0,1,f77d,00,00,00,0,00,00,00,00,0,0,0,0,0,0,0,0000,0000,0000,00
1490,1490,0,1,f77e,00,00,00,0,00,00,00,00,0,0,0,0,0,0,0,0000,0000,0000,00
1491,1491,0,1,f77f,00,00,00,0,00,00,00,00,0,0,0,0,0,0,0,0000,0000,0000,00
1492,1492,0,1,f780,00,00,00,0,00,00,00,00,0,0,0,0,0,0,0,0000,0000,0000,00
1493,1493,0,1,f781,00,00,00,0,00,00,00,00,0,0,0,0,0,0,0,0000,0000,0000,00
1494,1494,0,1,f782,00,00,00,0,00,00,00,00,0,0,0,0,0,0,0,0000,0000,0000,00
1495,1495,0,1,f783,00,00,00,0,00,00,00,00,0,0,0,0,0,0,0,0000,0000,0000,00
1496,1496,0,1,f784,00,00,00,0,00,00,00,00,0,0,0,0,0,0,0,0000,0000,0000,00
1497,1497,0,1,f785,00,00,00,0,00,00,00,00,0,0,0,0,0,0,0,0000,0000,0000,00
1498,1498,0,1,f786,00,00,00,0,00,00,00,00,0,0,0,0,0,0,0,0000,0000,0000,00
1499,1499,0,1,f787,00,00,00,0,00,00,00,00,0,0,0,0,0,0,0,0000,0000,0000,00
1500,1500,0,1,f788,00,00,00,0,00,00,00,00,0,0,0,0,0,0,0,0000,0000,0000,00
1501,1501,0,1,f789,00,00,00,0,00,00,00,00,0,0,0,0,0,0,0,0000,0000,0000,00
1502,1502,0,1,f78a,00,00,00,0,00,00,00,00,0,0,0,0,0,0,0,0000,0000,0000,00
1503,1503,0,1,f78b,00,00,00,0,00,00,00,00,0,0,0,0,0,0,0,0000,0000,0000,00
1504,1504,0,1,f78c,00,00,00,0,00,00,00,00,0,0,0,0,0,0,0,0000,0000,0000,00
1505,1505,0,1,f78d,00,00,00,0,00,00,00,00,0,0,0,0,0,0,0,0000,0000,0000,00
1506,1506,0,1,f78e,00,00,00,0,00,00,00,00,0,0,0,0,0,0,0,0000,0000,0000,00
1507,1507,0,1,f78f,00,00,00,0,00,00,00,00,0,0,0,0,0,0,0,0000,0000,0000,00
1508,1508,0,1,f790,00,00,00,0,00,00,00,00,0,0,0,0,0,0,0,0000,0000,0000,00
1509,1509,0,1,f791,00,00,00,0,00,00,00,00,0,0,0,0,0,0,0,0000,0000,0000,00
1510,1510,0,1,f792,00,00,00,0,00,00,00,00,0,0,0,0,0,0,0,0000,0000,0000,00
1511,1511,0,1,f793,00,00,00,0,00,00,00,00,0,0,0,0,0,0,0,0000,0000,0000,00
1512,1512,0,1,f794,00,00,00,0,00,00,00,00,0,0,0,0,0,0,0,0000,0000,0000,00
1513,1513,0,1,f795,00,00,00,0,00,00,00,00,0,0,0,0,0,0,0,0000,0000,0000,00
1514,1514,0,1,f796,00,00,00,0,00,00,00,00,0,0,0,0,0,0,0,0000,0000,0000,00
1515,1515,0,1,f797,00,00,00,0,00,00,00,00,0,0,0,0,0,0,0,0000,0000,0000,00
1516,1516,0,1,f798,00,00,00,0,00,00,00,00,0,0,0,0,0,0,0,0000,0000,0000,00
1517,1517,0,1,f799,00,00,00,0,00,00,00,00,0,0,0,0,0,0,0,0000,0000,0000,00
1518,1518,0,1,f79a,00,00,00,0,00,00,00,00,0,0,0,0,0,0,0,0000,0000,0000,00
1519,1519,0,1,f79b,00,00,00,0,00,00,00,00,0,0,0,0,0,0,0,0000,0000,0000,00
1520,1520,0,1,f79c,00,00,00,0,00,00,00,00,0,0,0,0,0,0,0,0000,0000,0000,00
1521,1521,0,1,f79d,00,00,00,0,00,00,00,00,0,0,0,0,0,0,0,0000,0000,0000,00
1522,1522,0,1,f79e,00,00,00,0,00,00,00,00,0,0,0,0,0,0,0,0000,0000,0000,00
1523,1523,0,1,f79f,00,00,00,0,00,00,00,00,0,0,0,0,0,0,0,0000,0000,0000,00
1524,1524,0,1,f7a0,00,00,00,0,00,00,00,00,0,0,0,0,0,0,0,0000,0000,0000,00
1525,1525,0,1,f7a1,00,00,00,0,00,00,00,00,0,0,0,0,0,0,0,0000,0000,0000,00
1526,1526,0,1,f7a2,00,00,00,0,00,00,00,00,0,0,0,0,0,0,0,0000,0000,0000,00
1527,1527,0,1,f7a3,00,00,00,0,00,00,00,00,0,0,0,0,0,0,0,0000,0000,0000,00
1528,1528,0,1,f7a4,00,00,00,0,00,00,00,00,0,0,0,0,0,0,0,0000,0000,0000,00
1529,1529,0,1,f7a5,00,00,00,0,00,00,00,00,0,0,0,0,0,0,0,0000,0000,0000,00
1530,1530,0,1,f7a6,00,00,00,0,00,00,00,00,0,0,0,0,0,0,0,0000,0000,0000,00
1531,1531,0,1,f7a7,00,00,00,0,00,00,00,00,0,0,0,0,0,0,0,0000,0000,0000,00
1532,1532,0,1,f7a8,00,00,00,0,00,00,00,00,0,0,0,0,0,0,0,0000,0000,0000,00
1533,1533,0,1,f7a9,00,00,00,0,00,00,00,00,0,0,0,0,0,0,0,0000,0000,0000,00
1534,1534,0,1,f7aa,00,00,00,0,00,00,00,00,0,0,0,0,0,0,0,0000,0000,0000,00
1535,1535,0,1,f7ab,00,00,00,0,00,00,00,00,0,0,0,0,0,0,0,0000,0000,0000,00
1536,1536,0,1,f7ac,00,00,00,0,00,00,00,00,0,0,0,0,0,0,0,0000,0000,0000,00
1537,1537,0,1,f7ad,00,00,00,0,00,00,00,00,0,0,0,0,0,0,0,0000,0000,0000,00
1538,1538,0,1,f7ae,00,00,00,0,00,00,00,00,0,0,0,0,0,0,0,0000,0000,0000,00
1539,1539,0,1,f7af,00,00,00,0,00,00,00,00,0,0,0,0,0,0,0,0000,0000,0000,00
1540,1540,0,1,f7b0,00,00,00,0,00,00,00,00,0,0,0,0,0,0,0,0000,0000,0000,00
1541,1541,0,1,f7b1,00,00,00,0,00,00,00,00,0,0,0,0,0,0,0,0000,0000,0000,00
1542,1542,0,1,f7b2,00,00,00,0,00,00,00,00,0,0,0,0,0,0,0,0000,0000,0000,00
1543,1543,0,1,f7b3,00,00,00,0,00,00,00,00,0,0,0,0,0,0,0,0000,0000,0000,00
1544,1544,0,1,f7b4,00,00,00,0,00,00,00,00,0,0,0,0,0,0,0,0000,0000,0000,00
1545,1545,0,1,f7b5,00,00,00,0,00,00,00,00,0,0,0,0,0,0,0,0000,0000,0000,00
1546,1546,0,1,f7b6,00,00,00,0,00,00,00,00,0,0,0,0,0,0,0,0000,0000,0000,00
1547,1547,0,1,f7b7,00,00,00,0,00,00,00,00,0,0,0,0,0,0,0,0000,0000,0000,00
1548,1548,0,1,f7b8,00,00,00,0,00,00,00,00,0,0,0,0,0,0,0,0000,0000,0000,00
1549,1549,0,1,f7b9,00,00,00,0,00,00,00,00,0,0,0,0,0,0,0,0000,0000,0000,00
1550,1550,0,1,f7ba,00,00,00,0,00,00,00,00,0,0,0,0,0,0,0,0000,0000,0000,00
1551,1551,0,1,f7bb,00,00,00,0,00,00,00,00,0,0,0,0,0,0,0,0000,0000,0000,00
1552,1552,0,1,f7bc,00,00,00,0,00,00,00,00,0,0,0,0,0,0,0,0000,0000,0000,00
1553,1553,0,1,f7bd,00,00,00,0,00,00,00,00,0,0,0,0,0,0,0,0000,0000,0000,00
1554,1554,0,1,f7be,00,00,00,0,00,00,00,00,0,0,0,0,0,0,0,0000,0000,0000,00
1555,1555,0,1,f7bf,00,00,00,0,00,00,00,00,0,0,0,0,0,0,0,0000,0000,0000,00
1556,1556,0,1,f7c0,00,00,00,0,00,00,00,00,0,0,0,0,0,0,0,0000,0000,0000,00
1557,1557,0,1,f7c1,00,00,00,0,00,00,00,00,0,0,0,0,0,0,0,0000,0000,0000,00
1558,1558,0,1,f7c2,00,00,00,0,00,00,00,00,0,0,0,0,0,0,0,0000,0000,0000,00
1559,1559,0,1,f7c3,00,00,00,0,00,00,00,00,0,0,0,0,0,0,0,0000,0000,0000,00
1560,1560,0,1,f7c4,00,00,00,0,00,00,00,00,0,0,0,0,0,0,0,0000,0000,0000,00
1561,1561,0,1,f7c5,00,00,00,0,00,00,00,00,0,0,0,0,0,0,0,0000,0000,0000,00
1562,1562,0,1,f7c6,00,00,00,0,00,00,00,00,0,0,0,0,0,0,0,0000,0000,0000,00
1563,1563,0,1,f7c7,00,00,00,0,00,00,00,00,0,0,0,0,0,0,0,0000,0000,0000,00
1564,1564,0,1,f7c8,00,00,00,0,00,00,00,00,0,0,0,0,0,0,0,0000,0000,0000,00
1565,1565,0,1,f7c9,00,00,00,0,00,00,00,00,0,0,0,0,0,0,0,0000,0000,0000,00
1566,1566,0,1,f7ca,00,00,00,0,00,00,00,00,0,0,0,0,0,0,0,0000,0000,0000,00
1567,1567,0,1,f7cb,00,00,00,0,00,00,00,00,0,0,0,0,0,0,0,0000,0000,0000,00
1568,1568,0,1,f7cc,00,00,00,0,00,00,00,00,0,0,0,0,0,0,0,0000,0000,0000,00
1569,1569,0,1,f7cd,00,00,00,0,00,00,00,00,0,0,0,0,0,0,0,0000,0000,0000,00
1570,1570,0,1,f7ce,00,00,00,0,00,00,00,00,0,0,0,0,0,0,0,0000,0000,0000,00
1571,1571,0,1,f7cf,00,00,00,0,00,00,00,00,0,0,0,0,0,0,0,0000,0000,0000,00
1572,1572,0,1,f7d0,00,00,00,0,00,00,00,00,0,0,0,0,0,0,0,0000,0000,0000,00
1573,1573,0,1,f7d1,00,00,00,0,00,00,00,00,0,0,0,0,0,0,0,0000,0000,0000,00
1574,1574,0,1,f7d2,00,00,00,0,00,00,00,00,0,0,0,0,0,0,0,0000,0000,0000,00
1575,1575,0,1,f7d3,00,00,00,0,00,00,00,00,0,0,0,0,0,0,0,0000,0000,0000,00
1576,1576,0,1,f7d4,00,00,00,0,00,00,00,00,0,0,0,0,0,0,0,0000,0000,0000,00
1577,1577,0,1,f7d5,00,00,00,0,00,00,00,00,0,0,0,0,0,0,0,0000,0000,0000,00
1578,1578,0,1,f7d6,00,00,00,0,00,00,00,00,0,0,0,0,0,0,0,0000,0000,0000,00
1579,1579,0,1,f7d7,00,00,00,0,00,00,00,00,0,0,0,0,0,0,0,0000,0000,0000,00
1580,1580,0,1,f7d8,00,00,00,0,00,00,00,00,0,0,0,0,0,0,0,0000,0000,0000,00
1581,1581,0,1,f7d9,00,00,00,0,00,00,00,00,0,0,0,0,0,0,0,0000,0000,0000,00
1582,1582,0,1,f7da,00,00,00,0,00,00,00,00,0,0,0,0,0,0,0,0000,0000,0000,00
1583,1583,0,1,f7db,00,00,00,0,00,00,00,00,0,0,0,0,0,0,0,0000,0000,0000,00
1584,1584,0,1,f7dc,00,00,00,0,00,00,00,00,0,0,0,0,0,0,0,0000,0000,0000,00
1585,1585,0,1,f7dd,00,00,00,0,00,00,00,00,0,0,0,0,0,0,0,0000,0000,0000,00
1586,1586,0,1,f7de,00,00,00,0,00,00,00,00,0,0,0,0,0,0,0,0000,0000,0000,00
1587,1587,0,1,f7df,00,00,00,0,00,00,00,00,0,0,0,0,0,0,0,0000,0000,0000,00
1588,1588,0,1,f7e0,00,00,00,0,00,00,00,00,0,0,0,0,0,0,0,0000,0000,0000,00
1589,1589,0,1,f7e1,00,00,00,0,00,00,00,00,0,0,0,0,0,0,0,0000,0000,0000,00
1590,1590,0,1,f7e2,00,00,00,0,00,00,00,00,0,0,0,0,0,0,0,0000,0000,0000,00
1591,1591,0,1,f7e3,00,00,00,0,00,00,00,00,0,0,0,0,0,0,0,0000,0000,0000,00
1592,1592,0,1,f7e4,00,00,00,0,00,00,00,00,0,0,0,0,0,0,0,0000,0000,0000,00
1593,1593,0,1,f7e5,00,00,00,0,00,00,00,00,0,0,0,0,0,0,0,0000,0000,0000,00
1594,1594,0,1,f7e6,00,00,00,0,00,00,00,00,0,0,0,0,0,0,0,0000,0000,0000,00
1595,1595,0,1,f7e7,00,00,00,0,00,00,00,00,0,0,0,0,0,0,0,0000,0000,0000,00
1596,1596,0,1,f7e8,00,00,00,0,00,00,00,00,0,0,0,0,0,0,0,0000,0000,0000,00
1597,1597,0,1,f7e9,00,00,00,0,00,00,00,00,0,0,0,0,0,0,0,0000,0000,0000,00
1598,1598,0,1,f7ea,00,00,00,0,00,00,00,00,0,0,0,0,0,0,0,0000,0000,0000,00
1599,1599,0,1,f7eb,00,00,00,0,00,00,00,00,0,0,0,0,0,0,0,0000,0000,0000,00
1600,1600,0,1,f7ec,00,00,00,0,00,00,00,00,0,0,0,0,0,0,0,0000,0000,0000,00
1601,1601,0,1,f7ed,00,00,00,0,00,00,00,00,0,0,0,0,0,0,0,0000,0000,0000,00
1602,1602,0,1,f7ee,00,00,00,0,00,00,00,00,0,0,0,0,0,0,0,0000,0000,0000,00
1603,1603,0,1,f7ef,00,00,00,0,00,00,00,00,0,0,0,0,0,0,0,0000,0000,0000,00
1604,1604,0,1,f7f0,00,00,00,0,00,00,00,00,0,0,0,0,0,0,0,0000,0000,0000,00
1605,1605,0,1,f7f1,00,00,00,0,00,00,00,00,0,0,0,0,0,0,0,0000,0000,0000,00
1606,1606,0,1,f7f2,00,00,00,0,00,00,00,00,0,0,0,0,0,0,0,0000,0000,0000,00
1607,1607,0,1,f7f3,00,00,00,0,00,00,00,00,0,0,0,0,0,0,0,0000,0000,0000,00
1608,1608,0,1,f7f4,00,00,00,0,00,00,00,00,0,0,0,0,0,0,0,0000,0000,0000,00
1609,1609,0,1,f7f5,00,00,00,0,00,00,00,00,0,0,0,0,0,0,0,0000,0000,0000,00
1610,1610,0,1,f7f6,00,00,00,0,00,00,00,00,0,0,0,0,0,0,0,0000,0000,0000,00
1611,1611,0,1,f7f7,00,00,00,0,00,00,00,00,0,0,0,0,0,0,0,0000,0000,0000,00
1612,1612,0,1,f7f8,00,00,00,0,00,00,00,00,0,0,0,0,0,0,0,0000,0000,0000,00
1613,1613,0,1,f7f9,00,00,00,0,00,00,00,00,0,0,0,0,0,0,0,0000,0000,0000,00
1614,1614,0,1,f7fa,00,00,00,0,00,00,00,00,0,0,0,0,0,0,0,0000,0000,0000,00
1615,1615,0,1,f7fb,00,00,00,0,00,00,00,00,0,0,0,0,0,0,0,0000,0000,0000,00
1616,1616,0,1,f7fc,00,00,00,0,00,00,00,00,0,0,0,0,0,0,0,0000,0000,0000,00
1617,1617,0,1,f7fd,00,00,00,0,00,00,00,00,0,0,0,0,0,0,0,0000,0000,0000,00
1618,1618,0,1,f7fe,00,00,00,0,00,00,00,00,0,0,0,0,0,0,0,0000,0000,0000,00
1619,1619,0,1,f7ff,00,00,00,0,00,00,00,00,0,0,0,0,0,0,0,0000,0000,0000,00
1620,1620,0,1,f800,00,00,00,0,00,00,00,00,0,0,0,0,0,0,0,0000,0000,0000,00
1621,1621,0,1,f801,00,00,00,0,00,00,00,00,0,0,0,0,0,0,0,0000,0000,0000,00
1622,1622,0,1,f802,00,00,00,0,00,00,00,00,0,0,0,0,0,0,0,0000,0000,0000,00
1623,1623,0,1,f803,00,00,00,0,00,00,00,00,0,0,0,0,0,0,0,0000,0000,0000,00
1624,1624,0,1,f804,00,00,00,0,00,00,00,00,0,0,0,0,0,0,0,0000,0000,0000,00
1625,1625,0,1,f805,00,00,00,0,00,00,00,00,0,0,0,0,0,0,0,0000,0000,0000,00
1626,1626,0,1,f806,00,00,00,0,00,00,00,00,0,0,0,0,0,0,0,0000,0000,0000,00
1627,1627,0,1,f807,00,00,00,0,00,00,00,00,0,0,0,0,0,0,0,0000,0000,0000,00
1628,1628,0,1,f808,00,00,00,0,00,00,00,00,0,0,0,0,0,0,0,0000,0000,0000,00
1629,1629,0,1,f809,00,00,00,0,00,00,00,00,0,0,0,0,0,0,0,0000,0000,0000,00
1630,1630,0,1,f80a,00,00,00,0,00,00,00,00,0,0,0,0,0,0,0,0000,0000,0000,00
1631,1631,0,1,f80b,00,00,00,0,00,00,00,00,0,0,0,0,0,0,0,0000,0000,0000,00
1632,1632,0,1,f80c,00,00,00,0,00,00,00,00,0,0,0,0,0,0,0,0000,0000,0000,00
1633,1633,0,1,f80d,00,00,00,0,00,00,00,00,0,0,0,0,0,0,0,0000,0000,0000,00
1634,1634,0,1,f80e,00,00,00,0,00,00,00,00,0,0,0,0,0,0,0,0000,0000,0000,00
1635,1635,0,1,f80f,00,00,00,0,00,00,00,00,0,0,0,0,0,0,0,0000,0000,0000,00
1636,1636,0,1,f810,00,00,00,0,00,00,00,00,0,0,0,0,0,0,0,0000,0000,0000,00
1637,1637,0,1,f811,00,00,00,0,00,00,00,00,0,0,0,0,0,0,0,0000,0000,0000,00
1638,1638,0,1,f812,00,00,00,0,00,00,00,00,0,0,0,0,0,0,0,0000,0000,0000,00
1639,1639,0,1,f813,00,00,00,0,00,00,00,00,0,0,0,0,0,0,0,0000,0000,0000,00
1640,1640,0,1,f814,00,00,00,0,00,00,00,00,0,0,0,0,0,0,0,0000,0000,0000,00
1641,1641,0,1,f815,00,00,00,0,00,00,00,00,0,0,0,0,0,0,0,0000,0000,0000,00
1642,1642,0,1,f816,00,00,00,0,00,00,00,00,0,0,0,0,0,0,0,0000,0000,0000,00
1643,1643,0,1,f817,00,00,00,0,00,00,00,00,0,0,0,0,0,0,0,0000,0000,0000,00
1644,1644,0,1,f818,00,00,00,0,00,00,00,00,0,0,0,0,0,0,0,0000,0000,0000,00
1645,1645,0,1,f819,00,00,00,0,00,00,00,00,0,0,0,0,0,0,0,0000,0000,0000,00
1646,1646,0,1,f81a,00,00,00,0,00,00,00,00,0,0,0,0,0,0,0,0000,0000,0000,00
1647,1647,0,1,f81b,00,00,00,0,00,00,00,00,0,0,0,0,0,0,0,0000,0000,0000,00
1648,1648,0,1,f81c,00,00,00,0,00,00,00,00,0,0,0,0,0,0,0,0000,0000,0000,00
1649,1649,0,1,f81d,00,00,00,0,00,00,00,00,0,0,0,0,0,0,0,0000,0000,0000,00
1650,1650,0,1,f81e,00,00,00,0,00,00,00,00,0,0,0,0,0,0,0,0000,0000,0000,00
1651,1651,0,1,f81f,00,00,00,0,00,00,00,00,0,0,0,0,0,0,0,0000,0000,0000,00
1652,1652,0,1,f820,00,00,00,0,00,00,00,00,0,0,0,0,0,0,0,0000,0000,0000,00
1653,1653,0,1,f821,00,00,00,0,00,00,00,00,0,0,0,0,0,0,0,0000,0000,0000,00
1654,1654,0,1,f822,00,00,00,0,00,00,00,00,0,0,0,0,0,0,0,0000,0000,0000,00
1655,1655,0,1,f823,00,00,00,0,00,00,00,00,0,0,0,0,0,0,0,0000,0000,0000,00
1656,1656,0,1,f824,00,00,00,0,00,00,00,00,0,0,0,0,0,0,0,0000,0000,0000,00
1657,1657,0,1,f825,00,00,00,0,00,00,00,00,0,0,0,0,0,0,0,0000,0000,0000,00
1658,1658,0,1,f826,00,00,00,0,00,00,00,00,0,0,0,0,0,0,0,0000,0000,0000,00
1659,1659,0,1,f827,00,00,00,0,00,00,00,00,0,0,0,0,0,0,0,0000,0000,0000,00
1660,1660,0,1,f828,00,00,00,0,00,00,00,00,0,0,0,0,0,0,0,0000,0000,0000,00
1661,1661,0,1,f829,00,00,00,0,00,00,00,00,0,0,0,0,0,0,0,0000,0000,0000,00
1662,1662,0,1,f82a,00,00,00,0,00,00,00,00,0,0,0,0,0,0,0,0000,0000,0000,00
1663,1663,0,1,f82b,00,00,00,0,00,00,00,00,0,0,0,0,0,0,0,0000,0000,0000,00
1664,1664,0,1,f82c,00,00,00,0,00,00,00,00,0,0,0,0,0,0,0,0000,0000,0000,00
1665,1665,0,1,f82d,00,00,00,0,00,00,00,00,0,0,0,0,0,0,0,0000,0000,0000,00
1666,1666,0,1,f82e,00,00,00,0,00,00,00,00,0,0,0,0,0,0,0,0000,0000,0000,00
1667,1667,0,1,f82f,00,00,00,0,00,00,00,00,0,0,0,0,0,0,0,0000,0000,0000,00
1668,1668,0,1,f830,00,00,00,0,00,00,00,00,0,0,0,0,0,0,0,0000,0000,0000,00
1669,1669,0,1,f831,00,00,00,0,00,00,00,00,0,0,0,0,0,0,0,0000,0000,0000,00
1670,1670,0,1,f832,00,00,00,0,00,00,00,00,0,0,0,0,0,0,0,0000,0000,0000,00
1671,1671,0,1,f833,00,00,00,0,00,00,00,00,0,0,0,0,0,0,0,0000,0000,0000,00
1672,1672,0,1,f834,00,00,00,0,00,00,00,00,0,0,0,0,0,0,0,0000,0000,0000,00
1673,1673,0,1,f835,00,00,00,0,00,00,00,00,0,0,0,0,0,0,0,0000,0000,0000,00
1674,1674,0,1,f836,00,00,00,0,00,00,00,00,0,0,0,0,0,0,0,0000,0000,0000,00
1675,1675,0,1,f837,00,00,00,0,00,00,00,00,0,0,0,0,0,0,0,0000,0000,0000,00
1676,1676,0,1,f838,00,00,00,0,00,00,00,00,0,0,0,0,0,0,0,0000,0000,0000,00
1677,1677,0,1,f839,00,00,00,0,00,00,00,00,0,0,0,0,0,0,0,0000,0000,0000,00
1678,1678,0,1,f83a,00,00,00,0,00,00,00,00,0,0,0,0,0,0,0,0000,0000,0000,00
1679,1679,0,1,f83b,00,00,00,0,00,00,00,00,0,0,0,0,0,0,0,0000,0000,0000,00
1680,1680,0,1,f83c,00,00,00,0,00,00,00,00,0,0,0,0,0,0,0,0000,0000,0000,00
1681,1681,0,1,f83d,00,00,00,0,00,00,00,00,0,0,0,0,0,0,0,0000,0000,0000,00
1682,1682,0,1,f83e,00,00,00,0,00,00,00,00,0,0,0,0,0,0,0,0000,0000,0000,00
1683,1683,0,1,f83f,00,00,00,0,00,00,00,00,0,0,0,0,0,0,0,0000,0000,0000,00
1684,1684,0,1,f840,00,00,00,0,00,00,00,00,0,0,0,0,0,0,0,0000,0000,0000,00
1685,1685,0,1,f841,00,00,00,0,00,00,00,00,0,0,0,0,0,0,0,0000,0000,0000,00
1686,1686,0,1,f842,00,00,00,0,00,00,00,00,0,0,0,0,0,0,0,0000,0000,0000,00
1687,1687,0,1,f843,00,00,00,0,00,00,00,00,0,0,0,0,0,0,0,0000,0000,0000,00
1688,1688,0,1,f844,00,00,00,0,00,00,00,00,0,0,0,0,0,0,0,0000,0000,0000,00
1689,1689,0,1,f845,00,00,00,0,00,00,00,00,0,0,0,0,0,0,0,0000,0000,0000,00
1690,1690,0,1,f846,00,00,00,0,00,00,00,00,0,0,0,0,0,0,0,0000,0000,0000,00
1691,1691,0,1,f847,00,00,00,0,00,00,00,00,0,0,0,0,0,0,0,0000,0000,0000,00
1692,1692,0,1,f848,00,00,00,0,00,00,00,00,0,0,0,0,0,0,0,0000,0000,0000,00
1693,1693,0,1,f849,00,00,00,0,00,00,00,00,0,0,0,0,0,0,0,0000,0000,0000,00
1694,1694,0,1,f84a,00,00,00,0,00,00,00,00,0,0,0,0,0,0,0,0000,0000,0000,00
1695,1695,0,1,f84b,00,00,00,0,00,00,00,00,0,0,0,0,0,0,0,0000,0000,0000,00
1696,1696,0,1,f84c,00,00,00,0,00,00,00,00,0,0,0,0,0,0,0,0000,0000,0000,00
1697,1697,0,1,f84d,00,00,00,0,00,00,00,00,0,0,0,0,0,0,0,0000,0000,0000,00
1698,1698,0,1,f84e,00,00,00,0,00,00,00,00,0,0,0,0,0,0,0,0000,0000,0000,00
1699,1699,0,1,f84f,00,00,00,0,00,00,00,00,0,0,0,0,0,0,0,0000,0000,0000,00
1700,1700,0,1,f850,00,00,00,0,00,00,00,00,0,0,0,0,0,0,0,0000,0000,0000,00
1701,1701,0,1,f851,00,00,00,0,00,00,00,00,0,0,0,0,0,0,0,0000,0000,0000,00
1702,1702,0,1,f852,00,00,00,0,00,00,00,00,0,0,0,0,0,0,0,0000,0000,0000,00
1703,1703,0,1,f853,00,00,00,0,00,00,00,00,0,0,0,0,0,0,0,0000,0000,0000,00
1704,1704,0,1,f854,00,00,00,0,00,00,00,00,0,0,0,0,0,0,0,0000,0000,0000,00
1705,1705,0,1,f855,00,00,00,0,00,00,00,00,0,0,0,0,0,0,0,0000,0000,0000,00
1706,1706,0,1,f856,00,00,00,0,00,00,00,00,0,0,0,0,0,0,0,0000,0000,0000,00
1707,1707,0,1,f857,00,00,00,0,00,00,00,00,0,0,0,0,0,0,0,0000,0000,0000,00
1708,1708,0,1,f858,00,00,00,0,00,00,00,00,0,0,0,0,0,0,0,0000,0000,0000,00
1709,1709,0,1,f859,00,00,00,0,00,00,00,00,0,0,0,0,0,0,0,0000,0000,0000,00
1710,1710,0,1,f85a,00,00,00,0,00,00,00,00,0,0,0,0,0,0,0,0000,0000,0000,00
1711,1711,0,1,f85b,00,00,00,0,00,00,00,00,0,0,0,0,0,0,0,0000,0000,0000,00
1712,1712,0,1,f85c,00,00,00,0,00,00,00,00,0,0,0,0,0,0,0,0000,0000,0000,00
1713,1713,0,1,f85d,00,00,00,0,00,00,00,00,0,0,0,0,0,0,0,0000,0000,0000,00
1714,1714,0,1,f85e,00,00,00,0,00,00,00,00,0,0,0,0,0,0,0,0000,0000,0000,00
1715,1715,0,1,f85f,00,00,00,0,00,00,00,00,0,0,0,0,0,0,0,0000,0000,0000,00
1716,1716,0,1,f860,00,00,00,0,00,00,00,00,0,0,0,0,0,0,0,0000,0000,0000,00
1717,1717,0,1,f861,00,00,00,0,00,00,00,00,0,0,0,0,0,0,0,0000,0000,0000,00
1718,1718,0,1,f862,00,00,00,0,00,00,00,00,0,0,0,0,0,0,0,0000,0000,0000,00
1719,1719,0,1,f863,00,00,00,0,00,00,00,00,0,0,0,0,0,0,0,0000,0000,0000,00
1720,1720,0,1,f864,00,00,00,0,00,00,00,00,0,0,0,0,0,0,0,0000,0000,0000,00
1721,1721,0,1,f865,00,00,00,0,00,00,00,00,0,0,0,0,0,0,0,0000,0000,0000,00
1722,1722,0,1,f866,00,00,00,0,00,00,00,00,0,0,0,0,0,0,0,0000,0000,0000,00
1723,1723,0,1,f867,00,00,00,0,00,00,00,00,0,0,0,0,0,0,0,0000,0000,0000,00
1724,1724,0,1,f868,00,00,00,0,00,00,00,00,0,0,0,0,0,0,0,0000,0000,0000,00
1725,1725,0,1,f869,00,00,00,0,00,00,00,00,0,0,0,0,0,0,0,0000,0000,0000,00
1726,1726,0,1,f86a,00,00,00,0,00,00,00,00,0,0,0,0,0,0,0,0000,0000,0000,00
1727,1727,0,1,f86b,00,00,00,0,00,00,00,00,0,0,0,0,0,0,0,0000,0000,0000,00
1728,1728,0,1,f86c,00,00,00,0,00,00,00,00,0,0,0,0,0,0,0,0000,0000,0000,00
1729,1729,0,1,f86d,00,00,00,0,00,00,00,00,0,0,0,0,0,0,0,0000,0000,0000,00
1730,1730,0,1,f86e,00,00,00,0,00,00,00,00,0,0,0,0,0,0,0,0000,0000,0000,00
1731,1731,0,1,f86f,00,00,00,0,00,00,00,00,0,0,0,0,0,0,0,0000,0000,0000,00
1732,1732,0,1,f870,00,00,00,0,00,00,00,00,0,0,0,0,0,0,0,0000,0000,0000,00
1733,1733,0,1,f871,00,00,00,0,00,00,00,00,0,0,0,0,0,0,0,0000,0000,0000,00
1734,1734,0,1,f872,00,00,00,0,00,00,00,00,0,0,0,0,0,0,0,0000,0000,0000,00
1735,1735,0,1,f873,00,00,00,0,00,00,00,00,0,0,0,0,0,0,0,0000,0000,0000,00
1736,1736,0,1,f874,00,00,00,0,00,00,00,00,0,0,0,0,0,0,0,0000,0000,0000,00
1737,1737,0,1,f875,00,00,00,0,00,00,00,00,0,0,0,0,0,0,0,0000,0000,0000,00
1738,1738,0,1,f876,00,00,00,0,00,00,00,00,0,0,0,0,0,0,0,0000,0000,0000,00
1739,1739,0,1,f877,00,00,00,0,00,00,00,00,0,0,0,0,0,0,0,0000,0000,0000,00
1740,1740,0,1,f878,00,00,00,0,00,00,00,00,0,0,0,0,0,0,0,0000,0000,0000,00
1741,1741,0,1,f879,00,00,00,0,00,00,00,00,0,0,0,0,0,0,0,0000,0000,0000,00
1742,1742,0,1,f87a,00,00,00,0,00,00,00,00,0,0,0,0,0,0,0,0000,0000,0000,00
1743,1743,0,1,f87b,00,00,00,0,00,00,00,00,0,0,0,0,0,0,0,0000,0000,0000,00
1744,1744,0,1,f87c,00,00,00,0,00,00,00,00,0,0,0,0,0,0,0,0000,0000,0000,00
1745,1745,0,1,f87d,00,00,00,0,00,00,00,00,0,0,0,0,0,0,0,0000,0000,0000,00
1746,1746,0,1,f87e,00,00,00,0,00,00,00,00,0,0,0,0,0,0,0,0000,0000,0000,00
1747,1747,0,1,f87f,00,00,00,0,00,00,00,00,0,0,0,0,0,0,0,0000,0000,0000,00
1748,1748,0,1,f880,00,00,00,0,00,00,00,00,0,0,0,0,0,0,0,0000,0000,0000,00
1749,1749,0,1,f881,00,00,00,0,00,00,00,00,0,0,0,0,0,0,0,0000,0000,0000,00
1750,1750,0,1,f882,00,00,00,0,00,00,00,00,0,0,0,0,0,0,0,0000,0000,0000,00
1751,1751,0,1,f883,00,00,00,0,00,00,00,00,0,0,0,0,0,0,0,0000,0000,0000,00
1752,1752,0,1,f884,00,00,00,0,00,00,00,00,0,0,0,0,0,0,0,0000,0000,0000,00
1753,1753,0,1,f885,00,00,00,0,00,00,00,00,0,0,0,0,0,0,0,0000,0000,0000,00
1754,1754,0,1,f886,00,00,00,0,00,00,00,00,0,0,0,0,0,0,0,0000,0000,0000,00
1755,1755,0,1,f887,00,00,00,0,00,00,00,00,0,0,0,0,0,0,0,0000,0000,0000,00
1756,1756,0,1,f888,00,00,00,0,00,00,00,00,0,0,0,0,0,0,0,0000,0000,0000,00
1757,1757,0,1,f889,00,00,00,0,00,00,00,00,0,0,0,0,0,0,0,0000,0000,0000,00
1758,1758,0,1,f88a,00,00,00,0,00,00,00,00,0,0,0,0,0,0,0,0000,0000,0000,00
1759,1759,0,1,f88b,00,00,00,0,00,00,00,00,0,0,0,0,0,0,0,0000,0000,0000,00
1760,1760,0,1,f88c,00,00,00,0,00,00,00,00,0,0,0,0,0,0,0,0000,0000,0000,00
1761,1761,0,1,f88d,00,00,00,0,00,00,00,00,0,0,0,0,0,0,0,0000,0000,0000,00
1762,1762,0,1,f88e,00,00,00,0,00,00,00,00,0,0,0,0,0,0,0,0000,0000,0000,00
1763,1763,0,1,f88f,00,00,00,0,00,00,00,00,0,0,0,0,0,0,0,0000,0000,0000,00
1764,1764,0,1,f890,00,00,00,0,00,00,00,00,0,0,0,0,0,0,0,0000,0000,0000,00
1765,1765,0,1,f891,00,00,00,0,00,00,00,00,0,0,0,0,0,0,0,0000,0000,0000,00
1766,1766,0,1,f892,00,00,00,0,00,00,00,00,0,0,0,0,0,0,0,0000,0000,0000,00
1767,1767,0,1,f893,00,00,00,0,00,00,00,00,0,0,0,0,0,0,0,0000,0000,0000,00
1768,1768,0,1,f894,00,00,00,0,00,00,00,00,0,0,0,0,0,0,0,0000,0000,0000,00
1769,1769,0,1,f895,00,00,00,0,00,00,00,00,0,0,0,0,0,0,0,0000,0000,0000,00
1770,1770,0,1,f896,00,00,00,0,00,00,00,00,0,0,0,0,0,0,0,0000,0000,0000,00
1771,1771,0,1,f897,00,00,00,0,00,00,00,00,0,0,0,0,0,0,0,0000,0000,0000,00
1772,1772,0,1,f898,00,00,00,0,00,00,00,00,0,0,0,0,0,0,0,0000,0000,0000,00
1773,1773,0,1,f899,00,00,00,0,00,00,00,00,0,0,0,0,0,0,0,0000,0000,0000,00
1774,1774,0,1,f89a,00,00,00,0,00,00,00,00,0,0,0,0,0,0,0,0000,0000,0000,00
1775,1775,0,1,f89b,00,00,00,0,00,00,00,00,0,0,0,0,0,0,0,0000,0000,0000,00
1776,1776,0,1,f89c,00,00,00,0,00,00,00,00,0,0,0,0,0,0,0,0000,0000,0000,00
1777,1777,0,1,f89d,00,00,00,0,00,00,00,00,0,0,0,0,0,0,0,0000,0000,0000,00
1778,1778,0,1,f89e,00,00,00,0,00,00,00,00,0,0,0,0,0,0,0,0000,0000,0000,00
1779,1779,0,1,f89f,00,00,00,0,00,00,00,00,0,0,0,0,0,0,0,0000,0000,0000,00
1780,1780,0,1,f8a0,00,00,00,0,00,00,00,00,0,0,0,0,0,0,0,0000,0000,0000,00
1781,1781,0,1,f8a1,00,00,00,0,00,00,00,00,0,0,0,0,0,0,0,0000,0000,0000,00
1782,1782,0,1,f8a2,00,00,00,0,00,00,00,00,0,0,0,0,0,0,0,0000,0000,0000,00
1783,1783,0,1,f8a3,00,00,00,0,00,00,00,00,0,0,0,0,0,0,0,0000,0000,0000,00
1784,1784,0,1,f8a4,00,00,00,0,00,00,00,00,0,0,0,0,0,0,0,0000,0000,0000,00
1785,1785,0,1,f8a5,00,00,00,0,00,00,00,00,0,0,0,0,0,0,0,0000,0000,0000,00
1786,1786,0,1,f8a6,00,00,00,0,00,00,00,00,0,0,0,0,0,0,0,0000,0000,0000,00
1787,1787,0,1,f8a7,00,00,00,0,00,00,00,00,0,0,0,0,0,0,0,0000,0000,0000,00
1788,1788,0,1,f8a8,00,00,00,0,00,00,00,00,0,0,0,0,0,0,0,0000,0000,0000,00
1789,1789,0,1,f8a9,00,00,00,0,00,00,00,00,0,0,0,0,0,0,0,0000,0000,0000,00
1790,1790,0,1,f8aa,00,00,00,0,00,00,00,00,0,0,0,0,0,0,0,0000,0000,0000,00
1791,1791,0,1,f8ab,00,00,00,0,00,00,00,00,0,0,0,0,0,0,0,0000,0000,0000,00
1792,1792,0,1,f8ac,00,00,00,0,00,00,00,00,0,0,0,0,0,0,0,0000,0000,0000,00
1793,1793,0,1,f8ad,00,00,00,0,00,00,00,00,0,0,0,0,0,0,0,0000,0000,0000,00
1794,1794,0,1,f8ae,00,00,00,0,00,00,00,00,0,0,0,0,0,0,0,0000,0000,0000,00
1795,1795,0,1,f8af,00,00,00,0,00,00,00,00,0,0,0,0,0,0,0,0000,0000,0000,00
1796,1796,0,1,f8b0,00,00,00,0,00,00,00,00,0,0,0,0,0,0,0,0000,0000,0000,00
1797,1797,0,1,f8b1,00,00,00,0,00,00,00,00,0,0,0,0,0,0,0,0000,0000,0000,00
1798,1798,0,1,f8b2,00,00,00,0,00,00,00,00,0,0,0,0,0,0,0,0000,0000,0000,00
1799,1799,0,1,f8b3,00,00,00,0,00,00,00,00,0,0,0,0,0,0,0,0000,0000,0000,00
1800,1800,0,1,f8b4,00,00,00,0,00,00,00,00,0,0,0,0,0,0,0,0000,0000,0000,00
1801,1801,0,1,f8b5,00,00,00,0,00,00,00,00,0,0,0,0,0,0,0,0000,0000,0000,00
1802,1802,0,1,f8b6,00,00,00,0,00,00,00,00,0,0,0,0,0,0,0,0000,0000,0000,00
1803,1803,0,1,f8b7,00,00,00,0,00,00,00,00,0,0,0,0,0,0,0,0000,0000,0000,00
1804,1804,0,1,f8b8,00,00,00,0,00,00,00,00,0,0,0,0,0,0,0,0000,0000,0000,00
1805,1805,0,1,f8b9,00,00,00,0,00,00,00,00,0,0,0,0,0,0,0,0000,0000,0000,00
1806,1806,0,1,f8ba,00,00,00,0,00,00,00,00,0,0,0,0,0,0,0,0000,0000,0000,00
1807,1807,0,1,f8bb,00,00,00,0,00,00,00,00,0,0,0,0,0,0,0,0000,0000,0000,00
1808,1808,0,1,f8bc,00,00,00,0,00,00,00,00,0,0,0,0,0,0,0,0000,0000,0000,00
1809,1809,0,1,f8bd,00,00,00,0,00,00,00,00,0,0,0,0,0,0,0,0000,0000,0000,00
1810,1810,0,1,f8be,00,00,00,0,00,00,00,00,0,0,0,0,0,0,0,0000,0000,0000,00
1811,1811,0,1,f8bf,00,00,00,0,00,00,00,00,0,0,0,0,0,0,0,0000,0000,0000,00
1812,1812,0,1,f8c0,00,00,00,0,00,00,00,00,0,0,0,0,0,0,0,0000,0000,0000,00
1813,1813,0,1,f8c1,00,00,00,0,00,00,00,00,0,0,0,0,0,0,0,0000,0000,0000,00
1814,1814,0,1,f8c2,00,00,00,0,00,00,00,00,0,0,0,0,0,0,0,0000,0000,0000,00
1815,1815,0,1,f8c3,00,00,00,0,00,00,00,00,0,0,0,0,0,0,0,0000,0000,0000,00
1816,1816,0,1,f8c4,00,00,00,0,00,00,00,00,0,0,0,0,0,0,0,0000,0000,0000,00
1817,1817,0,1,f8c5,00,00,00,0,00,00,00,00,0,0,0,0,0,0,0,0000,0000,0000,00
1818,1818,0,1,f8c6,00,00,00,0,00,00,00,00,0,0,0,0,0,0,0,0000,0000,0000,00
1819,1819,0,1,f8c7,00,00,00,0,00,00,00,00,0,0,0,0,0,0,0,0000,0000,0000,00
1820,1820,0,1,f8c8,00,00,00,0,00,00,00,00,0,0,0,0,0,0,0,0000,0000,0000,00
1821,1821,0,1,f8c9,00,00,00,0,00,00,00,00,0,0,0,0,0,0,0,0000,0000,0000,00
1822,1822,0,1,f8ca,00,00,00,0,00,00,00,00,0,0,0,0,0,0,0,0000,0000,0000,00
1823,1823,0,1,f8cb,00,00,00,0,00,00,00,00,0,0,0,0,0,0,0,0000,0000,0000,00
1824,1824,0,1,f8cc,00,00,00,0,00,00,00,00,0,0,0,0,0,0,0,0000,0000,0000,00
1825,1825,0,1,f8cd,00,00,00,0,00,00,00,00,0,0,0,0,0,0,0,0000,0000,0000,00
1826,1826,0,1,f8ce,00,00,00,0,00,00,00,00,0,0,0,0,0,0,0,0000,0000,0000,00
1827,1827,0,1,f8cf,00,00,00,0,00,00,00,00,0,0,0,0,0,0,0,0000,0000,0000,00
1828,1828,0,1,f8d0,00,00,00,0,00,00,00,00,0,0,0,0,0,0,0,0000,0000,0000,00
1829,1829,0,1,f8d1,00,00,00,0,00,00,00,00,0,0,0,0,0,0,0,0000,0000,0000,00
1830,1830,0,1,f8d2,00,00,00,0,00,00,00,00,0,0,0,0,0,0,0,0000,0000,0000,00
1831,1831,0,1,f8d3,00,00,00,0,00,00,00,00,0,0,0,0,0,0,0,0000,0000,0000,00
1832,1832,0,1,f8d4,00,00,00,0,00,00,00,00,0,0,0,0,0,0,0,0000,0000,0000,00
1833,1833,0,1,f8d5,00,00,00,0,00,00,00,00,0,0,0,0,0,0,0,0000,0000,0000,00
1834,1834,0,1,f8d6,00,00,00,0,00,00,00,00,0,0,0,0,0,0,0,0000,0000,0000,00
1835,1835,0,1,f8d7,00,00,00,0,00,00,00,00,0,0,0,0,0,0,0,0000,0000,0000,00
1836,1836,0,1,f8d8,00,00,00,0,00,00,00,00,0,0,0,0,0,0,0,0000,0000,0000,00
1837,1837,0,1,f8d9,00,00,00,0,00,00,00,00,0,0,0,0,0,0,0,0000,0000,0000,00
1838,1838,0,1,f8da,00,00,00,0,00,00,00,00,0,0,0,0,0,0,0,0000,0000,0000,00
1839,1839,0,1,f8db,00,00,00,0,00,00,00,00,0,0,0,0,0,0,0,0000,0000,0000,00
1840,1840,0,1,f8dc,00,00,00,0,00,00,00,00,0,0,0,0,0,0,0,0000,0000,0000,00
1841,1841,0,1,f8dd,00,00,00,0,00,00,00,00,0,0,0,0,0,0,0,0000,0000,0000,00
1842,1842,0,1,f8de,00,00,00,0,00,00,00,00,0,0,0,0,0,0,0,0000,0000,0000,00
1843,1843,0,1,f8df,00,00,00,0,00,00,00,00,0,0,0,0,0,0,0,0000,0000,0000,00
1844,1844,0,1,f8e0,00,00,00,0,00,00,00,00,0,0,0,0,0,0,0,0000,0000,0000,00
1845,1845,0,1,f8e1,00,00,00,0,00,00,00,00,0,0,0,0,0,0,0,0000,0000,0000,00
1846,1846,0,1,f8e2,00,00,00,0,00,00,00,00,0,0,0,0,0,0,0,0000,0000,0000,00
1847,1847,0,1,f8e3,00,00,00,0,00,00,00,00,0,0,0,0,0,0,0,0000,0000,0000,00
1848,1848,0,1,f8e4,00,00,00,0,00,00,00,00,0,0,0,0,0,0,0,0000,0000,0000,00
1849,1849,0,1,f8e5,00,00,00,0,00,00,00,00,0,0,0,0,0,0,0,0000,0000,0000,00
1850,1850,0,1,f8e6,00,00,00,0,00,00,00,00,0,0,0,0,0,0,0,0000,0000,0000,00
1851,1851,0,1,f8e7,00,00,00,0,00,00,00,00,0,0,0,0,0,0,0,0000,0000,0000,00
1852,1852,0,1,f8e8,00,00,00,0,00,00,00,00,0,0,0,0,0,0,0,0000,0000,0000,00
1853,1853,0,1,f8e9,00,00,00,0,00,00,00,00,0,0,0,0,0,0,0,0000,0000,0000,00
1854,1854,0,1,f8ea,00,00,00,0,00,00,00,00,0,0,0,0,0,0,0,0000,0000,0000,00
1855,1855,0,1,f8eb,00,00,00,0,00,00,00,00,0,0,0,0,0,0,0,0000,0000,0000,00
1856,1856,0,1,f8ec,00,00,00,0,00,00,00,00,0,0,0,0,0,0,0,0000,0000,0000,00
1857,1857,0,1,f8ed,00,00,00,0,00,00,00,00,0,0,0,0,0,0,0,0000,0000,0000,00
1858,1858,0,1,f8ee,00,00,00,0,00,00,00,00,0,0,0,0,0,0,0,0000,0000,0000,00
1859,1859,0,1,f8ef,00,00,00,0,00,00,00,00,0,0,0,0,0,0,0,0000,0000,0000,00
1860,1860,0,1,f8f0,00,00,00,0,00,00,00,00,0,0,0,0,0,0,0,0000,0000,0000,00
1861,1861,0,1,f8f1,00,00,00,0,00,00,00,00,0,0,0,0,0,0,0,0000,0000,0000,00
1862,1862,0,1,f8f2,00,00,00,0,00,00,00,00,0,0,0,0,0,0,0,0000,0000,0000,00
1863,1863,0,1,f8f3,00,00,00,0,00,00,00,00,0,0,0,0,0,0,0,0000,0000,0000,00
1864,1864,0,1,f8f4,00,00,00,0,00,00,00,00,0,0,0,0,0,0,0,0000,0000,0000,00
1865,1865,0,1,f8f5,00,00,00,0,00,00,00,00,0,0,0,0,0,0,0,0000,0000,0000,00
1866,1866,0,1,f8f6,00,00,00,0,00,00,00,00,0,0,0,0,0,0,0,0000,0000,0000,00
1867,1867,0,1,f8f7,00,00,00,0,00,00,00,00,0,0,0,0,0,0,0,0000,0000,0000,00
1868,1868,0,1,f8f8,00,00,00,0,00,00,00,00,0,0,0,0,0,0,0,0000,0000,0000,00
1869,1869,0,1,f8f9,00,00,00,0,00,00,00,00,0,0,0,0,0,0,0,0000,0000,0000,00
1870,1870,0,1,f8fa,00,00,00,0,00,00,00,00,0,0,0,0,0,0,0,0000,0000,0000,00
1871,1871,0,1,f8fb,00,00,00,0,00,00,00,00,0,0,0,0,0,0,0,0000,0000,0000,00
1872,1872,0,1,f8fc,00,00,00,0,00,00,00,00,0,0,0,0,0,0,0,0000,0000,0000,00
1873,1873,0,1,f8fd,00,00,00,0,00,00,00,00,0,0,0,0,0,0,0,0000,0000,0000,00
1874,1874,0,1,f8fe,00,00,00,0,00,00,00,00,0,0,0,0,0,0,0,0000,0000,0000,00
1875,1875,0,1,f8ff,00,00,00,0,00,00,00,00,0,0,0,0,0,0,0,0000,0000,0000,00
1876,1876,0,1,f900,00,00,00,0,00,00,00,00,0,0,0,0,0,0,0,0000,0000,0000,00
1877,1877,0,1,f901,00,00,00,0,00,00,00,00,0,0,0,0,0,0,0,0000,0000,0000,00
1878,1878,0,1,f902,00,00,00,0,00,00,00,00,0,0,0,0,0,0,0,0000,0000,0000,00
1879,1879,0,1,f903,00,00,00,0,00,00,00,00,0,0,0,0,0,0,0,0000,0000,0000,00
1880,1880,0,1,f904,00,00,00,0,00,00,00,00,0,0,0,0,0,0,0,0000,0000,0000,00
1881,1881,0,1,f905,00,00,00,0,00,00,00,00,0,0,0,0,0,0,0,0000,0000,0000,00
1882,1882,0,1,f906,00,00,00,0,00,00,00,00,0,0,0,0,0,0,0,0000,0000,0000,00
1883,1883,0,1,f907,00,00,00,0,00,00,00,00,0,0,0,0,0,0,0,0000,0000,0000,00
1884,1884,0,1,f908,00,00,00,0,00,00,00,00,0,0,0,0,0,0,0,0000,0000,0000,00
1885,1885,0,1,f909,00,00,00,0,00,00,00,00,0,0,0,0,0,0,0,0000,0000,0000,00
1886,1886,0,1,f90a,00,00,00,0,00,00,00,00,0,0,0,0,0,0,0,0000,0000,0000,00
1887,1887,0,1,f90b,00,00,00,0,00,00,00,00,0,0,0,0,0,0,0,0000,0000,0000,00
1888,1888,0,1,f90c,00,00,00,0,00,00,00,00,0,0,0,0,0,0,0,0000,0000,0000,00
1889,1889,0,1,f90d,00,00,00,0,00,00,00,00,0,0,0,0,0,0,0,0000,0000,0000,00
1890,1890,0,1,f90e,00,00,00,0,00,00,00,00,0,0,0,0,0,0,0,0000,0000,0000,00
1891,1891,0,1,f90f,00,00,00,0,00,00,00,00,0,0,0,0,0,0,0,0000,0000,0000,00
1892,1892,0,1,f910,00,00,00,0,00,00,00,00,0,0,0,0,0,0,0,0000,0000,0000,00
1893,1893,0,1,f911,00,00,00,0,00,00,00,00,0,0,0,0,0,0,0,0000,0000,0000,00
1894,1894,0,1,f912,00,00,00,0,00,00,00,00,0,0,0,0,0,0,0,0000,0000,0000,00
1895,1895,0,1,f913,00,00,00,0,00,00,00,00,0,0,0,0,0,0,0,0000,0000,0000,00
1896,1896,0,1,f914,00,00,00,0,00,00,00,00,0,0,0,0,0,0,0,0000,0000,0000,00
1897,1897,0,1,f915,00,00,00,0,00,00,00,00,0,0,0,0,0,0,0,0000,0000,0000,00
1898,1898,0,1,f916,00,00,00,0,00,00,00,00,0,0,0,0,0,0,0,0000,0000,0000,00
1899,1899,0,1,f917,00,00,00,0,00,00,00,00,0,0,0,0,0,0,0,0000,0000,0000,00
1900,1900,0,1,f918,00,00,00,0,00,00,00,00,0,0,0,0,0,0,0,0000,0000,0000,00
1901,1901,0,1,f919,00,00,00,0,00,00,00,00,0,0,0,0,0,0,0,0000,0000,0000,00
1902,1902,0,1,f91a,00,00,00,0,00,00,00,00,0,0,0,0,0,0,0,0000,0000,0000,00
1903,1903,0,1,f91b,00,00,00,0,00,00,00,00,0,0,0,0,0,0,0,0000,0000,0000,00
1904,1904,0,1,f91c,00,00,00,0,00,00,00,00,0,0,0,0,0,0,0,0000,0000,0000,00
1905,1905,0,1,f91d,00,00,00,0,00,00,00,00,0,0,0,0,0,0,0,0000,0000,0000,00
1906,1906,0,1,f91e,00,00,00,0,00,00,00,00,0,0,0,0,0,0,0,0000,0000,0000,00
1907,1907,0,1,f91f,00,00,00,0,00,00,00,00,0,0,0,0,0,0,0,0000,0000,0000,00
1908,1908,0,1,f920,00,00,00,0,00,00,00,00,0,0,0,0,0,0,0,0000,0000,0000,00
1909,1909,0,1,f921,00,00,00,0,00,00,00,00,0,0,0,0,0,0,0,0000,0000,0000,00
1910,1910,0,1,f922,00,00,00,0,00,00,00,00,0,0,0,0,0,0,0,0000,0000,0000,00
1911,1911,0,1,f923,00,00,00,0,00,00,00,00,0,0,0,0,0,0,0,0000,0000,0000,00
1912,1912,0,1,f924,00,00,00,0,00,00,00,00,0,0,0,0,0,0,0,0000,0000,0000,00
1913,1913,0,1,f925,00,00,00,0,00,00,00,00,0,0,0,0,0,0,0,0000,0000,0000,00
1914,1914,0,1,f926,00,00,00,0,00,00,00,00,0,0,0,0,0,0,0,0000,0000,0000,00
1915,1915,0,1,f927,00,00,00,0,00,00,00,00,0,0,0,0,0,0,0,0000,0000,0000,00
1916,1916,0,1,f928,00,00,00,0,00,00,00,00,0,0,0,0,0,0,0,0000,0000,0000,00
1917,1917,0,1,f929,00,00,00,0,00,00,00,00,0,0,0,0,0,0,0,0000,0000,0000,00
1918,1918,0,1,f92a,00,00,00,0,00,00,00,00,0,0,0,0,0,0,0,0000,0000,0000,00
1919,1919,0,1,f92b,00,00,00,0,00,00,00,00,0,0,0,0,0,0,0,0000,0000,0000,00
1920,1920,0,1,f92c,00,00,00,0,00,00,00,00,0,0,0,0,0,0,0,0000,0000,0000,00
1921,1921,0,1,f92d,00,00,00,0,00,00,00,00,0,0,0,0,0,0,0,0000,0000,0000,00
1922,1922,0,1,f92e,00,00,00,0,00,00,00,00,0,0,0,0,0,0,0,0000,0000,0000,00
1923,1923,0,1,f92f,00,00,00,0,00,00,00,00,0,0,0,0,0,0,0,0000,0000,0000,00
1924,1924,0,1,f930,00,00,00,0,00,00,00,00,0,0,0,0,0,0,0,0000,0000,0000,00
1925,1925,0,1,f931,00,00,00,0,00,00,00,00,0,0,0,0,0,0,0,0000,0000,0000,00
1926,1926,0,1,f932,00,00,00,0,00,00,00,00,0,0,0,0,0,0,0,0000,0000,0000,00
1927,1927,0,1,f933,00,00,00,0,00,00,00,00,0,0,0,0,0,0,0,0000,0000,0000,00
1928,1928,0,1,f934,00,00,00,0,00,00,00,00,0,0,0,0,0,0,0,0000,0000,0000,00
1929,1929,0,1,f935,00,00,00,0,00,00,00,00,0,0,0,0,0,0,0,0000,0000,0000,00
1930,1930,0,1,f936,00,00,00,0,00,00,00,00,0,0,0,0,0,0,0,0000,0000,0000,00
1931,1931,0,1,f937,00,00,00,0,00,00,00,00,0,0,0,0,0,0,0,0000,0000,0000,00
1932,1932,0,1,f938,00,00,00,0,00,00,00,00,0,0,0,0,0,0,0,0000,0000,0000,00
1933,1933,0,1,f939,00,00,00,0,00,00,00,00,0,0,0,0,0,0,0,0000,0000,0000,00
1934,1934,0,1,f93a,00,00,00,0,00,00,00,00,0,0,0,0,0,0,0,0000,0000,0000,00
1935,1935,0,1,f93b,00,00,00,0,00,00,00,00,0,0,0,0,0,0,0,0000,0000,0000,00
1936,1936,0,1,f93c,00,00,00,0,00,00,00,00,0,0,0,0,0,0,0,0000,0000,0000,00
1937,1937,0,1,f93d,00,00,00,0,00,00,00,00,0,0,0,0,0,0,0,0000,0000,0000,00
1938,1938,0,1,f93e,00,00,00,0,00,00,00,00,0,0,0,0,0,0,0,0000,0000,0000,00
1939,1939,0,1,f93f,00,00,00,0,00,00,00,00,0,0,0,0,0,0,0,0000,0000,0000,00
1940,1940,0,1,f940,00,00,00,0,00,00,00,00,0,0,0,0,0,0,0,0000,0000,0000,00
1941,1941,0,1,f941,00,00,00,0,00,00,00,00,0,0,0,0,0,0,0,0000,0000,0000,00
1942,1942,0,1,f942,00,00,00,0,00,00,00,00,0,0,0,0,0,0,0,0000,0000,0000,00
1943,1943,0,1,f943,00,00,00,0,00,00,00,00,0,0,0,0,0,0,0,0000,0000,0000,00
1944,1944,0,1,f944,00,00,00,0,00,00,00,00,0,0,0,0,0,0,0,0000,0000,0000,00
1945,1945,0,1,f945,00,00,00,0,00,00,00,00,0,0,0,0,0,0,0,0000,0000,0000,00
1946,1946,0,1,f946,00,00,00,0,00,00,00,00,0,0,0,0,0,0,0,0000,0000,0000,00
1947,1947,0,1,f947,00,00,00,0,00,00,00,00,0,0,0,0,0,0,0,0000,0000,0000,00
1948,1948,0,1,f948,00,00,00,0,00,00,00,00,0,0,0,0,0,0,0,0000,0000,0000,00
1949,1949,0,1,f949,00,00,00,0,00,00,00,00,0,0,0,0,0,0,0,0000,0000,0000,00
1950,1950,0,1,f94a,00,00,00,0,00,00,00,00,0,0,0,0,0,0,0,0000,0000,0000,00
1951,1951,0,1,f94b,00,00,00,0,00,00,00,00,0,0,0,0,0,0,0,0000,0000,0000,00
1952,1952,0,1,f94c,00,00,00,0,00,00,00,00,0,0,0,0,0,0,0,0000,0000,0000,00
1953,1953,0,1,f94d,00,00,00,0,00,00,00,00,0,0,0,0,0,0,0,0000,0000,0000,00
1954,1954,0,1,f94e,00,00,00,0,00,00,00,00,0,0,0,0,0,0,0,0000,0000,0000,00
1955,1955,0,1,f94f,00,00,00,0,00,00,00,00,0,0,0,0,0,0,0,0000,0000,0000,00
1956,1956,0,1,f950,00,00,00,0,00,00,00,00,0,0,0,0,0,0,0,0000,0000,0000,00
1957,1957,0,1,f951,00,00,00,0,00,00,00,00,0,0,0,0,0,0,0,0000,0000,0000,00
1958,1958,0,1,f952,00,00,00,0,00,00,00,00,0,0,0,0,0,0,0,0000,0000,0000,00
1959,1959,0,1,f953,00,00,00,0,00,00,00,00,0,0,0,0,0,0,0,0000,0000,0000,00
1960,1960,0,1,f954,00,00,00,0,00,00,00,00,0,0,0,0,0,0,0,0000,0000,0000,00
1961,1961,0,1,f955,00,00,00,0,00,00,00,00,0,0,0,0,0,0,0,0000,0000,0000,00
1962,1962,0,1,f956,00,00,00,0,00,00,00,00,0,0,0,0,0,0,0,0000,0000,0000,00
1963,1963,0,1,f957,00,00,00,0,00,00,00,00,0,0,0,0,0,0,0,0000,0000,0000,00
1964,1964,0,1,f958,00,00,00,0,00,00,00,00,0,0,0,0,0,0,0,0000,0000,0000,00
1965,1965,0,1,f959,00,00,00,0,00,00,00,00,0,0,0,0,0,0,0,0000,0000,0000,00
1966,1966,0,1,f95a,00,00,00,0,00,00,00,00,0,0,0,0,0,0,0,0000,0000,0000,00
1967,1967,0,1,f95b,00,00,00,0,00,00,00,00,0,0,0,0,0,0,0,0000,0000,0000,00
1968,1968,0,1,f95c,00,00,00,0,00,00,00,00,0,0,0,0,0,0,0,0000,0000,0000,00
1969,1969,0,1,f95d,00,00,00,0,00,00,00,00,0,0,0,0,0,0,0,0000,0000,0000,00
1970,1970,0,1,f95e,00,00,00,0,00,00,00,00,0,0,0,0,0,0,0,0000,0000,0000,00
1971,1971,0,1,f95f,00,00,00,0,00,00,00,00,0,0,0,0,0,0,0,0000,0000,0000,00
1972,1972,0,1,f960,00,00,00,0,00,00,00,00,0,0,0,0,0,0,0,0000,0000,0000,00
1973,1973,0,1,f961,00,00,00,0,00,00,00,00,0,0,0,0,0,0,0,0000,0000,0000,00
1974,1974,0,1,f962,00,00,00,0,00,00,00,00,0,0,0,0,0,0,0,0000,0000,0000,00
1975,1975,0,1,f963,00,00,00,0,00,00,00,00,0,0,0,0,0,0,0,0000,0000,0000,00
1976,1976,0,1,f964,00,00,00,0,00,00,00,00,0,0,0,0,0,0,0,0000,0000,0000,00
1977,1977,0,1,f965,00,00,00,0,00,00,00,00,0,0,0,0,0,0,0,0000,0000,0000,00
1978,1978,0,1,f966,00,00,00,0,00,00,00,00,0,0,0,0,0,0,0,0000,0000,0000,00
1979,1979,0,1,f967,00,00,00,0,00,00,00,00,0,0,0,0,0,0,0,0000,0000,0000,00
1980,1980,0,1,f968,00,00,00,0,00,00,00,00,0,0,0,0,0,0,0,0000,0000,0000,00
1981,1981,0,1,f969,00,00,00,0,00,00,00,00,0,0,0,0,0,0,0,0000,0000,0000,00
1982,1982,0,1,f96a,00,00,00,0,00,00,00,00,0,0,0,0,0,0,0,0000,0000,0000,00
1983,1983,0,1,f96b,00,00,00,0,00,00,00,00,0,0,0,0,0,0,0,0000,0000,0000,00
1984,1984,0,1,f96c,00,00,00,0,00,00,00,00,0,0,0,0,0,0,0,0000,0000,0000,00
1985,1985,0,1,f96d,00,00,00,0,00,00,00,00,0,0,0,0,0,0,0,0000,0000,0000,00
1986,1986,0,1,f96e,00,00,00,0,00,00,00,00,0,0,0,0,0,0,0,0000,0000,0000,00
1987,1987,0,1,f96f,00,00,00,0,00,00,00,00,0,0,0,0,0,0,0,0000,0000,0000,00
1988,1988,0,1,f970,00,00,00,0,00,00,00,00,0,0,0,0,0,0,0,0000,0000,0000,00
1989,1989,0,1,f971,00,00,00,0,00,00,00,00,0,0,0,0,0,0,0,0000,0000,0000,00
1990,1990,0,1,f972,00,00,00,0,00,00,00,00,0,0,0,0,0,0,0,0000,0000,0000,00
1991,1991,0,1,f973,00,00,00,0,00,00,00,00,0,0,0,0,0,0,0,0000,0000,0000,00
1992,1992,0,1,f974,00,00,00,0,00,00,00,00,0,0,0,0,0,0,0,0000,0000,0000,00
1993,1993,0,1,f975,00,00,00,0,00,00,00,00,0,0,0,0,0,0,0,0000,0000,0000,00
1994,1994,0,1,f976,00,00,00,0,00,00,00,00,0,0,0,0,0,0,0,0000,0000,0000,00
1995,1995,0,1,f977,00,00,00,0,00,00,00,00,0,0,0,0,0,0,0,0000,0000,0000,00
1996,1996,0,1,f978,00,00,00,0,00,00,00,00,0,0,0,0,0,0,0,0000,0000,0000,00
1997,1997,0,1,f979,00,00,00,0,00,00,00,00,0,0,0,0,0,0,0,0000,0000,0000,00
1998,1998,0,1,f97a,00,00,00,0,00,00,00,00,0,0,0,0,0,0,0,0000,0000,0000,00
1999,1999,0,1,f97b,00,00,00,0,00,00,00,00,0,0,0,0,0,0,0,0000,0000,0000,00
2000,2000,0,1,f97c,00,00,00,0,00,00,00,00,0,0,0,0,0,0,0,0000,0000,0000,00
2001,2001,0,1,f97d,00,00,00,0,00,00,00,00,0,0,0,0,0,0,0,0000,0000,0000,00
2002,2002,0,1,f97e,00,00,00,0,00,00,00,00,0,0,0,0,0,0,0,0000,0000,0000,00
2003,2003,0,1,f97f,00,00,00,0,00,00,00,00,0,0,0,0,0,0,0,0000,0000,0000,00
2004,2004,0,1,f980,00,00,00,0,00,00,00,00,0,0,0,0,0,0,0,0000,0000,0000,00
2005,2005,0,1,f981,00,00,00,0,00,00,00,00,0,0,0,0,0,0,0,0000,0000,0000,00
2006,2006,0,1,f982,00,00,00,0,00,00,00,00,0,0,0,0,0,0,0,0000,0000,0000,00
2007,2007,0,1,f983,00,00,00,0,00,00,00,00,0,0,0,0,0,0,0,0000,0000,0000,00
2008,2008,0,1,f984,00,00,00,0,00,00,00,00,0,0,0,0,0,0,0,0000,0000,0000,00
2009,2009,0,1,f985,00,00,00,0,00,00,00,00,0,0,0,0,0,0,0,0000,0000,0000,00
2010,2010,0,1,f986,00,00,00,0,00,00,00,00,0,0,0,0,0,0,0,0000,0000,0000,00
2011,2011,0,1,f987,00,00,00,0,00,00,00,00,0,0,0,0,0,0,0,0000,0000,0000,00
2012,2012,0,1,f988,00,00,00,0,00,00,00,00,0,0,0,0,0,0,0,0000,0000,0000,00
2013,2013,0,1,f989,00,00,00,0,00,00,00,00,0,0,0,0,0,0,0,0000,0000,0000,00
2014,2014,0,1,f98a,00,00,00,0,00,00,00,00,0,0,0,0,0,0,0,0000,0000,0000,00
2015,2015,0,1,f98b,00,00,00,0,00,00,00,00,0,0,0,0,0,0,0,0000,0000,0000,00
2016,2016,0,1,f98c,00,00,00,0,00,00,00,00,0,0,0,0,0,0,0,0000,0000,0000,00
2017,2017,0,1,f98d,00,00,00,0,00,00,00,00,0,0,0,0,0,0,0,0000,0000,0000,00
2018,2018,0,1,f98e,00,00,00,0,00,00,00,00,0,0,0,0,0,0,0,0000,0000,0000,00
2019,2019,0,1,f98f,00,00,00,0,00,00,00,00,0,0,0,0,0,0,0,0000,0000,0000,00
2020,2020,0,1,f990,00,00,00,0,00,00,00,00,0,0,0,0,0,0,0,0000,0000,0000,00
2021,2021,0,1,f991,00,00,00,0,00,00,00,00,0,0,0,0,0,0,0,0000,0000,0000,00
2022,2022,0,1,f992,00,00,00,0,00,00,00,00,0,0,0,0,0,0,0,0000,0000,0000,00
2023,2023,0,1,f993,00,00,00,0,00,00,00,00,0,0,0,0,0,0,0,0000,0000,0000,00
2024,2024,0,1,f994,00,00,00,0,00,00,00,00,0,0,0,0,0,0,0,0000,0000,0000,00
2025,2025,0,1,f995,00,00,00,0,00,00,00,00,0,0,0,0,0,0,0,0000,0000,0000,00
2026,2026,0,1,f996,00,00,00,0,00,00,00,00,0,0,0,0,0,0,0,0000,0000,0000,00
2027,2027,0,1,f997,00,00,00,0,00,00,00,00,0,0,0,0,0,0,0,0000,0000,0000,00
2028,2028,0,1,f998,00,00,00,0,00,00,00,00,0,0,0,0,0,0,0,0000,0000,0000,00
2029,2029,0,1,f999,00,00,00,0,00,00,00,00,0,0,0,0,0,0,0,0000,0000,0000,00
2030,2030,0,1,f99a,00,00,00,0,00,00,00,00,0,0,0,0,0,0,0,0000,0000,0000,00
2031,2031,0,1,f99b,00,00,00,0,00,00,00,00,0,0,0,0,0,0,0,0000,0000,0000,00
2032,2032,0,1,f99c,00,00,00,0,00,00,00,00,0,0,0,0,0,0,0,0000,0000,0000,00
2033,2033,0,1,f99d,00,00,00,0,00,00,00,00,0,0,0,0,0,0,0,0000,0000,0000,00
2034,2034,0,1,f99e,00,00,00,0,00,00,00,00,0,0,0,0,0,0,0,0000,0000,0000,00
2035,2035,0,1,f99f,00,00,00,0,00,00,00,00,0,0,0,0,0,0,0,0000,0000,0000,00
2036,2036,0,1,f9a0,00,00,00,0,00,00,00,00,0,0,0,0,0,0,0,0000,0000,0000,00
2037,2037,0,1,f9a1,00,00,00,0,00,00,00,00,0,0,0,0,0,0,0,0000,0000,0000,00
2038,2038,0,1,f9a2,00,00,00,0,00,00,00,00,0,0,0,0,0,0,0,0000,0000,0000,00
2039,2039,0,1,f9a3,00,00,00,0,00,00,00,00,0,0,0,0,0,0,0,0000,0000,0000,00
2040,2040,0,1,f9a4,00,00,00,0,00,00,00,00,0,0,0,0,0,0,0,0000,0000,0000,00
2041,2041,0,1,f9a5,00,00,00,0,00,00,00,00,0,0,0,0,0,0,0,0000,0000,0000,00
2042,2042,0,1,f9a6,00,00,00,0,00,00,00,00,0,0,0,0,0,0,0,0000,0000,0000,00
2043,2043,0,1,f9a7,00,00,00,0,00,00,00,00,0,0,0,0,0,0,0,0000,0000,0000,00
2044,2044,0,1,f9a8,00,00,00,0,00,00,00,00,0,0,0,0,0,0,0,0000,0000,0000,00
2045,2045,0,1,f9a9,00,00,00,0,00,00,00,00,0,0,0,0,0,0,0,0000,0000,0000,00
2046,2046,0,1,f9aa,00,00,00,0,00,00,00,00,0,0,0,0,0,0,0,0000,0000,0000,00
2047,2047,0,1,f9ab,00,00,00,0,00,00,00,00,0,0,0,0,0,0,0,0000,0000,0000,00
